2026-08-31 03:32:18,144 - INFO - 正在处理 2026-08-24 至 2026-08-30 的周报论文数据
2026-08-31 03:32:18,157 - INFO - 读取到 597 篇论文数据
2026-08-31 03:32:18,157 - INFO - 正在处理第 1/597 篇论文
2026-08-31 03:32:18,157 - INFO - 正在评审/翻译第 1 篇论文 (尝试 1/3)
2026-08-31 03:32:18,157 - INFO - 使用模型: DeepSeek Chat
2026-08-31 03:32:19,103 - INFO - HTTP Request: POST https://api.deepseek.com/v1/chat/completions "HTTP/1.1 200 OK"
2026-08-31 03:32:19,793 - INFO - 第 1 篇论文被 DeepSeek 判定为不相关，已自动过滤。
2026-08-31 03:32:19,794 - INFO - 第 1 篇论文已过滤，未写入结果集
2026-08-31 03:32:22,794 - INFO - 正在处理第 2/597 篇论文
2026-08-31 03:32:22,794 - INFO - 正在评审/翻译第 2 篇论文 (尝试 1/3)
2026-08-31 03:32:22,794 - INFO - 使用模型: DeepSeek Chat
2026-08-31 03:32:23,139 - INFO - HTTP Request: POST https://api.deepseek.com/v1/chat/completions "HTTP/1.1 200 OK"
2026-08-31 03:32:23,604 - INFO - 第 2 篇论文被 DeepSeek 判定为不相关，已自动过滤。
2026-08-31 03:32:23,604 - INFO - 第 2 篇论文已过滤，未写入结果集
2026-08-31 03:32:26,604 - INFO - 正在处理第 3/597 篇论文
2026-08-31 03:32:26,604 - INFO - 正在评审/翻译第 3 篇论文 (尝试 1/3)
2026-08-31 03:32:26,605 - INFO - 使用模型: DeepSeek Chat
2026-08-31 03:32:26,977 - INFO - HTTP Request: POST https://api.deepseek.com/v1/chat/completions "HTTP/1.1 200 OK"
2026-08-31 03:32:30,289 - INFO - 第 3 篇论文处理成功
2026-08-31 03:32:33,290 - INFO - 正在处理第 4/597 篇论文
2026-08-31 03:32:33,290 - INFO - 正在评审/翻译第 4 篇论文 (尝试 1/3)
2026-08-31 03:32:33,290 - INFO - 使用模型: DeepSeek Chat
2026-08-31 03:32:33,650 - INFO - HTTP Request: POST https://api.deepseek.com/v1/chat/completions "HTTP/1.1 200 OK"
2026-08-31 03:32:33,917 - INFO - 第 4 篇论文被 DeepSeek 判定为不相关，已自动过滤。
2026-08-31 03:32:33,917 - INFO - 第 4 篇论文已过滤，未写入结果集
2026-08-31 03:32:36,918 - INFO - 正在处理第 5/597 篇论文
2026-08-31 03:32:36,918 - INFO - 正在评审/翻译第 5 篇论文 (尝试 1/3)
2026-08-31 03:32:36,918 - INFO - 使用模型: DeepSeek Chat
2026-08-31 03:32:37,251 - INFO - HTTP Request: POST https://api.deepseek.com/v1/chat/completions "HTTP/1.1 200 OK"
2026-08-31 03:32:37,509 - INFO - 第 5 篇论文被 DeepSeek 判定为不相关，已自动过滤。
2026-08-31 03:32:37,510 - INFO - 第 5 篇论文已过滤，未写入结果集
2026-08-31 03:32:40,510 - INFO - 正在处理第 6/597 篇论文
2026-08-31 03:32:40,510 - INFO - 正在评审/翻译第 6 篇论文 (尝试 1/3)
2026-08-31 03:32:40,510 - INFO - 使用模型: DeepSeek Chat
2026-08-31 03:32:40,846 - INFO - HTTP Request: POST https://api.deepseek.com/v1/chat/completions "HTTP/1.1 200 OK"
2026-08-31 03:32:44,298 - INFO - 第 6 篇论文处理成功
2026-08-31 03:32:47,298 - INFO - 正在处理第 7/597 篇论文
2026-08-31 03:32:47,298 - INFO - 正在评审/翻译第 7 篇论文 (尝试 1/3)
2026-08-31 03:32:47,298 - INFO - 使用模型: DeepSeek Chat
2026-08-31 03:32:47,660 - INFO - HTTP Request: POST https://api.deepseek.com/v1/chat/completions "HTTP/1.1 200 OK"
2026-08-31 03:32:48,222 - INFO - 第 7 篇论文被 DeepSeek 判定为不相关，已自动过滤。
2026-08-31 03:32:48,223 - INFO - 第 7 篇论文已过滤，未写入结果集
2026-08-31 03:32:51,223 - INFO - 正在处理第 8/597 篇论文
2026-08-31 03:32:51,223 - INFO - 正在评审/翻译第 8 篇论文 (尝试 1/3)
2026-08-31 03:32:51,223 - INFO - 使用模型: DeepSeek Chat
2026-08-31 03:32:51,586 - INFO - HTTP Request: POST https://api.deepseek.com/v1/chat/completions "HTTP/1.1 200 OK"
2026-08-31 03:32:52,303 - INFO - 第 8 篇论文被 DeepSeek 判定为不相关，已自动过滤。
2026-08-31 03:32:52,303 - INFO - 第 8 篇论文已过滤，未写入结果集
2026-08-31 03:32:55,303 - INFO - 正在处理第 9/597 篇论文
2026-08-31 03:32:55,303 - INFO - 正在评审/翻译第 9 篇论文 (尝试 1/3)
2026-08-31 03:32:55,304 - INFO - 使用模型: DeepSeek Chat
2026-08-31 03:32:55,653 - INFO - HTTP Request: POST https://api.deepseek.com/v1/chat/completions "HTTP/1.1 200 OK"
2026-08-31 03:32:55,872 - INFO - 第 9 篇论文被 DeepSeek 判定为不相关，已自动过滤。
2026-08-31 03:32:55,872 - INFO - 第 9 篇论文已过滤，未写入结果集
2026-08-31 03:32:58,873 - INFO - 正在处理第 10/597 篇论文
2026-08-31 03:32:58,873 - INFO - 正在评审/翻译第 10 篇论文 (尝试 1/3)
2026-08-31 03:32:58,873 - INFO - 使用模型: DeepSeek Chat
2026-08-31 03:32:59,199 - INFO - HTTP Request: POST https://api.deepseek.com/v1/chat/completions "HTTP/1.1 200 OK"
2026-08-31 03:32:59,586 - INFO - 第 10 篇论文被 DeepSeek 判定为不相关，已自动过滤。
2026-08-31 03:32:59,586 - INFO - 第 10 篇论文已过滤，未写入结果集
2026-08-31 03:33:02,587 - INFO - 正在处理第 11/597 篇论文
2026-08-31 03:33:02,587 - INFO - 正在评审/翻译第 11 篇论文 (尝试 1/3)
2026-08-31 03:33:02,587 - INFO - 使用模型: DeepSeek Chat
2026-08-31 03:33:02,932 - INFO - HTTP Request: POST https://api.deepseek.com/v1/chat/completions "HTTP/1.1 200 OK"
2026-08-31 03:33:03,672 - INFO - 第 11 篇论文被 DeepSeek 判定为不相关，已自动过滤。
2026-08-31 03:33:03,673 - INFO - 第 11 篇论文已过滤，未写入结果集
2026-08-31 03:33:06,673 - INFO - 正在处理第 12/597 篇论文
2026-08-31 03:33:06,673 - INFO - 正在评审/翻译第 12 篇论文 (尝试 1/3)
2026-08-31 03:33:06,673 - INFO - 使用模型: DeepSeek Chat
2026-08-31 03:33:06,997 - INFO - HTTP Request: POST https://api.deepseek.com/v1/chat/completions "HTTP/1.1 200 OK"
2026-08-31 03:33:07,314 - INFO - 第 12 篇论文被 DeepSeek 判定为不相关，已自动过滤。
2026-08-31 03:33:07,315 - INFO - 第 12 篇论文已过滤，未写入结果集
2026-08-31 03:33:10,315 - INFO - 正在处理第 13/597 篇论文
2026-08-31 03:33:10,315 - INFO - 正在评审/翻译第 13 篇论文 (尝试 1/3)
2026-08-31 03:33:10,315 - INFO - 使用模型: DeepSeek Chat
2026-08-31 03:33:10,663 - INFO - HTTP Request: POST https://api.deepseek.com/v1/chat/completions "HTTP/1.1 200 OK"
2026-08-31 03:33:11,203 - INFO - 第 13 篇论文被 DeepSeek 判定为不相关，已自动过滤。
2026-08-31 03:33:11,203 - INFO - 第 13 篇论文已过滤，未写入结果集
2026-08-31 03:33:14,203 - INFO - 正在处理第 14/597 篇论文
2026-08-31 03:33:14,204 - INFO - 正在评审/翻译第 14 篇论文 (尝试 1/3)
2026-08-31 03:33:14,204 - INFO - 使用模型: DeepSeek Chat
2026-08-31 03:33:14,542 - INFO - HTTP Request: POST https://api.deepseek.com/v1/chat/completions "HTTP/1.1 200 OK"
2026-08-31 03:33:15,042 - INFO - 第 14 篇论文被 DeepSeek 判定为不相关，已自动过滤。
2026-08-31 03:33:15,042 - INFO - 第 14 篇论文已过滤，未写入结果集
2026-08-31 03:33:18,043 - INFO - 正在处理第 15/597 篇论文
2026-08-31 03:33:18,043 - INFO - 正在评审/翻译第 15 篇论文 (尝试 1/3)
2026-08-31 03:33:18,043 - INFO - 使用模型: DeepSeek Chat
2026-08-31 03:33:18,384 - INFO - HTTP Request: POST https://api.deepseek.com/v1/chat/completions "HTTP/1.1 200 OK"
2026-08-31 03:33:18,726 - INFO - 第 15 篇论文被 DeepSeek 判定为不相关，已自动过滤。
2026-08-31 03:33:18,727 - INFO - 第 15 篇论文已过滤，未写入结果集
2026-08-31 03:33:21,727 - INFO - 正在处理第 16/597 篇论文
2026-08-31 03:33:21,727 - INFO - 正在评审/翻译第 16 篇论文 (尝试 1/3)
2026-08-31 03:33:21,727 - INFO - 使用模型: DeepSeek Chat
2026-08-31 03:33:22,064 - INFO - HTTP Request: POST https://api.deepseek.com/v1/chat/completions "HTTP/1.1 200 OK"
2026-08-31 03:33:22,757 - INFO - 第 16 篇论文被 DeepSeek 判定为不相关，已自动过滤。
2026-08-31 03:33:22,757 - INFO - 第 16 篇论文已过滤，未写入结果集
2026-08-31 03:33:25,758 - INFO - 正在处理第 17/597 篇论文
2026-08-31 03:33:25,758 - INFO - 正在评审/翻译第 17 篇论文 (尝试 1/3)
2026-08-31 03:33:25,758 - INFO - 使用模型: DeepSeek Chat
2026-08-31 03:33:26,103 - INFO - HTTP Request: POST https://api.deepseek.com/v1/chat/completions "HTTP/1.1 200 OK"
2026-08-31 03:33:29,810 - INFO - 第 17 篇论文处理成功
2026-08-31 03:33:32,810 - INFO - 正在处理第 18/597 篇论文
2026-08-31 03:33:32,810 - INFO - 正在评审/翻译第 18 篇论文 (尝试 1/3)
2026-08-31 03:33:32,810 - INFO - 使用模型: DeepSeek Chat
2026-08-31 03:33:33,149 - INFO - HTTP Request: POST https://api.deepseek.com/v1/chat/completions "HTTP/1.1 200 OK"
2026-08-31 03:33:36,803 - INFO - 第 18 篇论文处理成功
2026-08-31 03:33:39,803 - INFO - 正在处理第 19/597 篇论文
2026-08-31 03:33:39,804 - INFO - 正在评审/翻译第 19 篇论文 (尝试 1/3)
2026-08-31 03:33:39,804 - INFO - 使用模型: DeepSeek Chat
2026-08-31 03:33:40,168 - INFO - HTTP Request: POST https://api.deepseek.com/v1/chat/completions "HTTP/1.1 200 OK"
2026-08-31 03:33:40,386 - INFO - 第 19 篇论文被 DeepSeek 判定为不相关，已自动过滤。
2026-08-31 03:33:40,386 - INFO - 第 19 篇论文已过滤，未写入结果集
2026-08-31 03:33:43,387 - INFO - 正在处理第 20/597 篇论文
2026-08-31 03:33:43,387 - INFO - 正在评审/翻译第 20 篇论文 (尝试 1/3)
2026-08-31 03:33:43,387 - INFO - 使用模型: DeepSeek Chat
2026-08-31 03:33:43,724 - INFO - HTTP Request: POST https://api.deepseek.com/v1/chat/completions "HTTP/1.1 200 OK"
2026-08-31 03:33:47,449 - INFO - 第 20 篇论文处理成功
2026-08-31 03:33:50,449 - INFO - 正在处理第 21/597 篇论文
2026-08-31 03:33:50,449 - INFO - 正在评审/翻译第 21 篇论文 (尝试 1/3)
2026-08-31 03:33:50,449 - INFO - 使用模型: DeepSeek Chat
2026-08-31 03:33:50,859 - INFO - HTTP Request: POST https://api.deepseek.com/v1/chat/completions "HTTP/1.1 200 OK"
2026-08-31 03:33:54,776 - INFO - 第 21 篇论文处理成功
2026-08-31 03:33:57,776 - INFO - 正在处理第 22/597 篇论文
2026-08-31 03:33:57,776 - INFO - 正在评审/翻译第 22 篇论文 (尝试 1/3)
2026-08-31 03:33:57,777 - INFO - 使用模型: DeepSeek Chat
2026-08-31 03:33:58,111 - INFO - HTTP Request: POST https://api.deepseek.com/v1/chat/completions "HTTP/1.1 200 OK"
2026-08-31 03:34:02,725 - INFO - 第 22 篇论文处理成功
2026-08-31 03:34:05,726 - INFO - 正在处理第 23/597 篇论文
2026-08-31 03:34:05,726 - INFO - 正在评审/翻译第 23 篇论文 (尝试 1/3)
2026-08-31 03:34:05,726 - INFO - 使用模型: DeepSeek Chat
2026-08-31 03:34:06,078 - INFO - HTTP Request: POST https://api.deepseek.com/v1/chat/completions "HTTP/1.1 200 OK"
2026-08-31 03:34:06,314 - INFO - 第 23 篇论文被 DeepSeek 判定为不相关，已自动过滤。
2026-08-31 03:34:06,314 - INFO - 第 23 篇论文已过滤，未写入结果集
2026-08-31 03:34:09,314 - INFO - 正在处理第 24/597 篇论文
2026-08-31 03:34:09,315 - INFO - 正在评审/翻译第 24 篇论文 (尝试 1/3)
2026-08-31 03:34:09,315 - INFO - 使用模型: DeepSeek Chat
2026-08-31 03:34:09,653 - INFO - HTTP Request: POST https://api.deepseek.com/v1/chat/completions "HTTP/1.1 200 OK"
2026-08-31 03:34:13,054 - INFO - 第 24 篇论文处理成功
2026-08-31 03:34:16,054 - INFO - 正在处理第 25/597 篇论文
2026-08-31 03:34:16,054 - INFO - 正在评审/翻译第 25 篇论文 (尝试 1/3)
2026-08-31 03:34:16,054 - INFO - 使用模型: DeepSeek Chat
2026-08-31 03:34:16,380 - INFO - HTTP Request: POST https://api.deepseek.com/v1/chat/completions "HTTP/1.1 200 OK"
2026-08-31 03:34:17,011 - INFO - 第 25 篇论文被 DeepSeek 判定为不相关，已自动过滤。
2026-08-31 03:34:17,011 - INFO - 第 25 篇论文已过滤，未写入结果集
2026-08-31 03:34:20,011 - INFO - 正在处理第 26/597 篇论文
2026-08-31 03:34:20,011 - INFO - 正在评审/翻译第 26 篇论文 (尝试 1/3)
2026-08-31 03:34:20,012 - INFO - 使用模型: DeepSeek Chat
2026-08-31 03:34:20,347 - INFO - HTTP Request: POST https://api.deepseek.com/v1/chat/completions "HTTP/1.1 200 OK"
2026-08-31 03:34:20,660 - INFO - 第 26 篇论文被 DeepSeek 判定为不相关，已自动过滤。
2026-08-31 03:34:20,661 - INFO - 第 26 篇论文已过滤，未写入结果集
2026-08-31 03:34:23,661 - INFO - 正在处理第 27/597 篇论文
2026-08-31 03:34:23,661 - INFO - 正在评审/翻译第 27 篇论文 (尝试 1/3)
2026-08-31 03:34:23,661 - INFO - 使用模型: DeepSeek Chat
2026-08-31 03:34:23,996 - INFO - HTTP Request: POST https://api.deepseek.com/v1/chat/completions "HTTP/1.1 200 OK"
2026-08-31 03:34:24,329 - INFO - 第 27 篇论文被 DeepSeek 判定为不相关，已自动过滤。
2026-08-31 03:34:24,329 - INFO - 第 27 篇论文已过滤，未写入结果集
2026-08-31 03:34:27,330 - INFO - 正在处理第 28/597 篇论文
2026-08-31 03:34:27,330 - INFO - 正在评审/翻译第 28 篇论文 (尝试 1/3)
2026-08-31 03:34:27,330 - INFO - 使用模型: DeepSeek Chat
2026-08-31 03:34:27,669 - INFO - HTTP Request: POST https://api.deepseek.com/v1/chat/completions "HTTP/1.1 200 OK"
2026-08-31 03:34:30,005 - INFO - 第 28 篇论文处理成功
2026-08-31 03:34:33,005 - INFO - 正在处理第 29/597 篇论文
2026-08-31 03:34:33,006 - INFO - 正在评审/翻译第 29 篇论文 (尝试 1/3)
2026-08-31 03:34:33,006 - INFO - 使用模型: DeepSeek Chat
2026-08-31 03:34:33,333 - INFO - HTTP Request: POST https://api.deepseek.com/v1/chat/completions "HTTP/1.1 200 OK"
2026-08-31 03:34:33,666 - INFO - 第 29 篇论文被 DeepSeek 判定为不相关，已自动过滤。
2026-08-31 03:34:33,666 - INFO - 第 29 篇论文已过滤，未写入结果集
2026-08-31 03:34:36,666 - INFO - 正在处理第 30/597 篇论文
2026-08-31 03:34:36,666 - INFO - 正在评审/翻译第 30 篇论文 (尝试 1/3)
2026-08-31 03:34:36,667 - INFO - 使用模型: DeepSeek Chat
2026-08-31 03:34:36,991 - INFO - HTTP Request: POST https://api.deepseek.com/v1/chat/completions "HTTP/1.1 200 OK"
2026-08-31 03:34:41,059 - INFO - 第 30 篇论文处理成功
2026-08-31 03:34:44,060 - INFO - 正在处理第 31/597 篇论文
2026-08-31 03:34:44,060 - INFO - 正在评审/翻译第 31 篇论文 (尝试 1/3)
2026-08-31 03:34:44,060 - INFO - 使用模型: DeepSeek Chat
2026-08-31 03:34:44,392 - INFO - HTTP Request: POST https://api.deepseek.com/v1/chat/completions "HTTP/1.1 200 OK"
2026-08-31 03:34:44,957 - INFO - 第 31 篇论文被 DeepSeek 判定为不相关，已自动过滤。
2026-08-31 03:34:44,958 - INFO - 第 31 篇论文已过滤，未写入结果集
2026-08-31 03:34:47,958 - INFO - 正在处理第 32/597 篇论文
2026-08-31 03:34:47,958 - INFO - 正在评审/翻译第 32 篇论文 (尝试 1/3)
2026-08-31 03:34:47,958 - INFO - 使用模型: DeepSeek Chat
2026-08-31 03:34:48,359 - INFO - HTTP Request: POST https://api.deepseek.com/v1/chat/completions "HTTP/1.1 200 OK"
2026-08-31 03:34:48,660 - INFO - 第 32 篇论文被 DeepSeek 判定为不相关，已自动过滤。
2026-08-31 03:34:48,660 - INFO - 第 32 篇论文已过滤，未写入结果集
2026-08-31 03:34:51,661 - INFO - 正在处理第 33/597 篇论文
2026-08-31 03:34:51,661 - INFO - 正在评审/翻译第 33 篇论文 (尝试 1/3)
2026-08-31 03:34:51,661 - INFO - 使用模型: DeepSeek Chat
2026-08-31 03:34:51,995 - INFO - HTTP Request: POST https://api.deepseek.com/v1/chat/completions "HTTP/1.1 200 OK"
2026-08-31 03:34:52,237 - INFO - 第 33 篇论文被 DeepSeek 判定为不相关，已自动过滤。
2026-08-31 03:34:52,237 - INFO - 第 33 篇论文已过滤，未写入结果集
2026-08-31 03:34:55,237 - INFO - 正在处理第 34/597 篇论文
2026-08-31 03:34:55,238 - INFO - 正在评审/翻译第 34 篇论文 (尝试 1/3)
2026-08-31 03:34:55,238 - INFO - 使用模型: DeepSeek Chat
2026-08-31 03:34:55,577 - INFO - HTTP Request: POST https://api.deepseek.com/v1/chat/completions "HTTP/1.1 200 OK"
2026-08-31 03:34:56,190 - INFO - 第 34 篇论文被 DeepSeek 判定为不相关，已自动过滤。
2026-08-31 03:34:56,191 - INFO - 第 34 篇论文已过滤，未写入结果集
2026-08-31 03:34:59,191 - INFO - 正在处理第 35/597 篇论文
2026-08-31 03:34:59,191 - INFO - 正在评审/翻译第 35 篇论文 (尝试 1/3)
2026-08-31 03:34:59,191 - INFO - 使用模型: DeepSeek Chat
2026-08-31 03:34:59,522 - INFO - HTTP Request: POST https://api.deepseek.com/v1/chat/completions "HTTP/1.1 200 OK"
2026-08-31 03:35:03,670 - INFO - 第 35 篇论文处理成功
2026-08-31 03:35:06,671 - INFO - 正在处理第 36/597 篇论文
2026-08-31 03:35:06,671 - INFO - 正在评审/翻译第 36 篇论文 (尝试 1/3)
2026-08-31 03:35:06,671 - INFO - 使用模型: DeepSeek Chat
2026-08-31 03:35:06,996 - INFO - HTTP Request: POST https://api.deepseek.com/v1/chat/completions "HTTP/1.1 200 OK"
2026-08-31 03:35:07,439 - INFO - 第 36 篇论文被 DeepSeek 判定为不相关，已自动过滤。
2026-08-31 03:35:07,440 - INFO - 第 36 篇论文已过滤，未写入结果集
2026-08-31 03:35:10,440 - INFO - 正在处理第 37/597 篇论文
2026-08-31 03:35:10,440 - INFO - 正在评审/翻译第 37 篇论文 (尝试 1/3)
2026-08-31 03:35:10,440 - INFO - 使用模型: DeepSeek Chat
2026-08-31 03:35:10,773 - INFO - HTTP Request: POST https://api.deepseek.com/v1/chat/completions "HTTP/1.1 200 OK"
2026-08-31 03:35:15,633 - INFO - 第 37 篇论文处理成功
2026-08-31 03:35:18,634 - INFO - 正在处理第 38/597 篇论文
2026-08-31 03:35:18,634 - INFO - 正在评审/翻译第 38 篇论文 (尝试 1/3)
2026-08-31 03:35:18,634 - INFO - 使用模型: DeepSeek Chat
2026-08-31 03:35:18,981 - INFO - HTTP Request: POST https://api.deepseek.com/v1/chat/completions "HTTP/1.1 200 OK"
2026-08-31 03:35:19,540 - INFO - 第 38 篇论文被 DeepSeek 判定为不相关，已自动过滤。
2026-08-31 03:35:19,541 - INFO - 第 38 篇论文已过滤，未写入结果集
2026-08-31 03:35:22,541 - INFO - 正在处理第 39/597 篇论文
2026-08-31 03:35:22,541 - INFO - 正在评审/翻译第 39 篇论文 (尝试 1/3)
2026-08-31 03:35:22,541 - INFO - 使用模型: DeepSeek Chat
2026-08-31 03:35:22,903 - INFO - HTTP Request: POST https://api.deepseek.com/v1/chat/completions "HTTP/1.1 200 OK"
2026-08-31 03:35:23,325 - INFO - 第 39 篇论文被 DeepSeek 判定为不相关，已自动过滤。
2026-08-31 03:35:23,325 - INFO - 第 39 篇论文已过滤，未写入结果集
2026-08-31 03:35:26,325 - INFO - 正在处理第 40/597 篇论文
2026-08-31 03:35:26,325 - INFO - 正在评审/翻译第 40 篇论文 (尝试 1/3)
2026-08-31 03:35:26,326 - INFO - 使用模型: DeepSeek Chat
2026-08-31 03:35:26,656 - INFO - HTTP Request: POST https://api.deepseek.com/v1/chat/completions "HTTP/1.1 200 OK"
2026-08-31 03:35:26,904 - INFO - 第 40 篇论文被 DeepSeek 判定为不相关，已自动过滤。
2026-08-31 03:35:26,905 - INFO - 第 40 篇论文已过滤，未写入结果集
2026-08-31 03:35:29,905 - INFO - 正在处理第 41/597 篇论文
2026-08-31 03:35:29,905 - INFO - 正在评审/翻译第 41 篇论文 (尝试 1/3)
2026-08-31 03:35:29,905 - INFO - 使用模型: DeepSeek Chat
2026-08-31 03:35:30,241 - INFO - HTTP Request: POST https://api.deepseek.com/v1/chat/completions "HTTP/1.1 200 OK"
2026-08-31 03:35:30,771 - INFO - 第 41 篇论文被 DeepSeek 判定为不相关，已自动过滤。
2026-08-31 03:35:30,772 - INFO - 第 41 篇论文已过滤，未写入结果集
2026-08-31 03:35:33,772 - INFO - 正在处理第 42/597 篇论文
2026-08-31 03:35:33,772 - INFO - 正在评审/翻译第 42 篇论文 (尝试 1/3)
2026-08-31 03:35:33,772 - INFO - 使用模型: DeepSeek Chat
2026-08-31 03:35:34,091 - INFO - HTTP Request: POST https://api.deepseek.com/v1/chat/completions "HTTP/1.1 200 OK"
2026-08-31 03:35:37,494 - INFO - 第 42 篇论文处理成功
2026-08-31 03:35:40,495 - INFO - 正在处理第 43/597 篇论文
2026-08-31 03:35:40,495 - INFO - 正在评审/翻译第 43 篇论文 (尝试 1/3)
2026-08-31 03:35:40,495 - INFO - 使用模型: DeepSeek Chat
2026-08-31 03:35:40,809 - INFO - HTTP Request: POST https://api.deepseek.com/v1/chat/completions "HTTP/1.1 200 OK"
2026-08-31 03:35:41,554 - INFO - 第 43 篇论文被 DeepSeek 判定为不相关，已自动过滤。
2026-08-31 03:35:41,554 - INFO - 第 43 篇论文已过滤，未写入结果集
2026-08-31 03:35:44,554 - INFO - 正在处理第 44/597 篇论文
2026-08-31 03:35:44,554 - INFO - 正在评审/翻译第 44 篇论文 (尝试 1/3)
2026-08-31 03:35:44,554 - INFO - 使用模型: DeepSeek Chat
2026-08-31 03:35:44,879 - INFO - HTTP Request: POST https://api.deepseek.com/v1/chat/completions "HTTP/1.1 200 OK"
2026-08-31 03:35:45,643 - INFO - 第 44 篇论文被 DeepSeek 判定为不相关，已自动过滤。
2026-08-31 03:35:45,643 - INFO - 第 44 篇论文已过滤，未写入结果集
2026-08-31 03:35:48,643 - INFO - 正在处理第 45/597 篇论文
2026-08-31 03:35:48,644 - INFO - 正在评审/翻译第 45 篇论文 (尝试 1/3)
2026-08-31 03:35:48,644 - INFO - 使用模型: DeepSeek Chat
2026-08-31 03:35:48,974 - INFO - HTTP Request: POST https://api.deepseek.com/v1/chat/completions "HTTP/1.1 200 OK"
2026-08-31 03:35:49,674 - INFO - 第 45 篇论文被 DeepSeek 判定为不相关，已自动过滤。
2026-08-31 03:35:49,675 - INFO - 第 45 篇论文已过滤，未写入结果集
2026-08-31 03:35:52,675 - INFO - 正在处理第 46/597 篇论文
2026-08-31 03:35:52,675 - INFO - 正在评审/翻译第 46 篇论文 (尝试 1/3)
2026-08-31 03:35:52,675 - INFO - 使用模型: DeepSeek Chat
2026-08-31 03:35:53,028 - INFO - HTTP Request: POST https://api.deepseek.com/v1/chat/completions "HTTP/1.1 200 OK"
2026-08-31 03:35:53,637 - INFO - 第 46 篇论文被 DeepSeek 判定为不相关，已自动过滤。
2026-08-31 03:35:53,637 - INFO - 第 46 篇论文已过滤，未写入结果集
2026-08-31 03:35:56,637 - INFO - 正在处理第 47/597 篇论文
2026-08-31 03:35:56,637 - INFO - 正在评审/翻译第 47 篇论文 (尝试 1/3)
2026-08-31 03:35:56,638 - INFO - 使用模型: DeepSeek Chat
2026-08-31 03:35:57,013 - INFO - HTTP Request: POST https://api.deepseek.com/v1/chat/completions "HTTP/1.1 200 OK"
2026-08-31 03:35:57,717 - INFO - 第 47 篇论文被 DeepSeek 判定为不相关，已自动过滤。
2026-08-31 03:35:57,717 - INFO - 第 47 篇论文已过滤，未写入结果集
2026-08-31 03:36:00,718 - INFO - 正在处理第 48/597 篇论文
2026-08-31 03:36:00,718 - INFO - 正在评审/翻译第 48 篇论文 (尝试 1/3)
2026-08-31 03:36:00,718 - INFO - 使用模型: DeepSeek Chat
2026-08-31 03:36:01,038 - INFO - HTTP Request: POST https://api.deepseek.com/v1/chat/completions "HTTP/1.1 200 OK"
2026-08-31 03:36:01,243 - INFO - 第 48 篇论文被 DeepSeek 判定为不相关，已自动过滤。
2026-08-31 03:36:01,243 - INFO - 第 48 篇论文已过滤，未写入结果集
2026-08-31 03:36:04,243 - INFO - 正在处理第 49/597 篇论文
2026-08-31 03:36:04,244 - INFO - 正在评审/翻译第 49 篇论文 (尝试 1/3)
2026-08-31 03:36:04,244 - INFO - 使用模型: DeepSeek Chat
2026-08-31 03:36:04,565 - INFO - HTTP Request: POST https://api.deepseek.com/v1/chat/completions "HTTP/1.1 200 OK"
2026-08-31 03:36:05,199 - INFO - 第 49 篇论文被 DeepSeek 判定为不相关，已自动过滤。
2026-08-31 03:36:05,200 - INFO - 第 49 篇论文已过滤，未写入结果集
2026-08-31 03:36:08,200 - INFO - 正在处理第 50/597 篇论文
2026-08-31 03:36:08,200 - INFO - 正在评审/翻译第 50 篇论文 (尝试 1/3)
2026-08-31 03:36:08,200 - INFO - 使用模型: DeepSeek Chat
2026-08-31 03:36:08,525 - INFO - HTTP Request: POST https://api.deepseek.com/v1/chat/completions "HTTP/1.1 200 OK"
2026-08-31 03:36:09,143 - INFO - 第 50 篇论文被 DeepSeek 判定为不相关，已自动过滤。
2026-08-31 03:36:09,143 - INFO - 第 50 篇论文已过滤，未写入结果集
2026-08-31 03:36:12,144 - INFO - 正在处理第 51/597 篇论文
2026-08-31 03:36:12,144 - INFO - 正在评审/翻译第 51 篇论文 (尝试 1/3)
2026-08-31 03:36:12,144 - INFO - 使用模型: DeepSeek Chat
2026-08-31 03:36:12,472 - INFO - HTTP Request: POST https://api.deepseek.com/v1/chat/completions "HTTP/1.1 200 OK"
2026-08-31 03:36:12,737 - INFO - 第 51 篇论文被 DeepSeek 判定为不相关，已自动过滤。
2026-08-31 03:36:12,737 - INFO - 第 51 篇论文已过滤，未写入结果集
2026-08-31 03:36:15,738 - INFO - 正在处理第 52/597 篇论文
2026-08-31 03:36:15,738 - INFO - 正在评审/翻译第 52 篇论文 (尝试 1/3)
2026-08-31 03:36:15,738 - INFO - 使用模型: DeepSeek Chat
2026-08-31 03:36:16,065 - INFO - HTTP Request: POST https://api.deepseek.com/v1/chat/completions "HTTP/1.1 200 OK"
2026-08-31 03:36:19,133 - INFO - 第 52 篇论文处理成功
2026-08-31 03:36:22,133 - INFO - 正在处理第 53/597 篇论文
2026-08-31 03:36:22,133 - INFO - 正在评审/翻译第 53 篇论文 (尝试 1/3)
2026-08-31 03:36:22,134 - INFO - 使用模型: DeepSeek Chat
2026-08-31 03:36:22,456 - INFO - HTTP Request: POST https://api.deepseek.com/v1/chat/completions "HTTP/1.1 200 OK"
2026-08-31 03:36:22,758 - INFO - 第 53 篇论文被 DeepSeek 判定为不相关，已自动过滤。
2026-08-31 03:36:22,759 - INFO - 第 53 篇论文已过滤，未写入结果集
2026-08-31 03:36:25,759 - INFO - 正在处理第 54/597 篇论文
2026-08-31 03:36:25,759 - INFO - 正在评审/翻译第 54 篇论文 (尝试 1/3)
2026-08-31 03:36:25,759 - INFO - 使用模型: DeepSeek Chat
2026-08-31 03:36:26,096 - INFO - HTTP Request: POST https://api.deepseek.com/v1/chat/completions "HTTP/1.1 200 OK"
2026-08-31 03:36:26,433 - INFO - 第 54 篇论文被 DeepSeek 判定为不相关，已自动过滤。
2026-08-31 03:36:26,434 - INFO - 第 54 篇论文已过滤，未写入结果集
2026-08-31 03:36:29,434 - INFO - 正在处理第 55/597 篇论文
2026-08-31 03:36:29,434 - INFO - 正在评审/翻译第 55 篇论文 (尝试 1/3)
2026-08-31 03:36:29,434 - INFO - 使用模型: DeepSeek Chat
2026-08-31 03:36:29,766 - INFO - HTTP Request: POST https://api.deepseek.com/v1/chat/completions "HTTP/1.1 200 OK"
2026-08-31 03:36:30,007 - INFO - 第 55 篇论文被 DeepSeek 判定为不相关，已自动过滤。
2026-08-31 03:36:30,008 - INFO - 第 55 篇论文已过滤，未写入结果集
2026-08-31 03:36:33,008 - INFO - 正在处理第 56/597 篇论文
2026-08-31 03:36:33,008 - INFO - 正在评审/翻译第 56 篇论文 (尝试 1/3)
2026-08-31 03:36:33,008 - INFO - 使用模型: DeepSeek Chat
2026-08-31 03:36:33,342 - INFO - HTTP Request: POST https://api.deepseek.com/v1/chat/completions "HTTP/1.1 200 OK"
2026-08-31 03:36:33,693 - INFO - 第 56 篇论文被 DeepSeek 判定为不相关，已自动过滤。
2026-08-31 03:36:33,694 - INFO - 第 56 篇论文已过滤，未写入结果集
2026-08-31 03:36:36,694 - INFO - 正在处理第 57/597 篇论文
2026-08-31 03:36:36,694 - INFO - 正在评审/翻译第 57 篇论文 (尝试 1/3)
2026-08-31 03:36:36,694 - INFO - 使用模型: DeepSeek Chat
2026-08-31 03:36:37,029 - INFO - HTTP Request: POST https://api.deepseek.com/v1/chat/completions "HTTP/1.1 200 OK"
2026-08-31 03:36:37,574 - INFO - 第 57 篇论文被 DeepSeek 判定为不相关，已自动过滤。
2026-08-31 03:36:37,575 - INFO - 第 57 篇论文已过滤，未写入结果集
2026-08-31 03:36:40,575 - INFO - 正在处理第 58/597 篇论文
2026-08-31 03:36:40,575 - INFO - 正在评审/翻译第 58 篇论文 (尝试 1/3)
2026-08-31 03:36:40,575 - INFO - 使用模型: DeepSeek Chat
2026-08-31 03:36:40,926 - INFO - HTTP Request: POST https://api.deepseek.com/v1/chat/completions "HTTP/1.1 200 OK"
2026-08-31 03:36:44,552 - INFO - 第 58 篇论文处理成功
2026-08-31 03:36:47,552 - INFO - 正在处理第 59/597 篇论文
2026-08-31 03:36:47,553 - INFO - 正在评审/翻译第 59 篇论文 (尝试 1/3)
2026-08-31 03:36:47,553 - INFO - 使用模型: DeepSeek Chat
2026-08-31 03:36:47,876 - INFO - HTTP Request: POST https://api.deepseek.com/v1/chat/completions "HTTP/1.1 200 OK"
2026-08-31 03:36:48,248 - INFO - 第 59 篇论文被 DeepSeek 判定为不相关，已自动过滤。
2026-08-31 03:36:48,248 - INFO - 第 59 篇论文已过滤，未写入结果集
2026-08-31 03:36:51,249 - INFO - 正在处理第 60/597 篇论文
2026-08-31 03:36:51,249 - INFO - 正在评审/翻译第 60 篇论文 (尝试 1/3)
2026-08-31 03:36:51,249 - INFO - 使用模型: DeepSeek Chat
2026-08-31 03:36:51,571 - INFO - HTTP Request: POST https://api.deepseek.com/v1/chat/completions "HTTP/1.1 200 OK"
2026-08-31 03:36:52,128 - INFO - 第 60 篇论文被 DeepSeek 判定为不相关，已自动过滤。
2026-08-31 03:36:52,128 - INFO - 第 60 篇论文已过滤，未写入结果集
2026-08-31 03:36:55,128 - INFO - 正在处理第 61/597 篇论文
2026-08-31 03:36:55,128 - INFO - 正在评审/翻译第 61 篇论文 (尝试 1/3)
2026-08-31 03:36:55,129 - INFO - 使用模型: DeepSeek Chat
2026-08-31 03:36:55,478 - INFO - HTTP Request: POST https://api.deepseek.com/v1/chat/completions "HTTP/1.1 200 OK"
2026-08-31 03:36:56,047 - INFO - 第 61 篇论文被 DeepSeek 判定为不相关，已自动过滤。
2026-08-31 03:36:56,048 - INFO - 第 61 篇论文已过滤，未写入结果集
2026-08-31 03:36:59,048 - INFO - 正在处理第 62/597 篇论文
2026-08-31 03:36:59,048 - INFO - 正在评审/翻译第 62 篇论文 (尝试 1/3)
2026-08-31 03:36:59,048 - INFO - 使用模型: DeepSeek Chat
2026-08-31 03:36:59,375 - INFO - HTTP Request: POST https://api.deepseek.com/v1/chat/completions "HTTP/1.1 200 OK"
2026-08-31 03:37:03,194 - INFO - 第 62 篇论文处理成功
2026-08-31 03:37:06,194 - INFO - 正在处理第 63/597 篇论文
2026-08-31 03:37:06,194 - INFO - 正在评审/翻译第 63 篇论文 (尝试 1/3)
2026-08-31 03:37:06,194 - INFO - 使用模型: DeepSeek Chat
2026-08-31 03:37:06,529 - INFO - HTTP Request: POST https://api.deepseek.com/v1/chat/completions "HTTP/1.1 200 OK"
2026-08-31 03:37:10,685 - INFO - 第 63 篇论文处理成功
2026-08-31 03:37:13,685 - INFO - 正在处理第 64/597 篇论文
2026-08-31 03:37:13,685 - INFO - 正在评审/翻译第 64 篇论文 (尝试 1/3)
2026-08-31 03:37:13,685 - INFO - 使用模型: DeepSeek Chat
2026-08-31 03:37:14,019 - INFO - HTTP Request: POST https://api.deepseek.com/v1/chat/completions "HTTP/1.1 200 OK"
2026-08-31 03:37:14,380 - INFO - 第 64 篇论文被 DeepSeek 判定为不相关，已自动过滤。
2026-08-31 03:37:14,381 - INFO - 第 64 篇论文已过滤，未写入结果集
2026-08-31 03:37:17,381 - INFO - 正在处理第 65/597 篇论文
2026-08-31 03:37:17,381 - INFO - 正在评审/翻译第 65 篇论文 (尝试 1/3)
2026-08-31 03:37:17,381 - INFO - 使用模型: DeepSeek Chat
2026-08-31 03:37:17,712 - INFO - HTTP Request: POST https://api.deepseek.com/v1/chat/completions "HTTP/1.1 200 OK"
2026-08-31 03:37:17,963 - INFO - 第 65 篇论文被 DeepSeek 判定为不相关，已自动过滤。
2026-08-31 03:37:17,964 - INFO - 第 65 篇论文已过滤，未写入结果集
2026-08-31 03:37:20,964 - INFO - 正在处理第 66/597 篇论文
2026-08-31 03:37:20,964 - INFO - 正在评审/翻译第 66 篇论文 (尝试 1/3)
2026-08-31 03:37:20,964 - INFO - 使用模型: DeepSeek Chat
2026-08-31 03:37:21,300 - INFO - HTTP Request: POST https://api.deepseek.com/v1/chat/completions "HTTP/1.1 200 OK"
2026-08-31 03:37:21,667 - INFO - 第 66 篇论文被 DeepSeek 判定为不相关，已自动过滤。
2026-08-31 03:37:21,667 - INFO - 第 66 篇论文已过滤，未写入结果集
2026-08-31 03:37:24,668 - INFO - 正在处理第 67/597 篇论文
2026-08-31 03:37:24,668 - INFO - 正在评审/翻译第 67 篇论文 (尝试 1/3)
2026-08-31 03:37:24,668 - INFO - 使用模型: DeepSeek Chat
2026-08-31 03:37:25,022 - INFO - HTTP Request: POST https://api.deepseek.com/v1/chat/completions "HTTP/1.1 200 OK"
2026-08-31 03:37:25,503 - INFO - 第 67 篇论文被 DeepSeek 判定为不相关，已自动过滤。
2026-08-31 03:37:25,503 - INFO - 第 67 篇论文已过滤，未写入结果集
2026-08-31 03:37:28,503 - INFO - 正在处理第 68/597 篇论文
2026-08-31 03:37:28,503 - INFO - 正在评审/翻译第 68 篇论文 (尝试 1/3)
2026-08-31 03:37:28,503 - INFO - 使用模型: DeepSeek Chat
2026-08-31 03:37:28,837 - INFO - HTTP Request: POST https://api.deepseek.com/v1/chat/completions "HTTP/1.1 200 OK"
2026-08-31 03:37:29,112 - INFO - 第 68 篇论文被 DeepSeek 判定为不相关，已自动过滤。
2026-08-31 03:37:29,113 - INFO - 第 68 篇论文已过滤，未写入结果集
2026-08-31 03:37:32,113 - INFO - 正在处理第 69/597 篇论文
2026-08-31 03:37:32,113 - INFO - 正在评审/翻译第 69 篇论文 (尝试 1/3)
2026-08-31 03:37:32,113 - INFO - 使用模型: DeepSeek Chat
2026-08-31 03:37:32,459 - INFO - HTTP Request: POST https://api.deepseek.com/v1/chat/completions "HTTP/1.1 200 OK"
2026-08-31 03:37:33,028 - INFO - 第 69 篇论文被 DeepSeek 判定为不相关，已自动过滤。
2026-08-31 03:37:33,028 - INFO - 第 69 篇论文已过滤，未写入结果集
2026-08-31 03:37:36,029 - INFO - 正在处理第 70/597 篇论文
2026-08-31 03:37:36,029 - INFO - 正在评审/翻译第 70 篇论文 (尝试 1/3)
2026-08-31 03:37:36,029 - INFO - 使用模型: DeepSeek Chat
2026-08-31 03:37:36,349 - INFO - HTTP Request: POST https://api.deepseek.com/v1/chat/completions "HTTP/1.1 200 OK"
2026-08-31 03:37:36,860 - INFO - 第 70 篇论文被 DeepSeek 判定为不相关，已自动过滤。
2026-08-31 03:37:36,861 - INFO - 第 70 篇论文已过滤，未写入结果集
2026-08-31 03:37:39,861 - INFO - 正在处理第 71/597 篇论文
2026-08-31 03:37:39,861 - INFO - 正在评审/翻译第 71 篇论文 (尝试 1/3)
2026-08-31 03:37:39,861 - INFO - 使用模型: DeepSeek Chat
2026-08-31 03:37:40,194 - INFO - HTTP Request: POST https://api.deepseek.com/v1/chat/completions "HTTP/1.1 200 OK"
2026-08-31 03:37:40,695 - INFO - 第 71 篇论文被 DeepSeek 判定为不相关，已自动过滤。
2026-08-31 03:37:40,696 - INFO - 第 71 篇论文已过滤，未写入结果集
2026-08-31 03:37:43,696 - INFO - 正在处理第 72/597 篇论文
2026-08-31 03:37:43,696 - INFO - 正在评审/翻译第 72 篇论文 (尝试 1/3)
2026-08-31 03:37:43,696 - INFO - 使用模型: DeepSeek Chat
2026-08-31 03:37:44,044 - INFO - HTTP Request: POST https://api.deepseek.com/v1/chat/completions "HTTP/1.1 200 OK"
2026-08-31 03:37:44,352 - INFO - 第 72 篇论文被 DeepSeek 判定为不相关，已自动过滤。
2026-08-31 03:37:44,353 - INFO - 第 72 篇论文已过滤，未写入结果集
2026-08-31 03:37:47,353 - INFO - 正在处理第 73/597 篇论文
2026-08-31 03:37:47,353 - INFO - 正在评审/翻译第 73 篇论文 (尝试 1/3)
2026-08-31 03:37:47,353 - INFO - 使用模型: DeepSeek Chat
2026-08-31 03:37:47,673 - INFO - HTTP Request: POST https://api.deepseek.com/v1/chat/completions "HTTP/1.1 200 OK"
2026-08-31 03:37:48,304 - INFO - 第 73 篇论文被 DeepSeek 判定为不相关，已自动过滤。
2026-08-31 03:37:48,304 - INFO - 第 73 篇论文已过滤，未写入结果集
2026-08-31 03:37:51,305 - INFO - 正在处理第 74/597 篇论文
2026-08-31 03:37:51,305 - INFO - 正在评审/翻译第 74 篇论文 (尝试 1/3)
2026-08-31 03:37:51,305 - INFO - 使用模型: DeepSeek Chat
2026-08-31 03:37:51,655 - INFO - HTTP Request: POST https://api.deepseek.com/v1/chat/completions "HTTP/1.1 200 OK"
2026-08-31 03:37:52,173 - INFO - 第 74 篇论文被 DeepSeek 判定为不相关，已自动过滤。
2026-08-31 03:37:52,173 - INFO - 第 74 篇论文已过滤，未写入结果集
2026-08-31 03:37:55,173 - INFO - 正在处理第 75/597 篇论文
2026-08-31 03:37:55,173 - INFO - 正在评审/翻译第 75 篇论文 (尝试 1/3)
2026-08-31 03:37:55,174 - INFO - 使用模型: DeepSeek Chat
2026-08-31 03:37:55,497 - INFO - HTTP Request: POST https://api.deepseek.com/v1/chat/completions "HTTP/1.1 200 OK"
2026-08-31 03:37:56,038 - INFO - 第 75 篇论文被 DeepSeek 判定为不相关，已自动过滤。
2026-08-31 03:37:56,039 - INFO - 第 75 篇论文已过滤，未写入结果集
2026-08-31 03:37:59,039 - INFO - 正在处理第 76/597 篇论文
2026-08-31 03:37:59,039 - INFO - 正在评审/翻译第 76 篇论文 (尝试 1/3)
2026-08-31 03:37:59,039 - INFO - 使用模型: DeepSeek Chat
2026-08-31 03:37:59,372 - INFO - HTTP Request: POST https://api.deepseek.com/v1/chat/completions "HTTP/1.1 200 OK"
2026-08-31 03:38:00,018 - INFO - 第 76 篇论文被 DeepSeek 判定为不相关，已自动过滤。
2026-08-31 03:38:00,018 - INFO - 第 76 篇论文已过滤，未写入结果集
2026-08-31 03:38:03,019 - INFO - 正在处理第 77/597 篇论文
2026-08-31 03:38:03,019 - INFO - 正在评审/翻译第 77 篇论文 (尝试 1/3)
2026-08-31 03:38:03,019 - INFO - 使用模型: DeepSeek Chat
2026-08-31 03:38:03,361 - INFO - HTTP Request: POST https://api.deepseek.com/v1/chat/completions "HTTP/1.1 200 OK"
2026-08-31 03:38:04,195 - INFO - 第 77 篇论文被 DeepSeek 判定为不相关，已自动过滤。
2026-08-31 03:38:04,196 - INFO - 第 77 篇论文已过滤，未写入结果集
2026-08-31 03:38:07,196 - INFO - 正在处理第 78/597 篇论文
2026-08-31 03:38:07,196 - INFO - 正在评审/翻译第 78 篇论文 (尝试 1/3)
2026-08-31 03:38:07,196 - INFO - 使用模型: DeepSeek Chat
2026-08-31 03:38:07,534 - INFO - HTTP Request: POST https://api.deepseek.com/v1/chat/completions "HTTP/1.1 200 OK"
2026-08-31 03:38:08,264 - INFO - 第 78 篇论文被 DeepSeek 判定为不相关，已自动过滤。
2026-08-31 03:38:08,264 - INFO - 第 78 篇论文已过滤，未写入结果集
2026-08-31 03:38:11,265 - INFO - 正在处理第 79/597 篇论文
2026-08-31 03:38:11,265 - INFO - 正在评审/翻译第 79 篇论文 (尝试 1/3)
2026-08-31 03:38:11,265 - INFO - 使用模型: DeepSeek Chat
2026-08-31 03:38:11,607 - INFO - HTTP Request: POST https://api.deepseek.com/v1/chat/completions "HTTP/1.1 200 OK"
2026-08-31 03:38:11,965 - INFO - 第 79 篇论文被 DeepSeek 判定为不相关，已自动过滤。
2026-08-31 03:38:11,966 - INFO - 第 79 篇论文已过滤，未写入结果集
2026-08-31 03:38:14,966 - INFO - 正在处理第 80/597 篇论文
2026-08-31 03:38:14,966 - INFO - 正在评审/翻译第 80 篇论文 (尝试 1/3)
2026-08-31 03:38:14,966 - INFO - 使用模型: DeepSeek Chat
2026-08-31 03:38:15,319 - INFO - HTTP Request: POST https://api.deepseek.com/v1/chat/completions "HTTP/1.1 200 OK"
2026-08-31 03:38:15,710 - INFO - 第 80 篇论文被 DeepSeek 判定为不相关，已自动过滤。
2026-08-31 03:38:15,711 - INFO - 第 80 篇论文已过滤，未写入结果集
2026-08-31 03:38:18,711 - INFO - 正在处理第 81/597 篇论文
2026-08-31 03:38:18,711 - INFO - 正在评审/翻译第 81 篇论文 (尝试 1/3)
2026-08-31 03:38:18,711 - INFO - 使用模型: DeepSeek Chat
2026-08-31 03:38:19,048 - INFO - HTTP Request: POST https://api.deepseek.com/v1/chat/completions "HTTP/1.1 200 OK"
2026-08-31 03:38:19,520 - INFO - 第 81 篇论文被 DeepSeek 判定为不相关，已自动过滤。
2026-08-31 03:38:19,521 - INFO - 第 81 篇论文已过滤，未写入结果集
2026-08-31 03:38:22,521 - INFO - 正在处理第 82/597 篇论文
2026-08-31 03:38:22,521 - INFO - 正在评审/翻译第 82 篇论文 (尝试 1/3)
2026-08-31 03:38:22,521 - INFO - 使用模型: DeepSeek Chat
2026-08-31 03:38:22,857 - INFO - HTTP Request: POST https://api.deepseek.com/v1/chat/completions "HTTP/1.1 200 OK"
2026-08-31 03:38:23,617 - INFO - 第 82 篇论文被 DeepSeek 判定为不相关，已自动过滤。
2026-08-31 03:38:23,617 - INFO - 第 82 篇论文已过滤，未写入结果集
2026-08-31 03:38:26,618 - INFO - 正在处理第 83/597 篇论文
2026-08-31 03:38:26,618 - INFO - 正在评审/翻译第 83 篇论文 (尝试 1/3)
2026-08-31 03:38:26,618 - INFO - 使用模型: DeepSeek Chat
2026-08-31 03:38:26,943 - INFO - HTTP Request: POST https://api.deepseek.com/v1/chat/completions "HTTP/1.1 200 OK"
2026-08-31 03:38:27,295 - INFO - 第 83 篇论文被 DeepSeek 判定为不相关，已自动过滤。
2026-08-31 03:38:27,296 - INFO - 第 83 篇论文已过滤，未写入结果集
2026-08-31 03:38:30,296 - INFO - 正在处理第 84/597 篇论文
2026-08-31 03:38:30,296 - INFO - 正在评审/翻译第 84 篇论文 (尝试 1/3)
2026-08-31 03:38:30,296 - INFO - 使用模型: DeepSeek Chat
2026-08-31 03:38:30,633 - INFO - HTTP Request: POST https://api.deepseek.com/v1/chat/completions "HTTP/1.1 200 OK"
2026-08-31 03:38:31,401 - INFO - 第 84 篇论文被 DeepSeek 判定为不相关，已自动过滤。
2026-08-31 03:38:31,402 - INFO - 第 84 篇论文已过滤，未写入结果集
2026-08-31 03:38:34,402 - INFO - 正在处理第 85/597 篇论文
2026-08-31 03:38:34,402 - INFO - 正在评审/翻译第 85 篇论文 (尝试 1/3)
2026-08-31 03:38:34,402 - INFO - 使用模型: DeepSeek Chat
2026-08-31 03:38:34,761 - INFO - HTTP Request: POST https://api.deepseek.com/v1/chat/completions "HTTP/1.1 200 OK"
2026-08-31 03:38:37,845 - INFO - 第 85 篇论文处理成功
2026-08-31 03:38:40,845 - INFO - 正在处理第 86/597 篇论文
2026-08-31 03:38:40,845 - INFO - 正在评审/翻译第 86 篇论文 (尝试 1/3)
2026-08-31 03:38:40,845 - INFO - 使用模型: DeepSeek Chat
2026-08-31 03:38:41,167 - INFO - HTTP Request: POST https://api.deepseek.com/v1/chat/completions "HTTP/1.1 200 OK"
2026-08-31 03:38:41,808 - INFO - 第 86 篇论文被 DeepSeek 判定为不相关，已自动过滤。
2026-08-31 03:38:41,808 - INFO - 第 86 篇论文已过滤，未写入结果集
2026-08-31 03:38:44,808 - INFO - 正在处理第 87/597 篇论文
2026-08-31 03:38:44,808 - INFO - 正在评审/翻译第 87 篇论文 (尝试 1/3)
2026-08-31 03:38:44,808 - INFO - 使用模型: DeepSeek Chat
2026-08-31 03:38:45,131 - INFO - HTTP Request: POST https://api.deepseek.com/v1/chat/completions "HTTP/1.1 200 OK"
2026-08-31 03:38:50,556 - INFO - 第 87 篇论文处理成功
2026-08-31 03:38:53,556 - INFO - 正在处理第 88/597 篇论文
2026-08-31 03:38:53,556 - INFO - 正在评审/翻译第 88 篇论文 (尝试 1/3)
2026-08-31 03:38:53,557 - INFO - 使用模型: DeepSeek Chat
2026-08-31 03:38:53,901 - INFO - HTTP Request: POST https://api.deepseek.com/v1/chat/completions "HTTP/1.1 200 OK"
2026-08-31 03:38:54,250 - INFO - 第 88 篇论文被 DeepSeek 判定为不相关，已自动过滤。
2026-08-31 03:38:54,250 - INFO - 第 88 篇论文已过滤，未写入结果集
2026-08-31 03:38:57,251 - INFO - 正在处理第 89/597 篇论文
2026-08-31 03:38:57,251 - INFO - 正在评审/翻译第 89 篇论文 (尝试 1/3)
2026-08-31 03:38:57,251 - INFO - 使用模型: DeepSeek Chat
2026-08-31 03:38:57,578 - INFO - HTTP Request: POST https://api.deepseek.com/v1/chat/completions "HTTP/1.1 200 OK"
2026-08-31 03:38:57,824 - INFO - 第 89 篇论文被 DeepSeek 判定为不相关，已自动过滤。
2026-08-31 03:38:57,824 - INFO - 第 89 篇论文已过滤，未写入结果集
2026-08-31 03:39:00,824 - INFO - 正在处理第 90/597 篇论文
2026-08-31 03:39:00,825 - INFO - 正在评审/翻译第 90 篇论文 (尝试 1/3)
2026-08-31 03:39:00,825 - INFO - 使用模型: DeepSeek Chat
2026-08-31 03:39:01,166 - INFO - HTTP Request: POST https://api.deepseek.com/v1/chat/completions "HTTP/1.1 200 OK"
2026-08-31 03:39:04,870 - INFO - 第 90 篇论文处理成功
2026-08-31 03:39:07,871 - INFO - 正在处理第 91/597 篇论文
2026-08-31 03:39:07,871 - INFO - 正在评审/翻译第 91 篇论文 (尝试 1/3)
2026-08-31 03:39:07,871 - INFO - 使用模型: DeepSeek Chat
2026-08-31 03:39:08,216 - INFO - HTTP Request: POST https://api.deepseek.com/v1/chat/completions "HTTP/1.1 200 OK"
2026-08-31 03:39:08,946 - INFO - 第 91 篇论文被 DeepSeek 判定为不相关，已自动过滤。
2026-08-31 03:39:08,946 - INFO - 第 91 篇论文已过滤，未写入结果集
2026-08-31 03:39:11,946 - INFO - 正在处理第 92/597 篇论文
2026-08-31 03:39:11,946 - INFO - 正在评审/翻译第 92 篇论文 (尝试 1/3)
2026-08-31 03:39:11,947 - INFO - 使用模型: DeepSeek Chat
2026-08-31 03:39:12,275 - INFO - HTTP Request: POST https://api.deepseek.com/v1/chat/completions "HTTP/1.1 200 OK"
2026-08-31 03:39:12,676 - INFO - 第 92 篇论文被 DeepSeek 判定为不相关，已自动过滤。
2026-08-31 03:39:12,677 - INFO - 第 92 篇论文已过滤，未写入结果集
2026-08-31 03:39:15,677 - INFO - 正在处理第 93/597 篇论文
2026-08-31 03:39:15,677 - INFO - 正在评审/翻译第 93 篇论文 (尝试 1/3)
2026-08-31 03:39:15,677 - INFO - 使用模型: DeepSeek Chat
2026-08-31 03:39:16,006 - INFO - HTTP Request: POST https://api.deepseek.com/v1/chat/completions "HTTP/1.1 200 OK"
2026-08-31 03:39:16,689 - INFO - 第 93 篇论文被 DeepSeek 判定为不相关，已自动过滤。
2026-08-31 03:39:16,690 - INFO - 第 93 篇论文已过滤，未写入结果集
2026-08-31 03:39:19,690 - INFO - 正在处理第 94/597 篇论文
2026-08-31 03:39:19,690 - INFO - 正在评审/翻译第 94 篇论文 (尝试 1/3)
2026-08-31 03:39:19,690 - INFO - 使用模型: DeepSeek Chat
2026-08-31 03:39:20,011 - INFO - HTTP Request: POST https://api.deepseek.com/v1/chat/completions "HTTP/1.1 200 OK"
2026-08-31 03:39:20,659 - INFO - 第 94 篇论文被 DeepSeek 判定为不相关，已自动过滤。
2026-08-31 03:39:20,659 - INFO - 第 94 篇论文已过滤，未写入结果集
2026-08-31 03:39:23,660 - INFO - 正在处理第 95/597 篇论文
2026-08-31 03:39:23,660 - INFO - 正在评审/翻译第 95 篇论文 (尝试 1/3)
2026-08-31 03:39:23,660 - INFO - 使用模型: DeepSeek Chat
2026-08-31 03:39:23,996 - INFO - HTTP Request: POST https://api.deepseek.com/v1/chat/completions "HTTP/1.1 200 OK"
2026-08-31 03:39:24,276 - INFO - 第 95 篇论文被 DeepSeek 判定为不相关，已自动过滤。
2026-08-31 03:39:24,276 - INFO - 第 95 篇论文已过滤，未写入结果集
2026-08-31 03:39:27,276 - INFO - 正在处理第 96/597 篇论文
2026-08-31 03:39:27,276 - INFO - 正在评审/翻译第 96 篇论文 (尝试 1/3)
2026-08-31 03:39:27,276 - INFO - 使用模型: DeepSeek Chat
2026-08-31 03:39:27,623 - INFO - HTTP Request: POST https://api.deepseek.com/v1/chat/completions "HTTP/1.1 200 OK"
2026-08-31 03:39:31,778 - INFO - 第 96 篇论文处理成功
2026-08-31 03:39:34,778 - INFO - 正在处理第 97/597 篇论文
2026-08-31 03:39:34,778 - INFO - 正在评审/翻译第 97 篇论文 (尝试 1/3)
2026-08-31 03:39:34,778 - INFO - 使用模型: DeepSeek Chat
2026-08-31 03:39:35,113 - INFO - HTTP Request: POST https://api.deepseek.com/v1/chat/completions "HTTP/1.1 200 OK"
2026-08-31 03:39:37,394 - INFO - 第 97 篇论文处理成功
2026-08-31 03:39:40,394 - INFO - 正在处理第 98/597 篇论文
2026-08-31 03:39:40,394 - INFO - 正在评审/翻译第 98 篇论文 (尝试 1/3)
2026-08-31 03:39:40,394 - INFO - 使用模型: DeepSeek Chat
2026-08-31 03:39:40,737 - INFO - HTTP Request: POST https://api.deepseek.com/v1/chat/completions "HTTP/1.1 200 OK"
2026-08-31 03:39:41,034 - INFO - 第 98 篇论文被 DeepSeek 判定为不相关，已自动过滤。
2026-08-31 03:39:41,035 - INFO - 第 98 篇论文已过滤，未写入结果集
2026-08-31 03:39:44,035 - INFO - 正在处理第 99/597 篇论文
2026-08-31 03:39:44,035 - INFO - 正在评审/翻译第 99 篇论文 (尝试 1/3)
2026-08-31 03:39:44,035 - INFO - 使用模型: DeepSeek Chat
2026-08-31 03:39:44,371 - INFO - HTTP Request: POST https://api.deepseek.com/v1/chat/completions "HTTP/1.1 200 OK"
2026-08-31 03:39:44,779 - INFO - 第 99 篇论文被 DeepSeek 判定为不相关，已自动过滤。
2026-08-31 03:39:44,780 - INFO - 第 99 篇论文已过滤，未写入结果集
2026-08-31 03:39:47,780 - INFO - 正在处理第 100/597 篇论文
2026-08-31 03:39:47,780 - INFO - 正在评审/翻译第 100 篇论文 (尝试 1/3)
2026-08-31 03:39:47,780 - INFO - 使用模型: DeepSeek Chat
2026-08-31 03:39:48,108 - INFO - HTTP Request: POST https://api.deepseek.com/v1/chat/completions "HTTP/1.1 200 OK"
2026-08-31 03:39:51,381 - INFO - 第 100 篇论文处理成功
2026-08-31 03:39:54,381 - INFO - 正在处理第 101/597 篇论文
2026-08-31 03:39:54,381 - INFO - 正在评审/翻译第 101 篇论文 (尝试 1/3)
2026-08-31 03:39:54,381 - INFO - 使用模型: DeepSeek Chat
2026-08-31 03:39:54,774 - INFO - HTTP Request: POST https://api.deepseek.com/v1/chat/completions "HTTP/1.1 200 OK"
2026-08-31 03:39:55,505 - INFO - 第 101 篇论文被 DeepSeek 判定为不相关，已自动过滤。
2026-08-31 03:39:55,506 - INFO - 第 101 篇论文已过滤，未写入结果集
2026-08-31 03:39:58,506 - INFO - 正在处理第 102/597 篇论文
2026-08-31 03:39:58,506 - INFO - 正在评审/翻译第 102 篇论文 (尝试 1/3)
2026-08-31 03:39:58,506 - INFO - 使用模型: DeepSeek Chat
2026-08-31 03:39:58,864 - INFO - HTTP Request: POST https://api.deepseek.com/v1/chat/completions "HTTP/1.1 200 OK"
2026-08-31 03:39:59,511 - INFO - 第 102 篇论文被 DeepSeek 判定为不相关，已自动过滤。
2026-08-31 03:39:59,511 - INFO - 第 102 篇论文已过滤，未写入结果集
2026-08-31 03:40:02,511 - INFO - 正在处理第 103/597 篇论文
2026-08-31 03:40:02,511 - INFO - 正在评审/翻译第 103 篇论文 (尝试 1/3)
2026-08-31 03:40:02,512 - INFO - 使用模型: DeepSeek Chat
2026-08-31 03:40:02,851 - INFO - HTTP Request: POST https://api.deepseek.com/v1/chat/completions "HTTP/1.1 200 OK"
2026-08-31 03:40:03,566 - INFO - 第 103 篇论文被 DeepSeek 判定为不相关，已自动过滤。
2026-08-31 03:40:03,566 - INFO - 第 103 篇论文已过滤，未写入结果集
2026-08-31 03:40:06,566 - INFO - 正在处理第 104/597 篇论文
2026-08-31 03:40:06,567 - INFO - 正在评审/翻译第 104 篇论文 (尝试 1/3)
2026-08-31 03:40:06,567 - INFO - 使用模型: DeepSeek Chat
2026-08-31 03:40:06,888 - INFO - HTTP Request: POST https://api.deepseek.com/v1/chat/completions "HTTP/1.1 200 OK"
2026-08-31 03:40:07,569 - INFO - 第 104 篇论文被 DeepSeek 判定为不相关，已自动过滤。
2026-08-31 03:40:07,570 - INFO - 第 104 篇论文已过滤，未写入结果集
2026-08-31 03:40:10,570 - INFO - 正在处理第 105/597 篇论文
2026-08-31 03:40:10,570 - INFO - 正在评审/翻译第 105 篇论文 (尝试 1/3)
2026-08-31 03:40:10,570 - INFO - 使用模型: DeepSeek Chat
2026-08-31 03:40:10,921 - INFO - HTTP Request: POST https://api.deepseek.com/v1/chat/completions "HTTP/1.1 200 OK"
2026-08-31 03:40:11,235 - INFO - 第 105 篇论文被 DeepSeek 判定为不相关，已自动过滤。
2026-08-31 03:40:11,235 - INFO - 第 105 篇论文已过滤，未写入结果集
2026-08-31 03:40:14,236 - INFO - 正在处理第 106/597 篇论文
2026-08-31 03:40:14,236 - INFO - 正在评审/翻译第 106 篇论文 (尝试 1/3)
2026-08-31 03:40:14,236 - INFO - 使用模型: DeepSeek Chat
2026-08-31 03:40:14,588 - INFO - HTTP Request: POST https://api.deepseek.com/v1/chat/completions "HTTP/1.1 200 OK"
2026-08-31 03:40:15,023 - INFO - 第 106 篇论文被 DeepSeek 判定为不相关，已自动过滤。
2026-08-31 03:40:15,024 - INFO - 第 106 篇论文已过滤，未写入结果集
2026-08-31 03:40:18,024 - INFO - 正在处理第 107/597 篇论文
2026-08-31 03:40:18,024 - INFO - 正在评审/翻译第 107 篇论文 (尝试 1/3)
2026-08-31 03:40:18,024 - INFO - 使用模型: DeepSeek Chat
2026-08-31 03:40:18,350 - INFO - HTTP Request: POST https://api.deepseek.com/v1/chat/completions "HTTP/1.1 200 OK"
2026-08-31 03:40:18,924 - INFO - 第 107 篇论文被 DeepSeek 判定为不相关，已自动过滤。
2026-08-31 03:40:18,924 - INFO - 第 107 篇论文已过滤，未写入结果集
2026-08-31 03:40:21,924 - INFO - 正在处理第 108/597 篇论文
2026-08-31 03:40:21,924 - INFO - 正在评审/翻译第 108 篇论文 (尝试 1/3)
2026-08-31 03:40:21,925 - INFO - 使用模型: DeepSeek Chat
2026-08-31 03:40:22,257 - INFO - HTTP Request: POST https://api.deepseek.com/v1/chat/completions "HTTP/1.1 200 OK"
2026-08-31 03:40:22,598 - INFO - 第 108 篇论文被 DeepSeek 判定为不相关，已自动过滤。
2026-08-31 03:40:22,598 - INFO - 第 108 篇论文已过滤，未写入结果集
2026-08-31 03:40:25,598 - INFO - 正在处理第 109/597 篇论文
2026-08-31 03:40:25,599 - INFO - 正在评审/翻译第 109 篇论文 (尝试 1/3)
2026-08-31 03:40:25,599 - INFO - 使用模型: DeepSeek Chat
2026-08-31 03:40:25,920 - INFO - HTTP Request: POST https://api.deepseek.com/v1/chat/completions "HTTP/1.1 200 OK"
2026-08-31 03:40:26,535 - INFO - 第 109 篇论文被 DeepSeek 判定为不相关，已自动过滤。
2026-08-31 03:40:26,535 - INFO - 第 109 篇论文已过滤，未写入结果集
2026-08-31 03:40:29,535 - INFO - 正在处理第 110/597 篇论文
2026-08-31 03:40:29,536 - INFO - 正在评审/翻译第 110 篇论文 (尝试 1/3)
2026-08-31 03:40:29,536 - INFO - 使用模型: DeepSeek Chat
2026-08-31 03:40:29,875 - INFO - HTTP Request: POST https://api.deepseek.com/v1/chat/completions "HTTP/1.1 200 OK"
2026-08-31 03:40:33,434 - INFO - 第 110 篇论文处理成功
2026-08-31 03:40:36,435 - INFO - 正在处理第 111/597 篇论文
2026-08-31 03:40:36,435 - INFO - 正在评审/翻译第 111 篇论文 (尝试 1/3)
2026-08-31 03:40:36,435 - INFO - 使用模型: DeepSeek Chat
2026-08-31 03:40:36,786 - INFO - HTTP Request: POST https://api.deepseek.com/v1/chat/completions "HTTP/1.1 200 OK"
2026-08-31 03:40:41,176 - INFO - 第 111 篇论文处理成功
2026-08-31 03:40:44,176 - INFO - 正在处理第 112/597 篇论文
2026-08-31 03:40:44,176 - INFO - 正在评审/翻译第 112 篇论文 (尝试 1/3)
2026-08-31 03:40:44,176 - INFO - 使用模型: DeepSeek Chat
2026-08-31 03:40:44,505 - INFO - HTTP Request: POST https://api.deepseek.com/v1/chat/completions "HTTP/1.1 200 OK"
2026-08-31 03:40:44,891 - INFO - 第 112 篇论文被 DeepSeek 判定为不相关，已自动过滤。
2026-08-31 03:40:44,891 - INFO - 第 112 篇论文已过滤，未写入结果集
2026-08-31 03:40:47,891 - INFO - 正在处理第 113/597 篇论文
2026-08-31 03:40:47,892 - INFO - 正在评审/翻译第 113 篇论文 (尝试 1/3)
2026-08-31 03:40:47,892 - INFO - 使用模型: DeepSeek Chat
2026-08-31 03:40:48,270 - INFO - HTTP Request: POST https://api.deepseek.com/v1/chat/completions "HTTP/1.1 200 OK"
2026-08-31 03:40:48,507 - INFO - 第 113 篇论文被 DeepSeek 判定为不相关，已自动过滤。
2026-08-31 03:40:48,508 - INFO - 第 113 篇论文已过滤，未写入结果集
2026-08-31 03:40:51,508 - INFO - 正在处理第 114/597 篇论文
2026-08-31 03:40:51,508 - INFO - 正在评审/翻译第 114 篇论文 (尝试 1/3)
2026-08-31 03:40:51,508 - INFO - 使用模型: DeepSeek Chat
2026-08-31 03:40:51,847 - INFO - HTTP Request: POST https://api.deepseek.com/v1/chat/completions "HTTP/1.1 200 OK"
2026-08-31 03:40:52,115 - INFO - 第 114 篇论文被 DeepSeek 判定为不相关，已自动过滤。
2026-08-31 03:40:52,115 - INFO - 第 114 篇论文已过滤，未写入结果集
2026-08-31 03:40:55,115 - INFO - 正在处理第 115/597 篇论文
2026-08-31 03:40:55,115 - INFO - 正在评审/翻译第 115 篇论文 (尝试 1/3)
2026-08-31 03:40:55,116 - INFO - 使用模型: DeepSeek Chat
2026-08-31 03:40:55,455 - INFO - HTTP Request: POST https://api.deepseek.com/v1/chat/completions "HTTP/1.1 200 OK"
2026-08-31 03:40:56,152 - INFO - 第 115 篇论文被 DeepSeek 判定为不相关，已自动过滤。
2026-08-31 03:40:56,153 - INFO - 第 115 篇论文已过滤，未写入结果集
2026-08-31 03:40:59,153 - INFO - 正在处理第 116/597 篇论文
2026-08-31 03:40:59,153 - INFO - 正在评审/翻译第 116 篇论文 (尝试 1/3)
2026-08-31 03:40:59,153 - INFO - 使用模型: DeepSeek Chat
2026-08-31 03:40:59,569 - INFO - HTTP Request: POST https://api.deepseek.com/v1/chat/completions "HTTP/1.1 200 OK"
2026-08-31 03:40:59,969 - INFO - 第 116 篇论文被 DeepSeek 判定为不相关，已自动过滤。
2026-08-31 03:40:59,969 - INFO - 第 116 篇论文已过滤，未写入结果集
2026-08-31 03:41:02,969 - INFO - 正在处理第 117/597 篇论文
2026-08-31 03:41:02,970 - INFO - 正在评审/翻译第 117 篇论文 (尝试 1/3)
2026-08-31 03:41:02,970 - INFO - 使用模型: DeepSeek Chat
2026-08-31 03:41:03,303 - INFO - HTTP Request: POST https://api.deepseek.com/v1/chat/completions "HTTP/1.1 200 OK"
2026-08-31 03:41:03,918 - INFO - 第 117 篇论文被 DeepSeek 判定为不相关，已自动过滤。
2026-08-31 03:41:03,919 - INFO - 第 117 篇论文已过滤，未写入结果集
2026-08-31 03:41:06,919 - INFO - 正在处理第 118/597 篇论文
2026-08-31 03:41:06,919 - INFO - 正在评审/翻译第 118 篇论文 (尝试 1/3)
2026-08-31 03:41:06,919 - INFO - 使用模型: DeepSeek Chat
2026-08-31 03:41:07,250 - INFO - HTTP Request: POST https://api.deepseek.com/v1/chat/completions "HTTP/1.1 200 OK"
2026-08-31 03:41:07,725 - INFO - 第 118 篇论文被 DeepSeek 判定为不相关，已自动过滤。
2026-08-31 03:41:07,725 - INFO - 第 118 篇论文已过滤，未写入结果集
2026-08-31 03:41:10,726 - INFO - 正在处理第 119/597 篇论文
2026-08-31 03:41:10,726 - INFO - 正在评审/翻译第 119 篇论文 (尝试 1/3)
2026-08-31 03:41:10,726 - INFO - 使用模型: DeepSeek Chat
2026-08-31 03:41:11,062 - INFO - HTTP Request: POST https://api.deepseek.com/v1/chat/completions "HTTP/1.1 200 OK"
2026-08-31 03:41:15,956 - INFO - 第 119 篇论文处理成功
2026-08-31 03:41:18,956 - INFO - 正在处理第 120/597 篇论文
2026-08-31 03:41:18,956 - INFO - 正在评审/翻译第 120 篇论文 (尝试 1/3)
2026-08-31 03:41:18,956 - INFO - 使用模型: DeepSeek Chat
2026-08-31 03:41:19,296 - INFO - HTTP Request: POST https://api.deepseek.com/v1/chat/completions "HTTP/1.1 200 OK"
2026-08-31 03:41:19,734 - INFO - 第 120 篇论文被 DeepSeek 判定为不相关，已自动过滤。
2026-08-31 03:41:19,735 - INFO - 第 120 篇论文已过滤，未写入结果集
2026-08-31 03:41:22,735 - INFO - 正在处理第 121/597 篇论文
2026-08-31 03:41:22,735 - INFO - 正在评审/翻译第 121 篇论文 (尝试 1/3)
2026-08-31 03:41:22,735 - INFO - 使用模型: DeepSeek Chat
2026-08-31 03:41:23,074 - INFO - HTTP Request: POST https://api.deepseek.com/v1/chat/completions "HTTP/1.1 200 OK"
2026-08-31 03:41:23,898 - INFO - 第 121 篇论文被 DeepSeek 判定为不相关，已自动过滤。
2026-08-31 03:41:23,899 - INFO - 第 121 篇论文已过滤，未写入结果集
2026-08-31 03:41:26,899 - INFO - 正在处理第 122/597 篇论文
2026-08-31 03:41:26,899 - INFO - 正在评审/翻译第 122 篇论文 (尝试 1/3)
2026-08-31 03:41:26,899 - INFO - 使用模型: DeepSeek Chat
2026-08-31 03:41:27,242 - INFO - HTTP Request: POST https://api.deepseek.com/v1/chat/completions "HTTP/1.1 200 OK"
2026-08-31 03:41:27,644 - INFO - 第 122 篇论文被 DeepSeek 判定为不相关，已自动过滤。
2026-08-31 03:41:27,645 - INFO - 第 122 篇论文已过滤，未写入结果集
2026-08-31 03:41:30,645 - INFO - 正在处理第 123/597 篇论文
2026-08-31 03:41:30,645 - INFO - 正在评审/翻译第 123 篇论文 (尝试 1/3)
2026-08-31 03:41:30,645 - INFO - 使用模型: DeepSeek Chat
2026-08-31 03:41:30,981 - INFO - HTTP Request: POST https://api.deepseek.com/v1/chat/completions "HTTP/1.1 200 OK"
2026-08-31 03:41:31,763 - INFO - 第 123 篇论文被 DeepSeek 判定为不相关，已自动过滤。
2026-08-31 03:41:31,763 - INFO - 第 123 篇论文已过滤，未写入结果集
2026-08-31 03:41:34,763 - INFO - 正在处理第 124/597 篇论文
2026-08-31 03:41:34,764 - INFO - 正在评审/翻译第 124 篇论文 (尝试 1/3)
2026-08-31 03:41:34,764 - INFO - 使用模型: DeepSeek Chat
2026-08-31 03:41:35,093 - INFO - HTTP Request: POST https://api.deepseek.com/v1/chat/completions "HTTP/1.1 200 OK"
2026-08-31 03:41:35,700 - INFO - 第 124 篇论文被 DeepSeek 判定为不相关，已自动过滤。
2026-08-31 03:41:35,701 - INFO - 第 124 篇论文已过滤，未写入结果集
2026-08-31 03:41:38,701 - INFO - 正在处理第 125/597 篇论文
2026-08-31 03:41:38,701 - INFO - 正在评审/翻译第 125 篇论文 (尝试 1/3)
2026-08-31 03:41:38,701 - INFO - 使用模型: DeepSeek Chat
2026-08-31 03:41:39,046 - INFO - HTTP Request: POST https://api.deepseek.com/v1/chat/completions "HTTP/1.1 200 OK"
2026-08-31 03:41:39,565 - INFO - 第 125 篇论文被 DeepSeek 判定为不相关，已自动过滤。
2026-08-31 03:41:39,566 - INFO - 第 125 篇论文已过滤，未写入结果集
2026-08-31 03:41:42,566 - INFO - 正在处理第 126/597 篇论文
2026-08-31 03:41:42,566 - INFO - 正在评审/翻译第 126 篇论文 (尝试 1/3)
2026-08-31 03:41:42,566 - INFO - 使用模型: DeepSeek Chat
2026-08-31 03:41:42,906 - INFO - HTTP Request: POST https://api.deepseek.com/v1/chat/completions "HTTP/1.1 200 OK"
2026-08-31 03:41:43,365 - INFO - 第 126 篇论文被 DeepSeek 判定为不相关，已自动过滤。
2026-08-31 03:41:43,365 - INFO - 第 126 篇论文已过滤，未写入结果集
2026-08-31 03:41:46,365 - INFO - 正在处理第 127/597 篇论文
2026-08-31 03:41:46,366 - INFO - 正在评审/翻译第 127 篇论文 (尝试 1/3)
2026-08-31 03:41:46,366 - INFO - 使用模型: DeepSeek Chat
2026-08-31 03:41:46,704 - INFO - HTTP Request: POST https://api.deepseek.com/v1/chat/completions "HTTP/1.1 200 OK"
2026-08-31 03:41:47,103 - INFO - 第 127 篇论文被 DeepSeek 判定为不相关，已自动过滤。
2026-08-31 03:41:47,103 - INFO - 第 127 篇论文已过滤，未写入结果集
2026-08-31 03:41:50,103 - INFO - 正在处理第 128/597 篇论文
2026-08-31 03:41:50,104 - INFO - 正在评审/翻译第 128 篇论文 (尝试 1/3)
2026-08-31 03:41:50,104 - INFO - 使用模型: DeepSeek Chat
2026-08-31 03:41:50,432 - INFO - HTTP Request: POST https://api.deepseek.com/v1/chat/completions "HTTP/1.1 200 OK"
2026-08-31 03:41:51,127 - INFO - 第 128 篇论文被 DeepSeek 判定为不相关，已自动过滤。
2026-08-31 03:41:51,128 - INFO - 第 128 篇论文已过滤，未写入结果集
2026-08-31 03:41:54,128 - INFO - 正在处理第 129/597 篇论文
2026-08-31 03:41:54,128 - INFO - 正在评审/翻译第 129 篇论文 (尝试 1/3)
2026-08-31 03:41:54,128 - INFO - 使用模型: DeepSeek Chat
2026-08-31 03:41:54,454 - INFO - HTTP Request: POST https://api.deepseek.com/v1/chat/completions "HTTP/1.1 200 OK"
2026-08-31 03:41:55,231 - INFO - 第 129 篇论文被 DeepSeek 判定为不相关，已自动过滤。
2026-08-31 03:41:55,231 - INFO - 第 129 篇论文已过滤，未写入结果集
2026-08-31 03:41:58,231 - INFO - 正在处理第 130/597 篇论文
2026-08-31 03:41:58,232 - INFO - 正在评审/翻译第 130 篇论文 (尝试 1/3)
2026-08-31 03:41:58,232 - INFO - 使用模型: DeepSeek Chat
2026-08-31 03:41:58,574 - INFO - HTTP Request: POST https://api.deepseek.com/v1/chat/completions "HTTP/1.1 200 OK"
2026-08-31 03:42:03,906 - INFO - 第 130 篇论文处理成功
2026-08-31 03:42:06,906 - INFO - 正在处理第 131/597 篇论文
2026-08-31 03:42:06,906 - INFO - 正在评审/翻译第 131 篇论文 (尝试 1/3)
2026-08-31 03:42:06,906 - INFO - 使用模型: DeepSeek Chat
2026-08-31 03:42:07,241 - INFO - HTTP Request: POST https://api.deepseek.com/v1/chat/completions "HTTP/1.1 200 OK"
2026-08-31 03:42:08,004 - INFO - 第 131 篇论文被 DeepSeek 判定为不相关，已自动过滤。
2026-08-31 03:42:08,004 - INFO - 第 131 篇论文已过滤，未写入结果集
2026-08-31 03:42:11,005 - INFO - 正在处理第 132/597 篇论文
2026-08-31 03:42:11,005 - INFO - 正在评审/翻译第 132 篇论文 (尝试 1/3)
2026-08-31 03:42:11,005 - INFO - 使用模型: DeepSeek Chat
2026-08-31 03:42:11,360 - INFO - HTTP Request: POST https://api.deepseek.com/v1/chat/completions "HTTP/1.1 200 OK"
2026-08-31 03:42:11,921 - INFO - 第 132 篇论文被 DeepSeek 判定为不相关，已自动过滤。
2026-08-31 03:42:11,922 - INFO - 第 132 篇论文已过滤，未写入结果集
2026-08-31 03:42:14,922 - INFO - 正在处理第 133/597 篇论文
2026-08-31 03:42:14,922 - INFO - 正在评审/翻译第 133 篇论文 (尝试 1/3)
2026-08-31 03:42:14,922 - INFO - 使用模型: DeepSeek Chat
2026-08-31 03:42:15,247 - INFO - HTTP Request: POST https://api.deepseek.com/v1/chat/completions "HTTP/1.1 200 OK"
2026-08-31 03:42:16,038 - INFO - 第 133 篇论文被 DeepSeek 判定为不相关，已自动过滤。
2026-08-31 03:42:16,039 - INFO - 第 133 篇论文已过滤，未写入结果集
2026-08-31 03:42:19,039 - INFO - 正在处理第 134/597 篇论文
2026-08-31 03:42:19,039 - INFO - 正在评审/翻译第 134 篇论文 (尝试 1/3)
2026-08-31 03:42:19,039 - INFO - 使用模型: DeepSeek Chat
2026-08-31 03:42:19,374 - INFO - HTTP Request: POST https://api.deepseek.com/v1/chat/completions "HTTP/1.1 200 OK"
2026-08-31 03:42:24,665 - INFO - 第 134 篇论文处理成功
2026-08-31 03:42:27,665 - INFO - 正在处理第 135/597 篇论文
2026-08-31 03:42:27,665 - INFO - 正在评审/翻译第 135 篇论文 (尝试 1/3)
2026-08-31 03:42:27,665 - INFO - 使用模型: DeepSeek Chat
2026-08-31 03:42:28,000 - INFO - HTTP Request: POST https://api.deepseek.com/v1/chat/completions "HTTP/1.1 200 OK"
2026-08-31 03:42:28,774 - INFO - 第 135 篇论文被 DeepSeek 判定为不相关，已自动过滤。
2026-08-31 03:42:28,774 - INFO - 第 135 篇论文已过滤，未写入结果集
2026-08-31 03:42:31,775 - INFO - 正在处理第 136/597 篇论文
2026-08-31 03:42:31,775 - INFO - 正在评审/翻译第 136 篇论文 (尝试 1/3)
2026-08-31 03:42:31,775 - INFO - 使用模型: DeepSeek Chat
2026-08-31 03:42:32,094 - INFO - HTTP Request: POST https://api.deepseek.com/v1/chat/completions "HTTP/1.1 200 OK"
2026-08-31 03:42:32,770 - INFO - 第 136 篇论文被 DeepSeek 判定为不相关，已自动过滤。
2026-08-31 03:42:32,771 - INFO - 第 136 篇论文已过滤，未写入结果集
2026-08-31 03:42:35,771 - INFO - 正在处理第 137/597 篇论文
2026-08-31 03:42:35,771 - INFO - 正在评审/翻译第 137 篇论文 (尝试 1/3)
2026-08-31 03:42:35,771 - INFO - 使用模型: DeepSeek Chat
2026-08-31 03:42:36,106 - INFO - HTTP Request: POST https://api.deepseek.com/v1/chat/completions "HTTP/1.1 200 OK"
2026-08-31 03:42:36,775 - INFO - 第 137 篇论文被 DeepSeek 判定为不相关，已自动过滤。
2026-08-31 03:42:36,775 - INFO - 第 137 篇论文已过滤，未写入结果集
2026-08-31 03:42:39,775 - INFO - 正在处理第 138/597 篇论文
2026-08-31 03:42:39,776 - INFO - 正在评审/翻译第 138 篇论文 (尝试 1/3)
2026-08-31 03:42:39,776 - INFO - 使用模型: DeepSeek Chat
2026-08-31 03:42:40,105 - INFO - HTTP Request: POST https://api.deepseek.com/v1/chat/completions "HTTP/1.1 200 OK"
2026-08-31 03:42:40,367 - INFO - 第 138 篇论文被 DeepSeek 判定为不相关，已自动过滤。
2026-08-31 03:42:40,367 - INFO - 第 138 篇论文已过滤，未写入结果集
2026-08-31 03:42:43,367 - INFO - 正在处理第 139/597 篇论文
2026-08-31 03:42:43,368 - INFO - 正在评审/翻译第 139 篇论文 (尝试 1/3)
2026-08-31 03:42:43,368 - INFO - 使用模型: DeepSeek Chat
2026-08-31 03:42:43,710 - INFO - HTTP Request: POST https://api.deepseek.com/v1/chat/completions "HTTP/1.1 200 OK"
2026-08-31 03:42:44,214 - INFO - 第 139 篇论文被 DeepSeek 判定为不相关，已自动过滤。
2026-08-31 03:42:44,215 - INFO - 第 139 篇论文已过滤，未写入结果集
2026-08-31 03:42:47,215 - INFO - 正在处理第 140/597 篇论文
2026-08-31 03:42:47,215 - INFO - 正在评审/翻译第 140 篇论文 (尝试 1/3)
2026-08-31 03:42:47,215 - INFO - 使用模型: DeepSeek Chat
2026-08-31 03:42:47,555 - INFO - HTTP Request: POST https://api.deepseek.com/v1/chat/completions "HTTP/1.1 200 OK"
2026-08-31 03:42:50,942 - INFO - 第 140 篇论文处理成功
2026-08-31 03:42:53,942 - INFO - 正在处理第 141/597 篇论文
2026-08-31 03:42:53,943 - INFO - 正在评审/翻译第 141 篇论文 (尝试 1/3)
2026-08-31 03:42:53,943 - INFO - 使用模型: DeepSeek Chat
2026-08-31 03:42:54,273 - INFO - HTTP Request: POST https://api.deepseek.com/v1/chat/completions "HTTP/1.1 200 OK"
2026-08-31 03:42:54,643 - INFO - 第 141 篇论文被 DeepSeek 判定为不相关，已自动过滤。
2026-08-31 03:42:54,644 - INFO - 第 141 篇论文已过滤，未写入结果集
2026-08-31 03:42:57,644 - INFO - 正在处理第 142/597 篇论文
2026-08-31 03:42:57,644 - INFO - 正在评审/翻译第 142 篇论文 (尝试 1/3)
2026-08-31 03:42:57,644 - INFO - 使用模型: DeepSeek Chat
2026-08-31 03:42:57,975 - INFO - HTTP Request: POST https://api.deepseek.com/v1/chat/completions "HTTP/1.1 200 OK"
2026-08-31 03:42:58,566 - INFO - 第 142 篇论文被 DeepSeek 判定为不相关，已自动过滤。
2026-08-31 03:42:58,566 - INFO - 第 142 篇论文已过滤，未写入结果集
2026-08-31 03:43:01,566 - INFO - 正在处理第 143/597 篇论文
2026-08-31 03:43:01,567 - INFO - 正在评审/翻译第 143 篇论文 (尝试 1/3)
2026-08-31 03:43:01,567 - INFO - 使用模型: DeepSeek Chat
2026-08-31 03:43:01,890 - INFO - HTTP Request: POST https://api.deepseek.com/v1/chat/completions "HTTP/1.1 200 OK"
2026-08-31 03:43:02,435 - INFO - 第 143 篇论文被 DeepSeek 判定为不相关，已自动过滤。
2026-08-31 03:43:02,435 - INFO - 第 143 篇论文已过滤，未写入结果集
2026-08-31 03:43:05,435 - INFO - 正在处理第 144/597 篇论文
2026-08-31 03:43:05,436 - INFO - 正在评审/翻译第 144 篇论文 (尝试 1/3)
2026-08-31 03:43:05,436 - INFO - 使用模型: DeepSeek Chat
2026-08-31 03:43:05,782 - INFO - HTTP Request: POST https://api.deepseek.com/v1/chat/completions "HTTP/1.1 200 OK"
2026-08-31 03:43:06,014 - INFO - 第 144 篇论文被 DeepSeek 判定为不相关，已自动过滤。
2026-08-31 03:43:06,014 - INFO - 第 144 篇论文已过滤，未写入结果集
2026-08-31 03:43:09,015 - INFO - 正在处理第 145/597 篇论文
2026-08-31 03:43:09,015 - INFO - 正在评审/翻译第 145 篇论文 (尝试 1/3)
2026-08-31 03:43:09,015 - INFO - 使用模型: DeepSeek Chat
2026-08-31 03:43:09,362 - INFO - HTTP Request: POST https://api.deepseek.com/v1/chat/completions "HTTP/1.1 200 OK"
2026-08-31 03:43:09,943 - INFO - 第 145 篇论文被 DeepSeek 判定为不相关，已自动过滤。
2026-08-31 03:43:09,944 - INFO - 第 145 篇论文已过滤，未写入结果集
2026-08-31 03:43:12,944 - INFO - 正在处理第 146/597 篇论文
2026-08-31 03:43:12,944 - INFO - 正在评审/翻译第 146 篇论文 (尝试 1/3)
2026-08-31 03:43:12,944 - INFO - 使用模型: DeepSeek Chat
2026-08-31 03:43:13,291 - INFO - HTTP Request: POST https://api.deepseek.com/v1/chat/completions "HTTP/1.1 200 OK"
2026-08-31 03:43:13,691 - INFO - 第 146 篇论文被 DeepSeek 判定为不相关，已自动过滤。
2026-08-31 03:43:13,692 - INFO - 第 146 篇论文已过滤，未写入结果集
2026-08-31 03:43:16,692 - INFO - 正在处理第 147/597 篇论文
2026-08-31 03:43:16,692 - INFO - 正在评审/翻译第 147 篇论文 (尝试 1/3)
2026-08-31 03:43:16,692 - INFO - 使用模型: DeepSeek Chat
2026-08-31 03:43:17,026 - INFO - HTTP Request: POST https://api.deepseek.com/v1/chat/completions "HTTP/1.1 200 OK"
2026-08-31 03:43:17,632 - INFO - 第 147 篇论文被 DeepSeek 判定为不相关，已自动过滤。
2026-08-31 03:43:17,633 - INFO - 第 147 篇论文已过滤，未写入结果集
2026-08-31 03:43:20,633 - INFO - 正在处理第 148/597 篇论文
2026-08-31 03:43:20,633 - INFO - 正在评审/翻译第 148 篇论文 (尝试 1/3)
2026-08-31 03:43:20,633 - INFO - 使用模型: DeepSeek Chat
2026-08-31 03:43:20,989 - INFO - HTTP Request: POST https://api.deepseek.com/v1/chat/completions "HTTP/1.1 200 OK"
2026-08-31 03:43:23,975 - INFO - 第 148 篇论文处理成功
2026-08-31 03:43:26,975 - INFO - 正在处理第 149/597 篇论文
2026-08-31 03:43:26,975 - INFO - 正在评审/翻译第 149 篇论文 (尝试 1/3)
2026-08-31 03:43:26,975 - INFO - 使用模型: DeepSeek Chat
2026-08-31 03:43:27,304 - INFO - HTTP Request: POST https://api.deepseek.com/v1/chat/completions "HTTP/1.1 200 OK"
2026-08-31 03:43:30,964 - INFO - 第 149 篇论文处理成功
2026-08-31 03:43:33,964 - INFO - 正在处理第 150/597 篇论文
2026-08-31 03:43:33,964 - INFO - 正在评审/翻译第 150 篇论文 (尝试 1/3)
2026-08-31 03:43:33,964 - INFO - 使用模型: DeepSeek Chat
2026-08-31 03:43:34,308 - INFO - HTTP Request: POST https://api.deepseek.com/v1/chat/completions "HTTP/1.1 200 OK"
2026-08-31 03:43:34,732 - INFO - 第 150 篇论文被 DeepSeek 判定为不相关，已自动过滤。
2026-08-31 03:43:34,732 - INFO - 第 150 篇论文已过滤，未写入结果集
2026-08-31 03:43:37,733 - INFO - 正在处理第 151/597 篇论文
2026-08-31 03:43:37,733 - INFO - 正在评审/翻译第 151 篇论文 (尝试 1/3)
2026-08-31 03:43:37,733 - INFO - 使用模型: DeepSeek Chat
2026-08-31 03:43:38,071 - INFO - HTTP Request: POST https://api.deepseek.com/v1/chat/completions "HTTP/1.1 200 OK"
2026-08-31 03:43:38,578 - INFO - 第 151 篇论文被 DeepSeek 判定为不相关，已自动过滤。
2026-08-31 03:43:38,579 - INFO - 第 151 篇论文已过滤，未写入结果集
2026-08-31 03:43:41,579 - INFO - 正在处理第 152/597 篇论文
2026-08-31 03:43:41,579 - INFO - 正在评审/翻译第 152 篇论文 (尝试 1/3)
2026-08-31 03:43:41,580 - INFO - 使用模型: DeepSeek Chat
2026-08-31 03:43:41,906 - INFO - HTTP Request: POST https://api.deepseek.com/v1/chat/completions "HTTP/1.1 200 OK"
2026-08-31 03:43:42,365 - INFO - 第 152 篇论文被 DeepSeek 判定为不相关，已自动过滤。
2026-08-31 03:43:42,366 - INFO - 第 152 篇论文已过滤，未写入结果集
2026-08-31 03:43:45,366 - INFO - 正在处理第 153/597 篇论文
2026-08-31 03:43:45,366 - INFO - 正在评审/翻译第 153 篇论文 (尝试 1/3)
2026-08-31 03:43:45,366 - INFO - 使用模型: DeepSeek Chat
2026-08-31 03:43:45,685 - INFO - HTTP Request: POST https://api.deepseek.com/v1/chat/completions "HTTP/1.1 200 OK"
2026-08-31 03:43:46,084 - INFO - 第 153 篇论文被 DeepSeek 判定为不相关，已自动过滤。
2026-08-31 03:43:46,085 - INFO - 第 153 篇论文已过滤，未写入结果集
2026-08-31 03:43:49,085 - INFO - 正在处理第 154/597 篇论文
2026-08-31 03:43:49,085 - INFO - 正在评审/翻译第 154 篇论文 (尝试 1/3)
2026-08-31 03:43:49,085 - INFO - 使用模型: DeepSeek Chat
2026-08-31 03:43:49,408 - INFO - HTTP Request: POST https://api.deepseek.com/v1/chat/completions "HTTP/1.1 200 OK"
2026-08-31 03:43:49,874 - INFO - 第 154 篇论文被 DeepSeek 判定为不相关，已自动过滤。
2026-08-31 03:43:49,875 - INFO - 第 154 篇论文已过滤，未写入结果集
2026-08-31 03:43:52,875 - INFO - 正在处理第 155/597 篇论文
2026-08-31 03:43:52,875 - INFO - 正在评审/翻译第 155 篇论文 (尝试 1/3)
2026-08-31 03:43:52,876 - INFO - 使用模型: DeepSeek Chat
2026-08-31 03:43:53,227 - INFO - HTTP Request: POST https://api.deepseek.com/v1/chat/completions "HTTP/1.1 200 OK"
2026-08-31 03:43:53,583 - INFO - 第 155 篇论文被 DeepSeek 判定为不相关，已自动过滤。
2026-08-31 03:43:53,583 - INFO - 第 155 篇论文已过滤，未写入结果集
2026-08-31 03:43:56,584 - INFO - 正在处理第 156/597 篇论文
2026-08-31 03:43:56,584 - INFO - 正在评审/翻译第 156 篇论文 (尝试 1/3)
2026-08-31 03:43:56,584 - INFO - 使用模型: DeepSeek Chat
2026-08-31 03:43:56,919 - INFO - HTTP Request: POST https://api.deepseek.com/v1/chat/completions "HTTP/1.1 200 OK"
2026-08-31 03:44:00,202 - INFO - 第 156 篇论文处理成功
2026-08-31 03:44:03,202 - INFO - 正在处理第 157/597 篇论文
2026-08-31 03:44:03,202 - INFO - 正在评审/翻译第 157 篇论文 (尝试 1/3)
2026-08-31 03:44:03,202 - INFO - 使用模型: DeepSeek Chat
2026-08-31 03:44:03,530 - INFO - HTTP Request: POST https://api.deepseek.com/v1/chat/completions "HTTP/1.1 200 OK"
2026-08-31 03:44:04,210 - INFO - 第 157 篇论文被 DeepSeek 判定为不相关，已自动过滤。
2026-08-31 03:44:04,211 - INFO - 第 157 篇论文已过滤，未写入结果集
2026-08-31 03:44:07,211 - INFO - 正在处理第 158/597 篇论文
2026-08-31 03:44:07,211 - INFO - 正在评审/翻译第 158 篇论文 (尝试 1/3)
2026-08-31 03:44:07,212 - INFO - 使用模型: DeepSeek Chat
2026-08-31 03:44:07,553 - INFO - HTTP Request: POST https://api.deepseek.com/v1/chat/completions "HTTP/1.1 200 OK"
2026-08-31 03:44:10,920 - INFO - 第 158 篇论文处理成功
2026-08-31 03:44:13,920 - INFO - 正在处理第 159/597 篇论文
2026-08-31 03:44:13,920 - INFO - 正在评审/翻译第 159 篇论文 (尝试 1/3)
2026-08-31 03:44:13,920 - INFO - 使用模型: DeepSeek Chat
2026-08-31 03:44:14,260 - INFO - HTTP Request: POST https://api.deepseek.com/v1/chat/completions "HTTP/1.1 200 OK"
2026-08-31 03:44:14,975 - INFO - 第 159 篇论文被 DeepSeek 判定为不相关，已自动过滤。
2026-08-31 03:44:14,976 - INFO - 第 159 篇论文已过滤，未写入结果集
2026-08-31 03:44:17,976 - INFO - 正在处理第 160/597 篇论文
2026-08-31 03:44:17,976 - INFO - 正在评审/翻译第 160 篇论文 (尝试 1/3)
2026-08-31 03:44:17,977 - INFO - 使用模型: DeepSeek Chat
2026-08-31 03:44:18,318 - INFO - HTTP Request: POST https://api.deepseek.com/v1/chat/completions "HTTP/1.1 200 OK"
2026-08-31 03:44:18,836 - INFO - 第 160 篇论文被 DeepSeek 判定为不相关，已自动过滤。
2026-08-31 03:44:18,836 - INFO - 第 160 篇论文已过滤，未写入结果集
2026-08-31 03:44:21,836 - INFO - 正在处理第 161/597 篇论文
2026-08-31 03:44:21,837 - INFO - 正在评审/翻译第 161 篇论文 (尝试 1/3)
2026-08-31 03:44:21,837 - INFO - 使用模型: DeepSeek Chat
2026-08-31 03:44:22,167 - INFO - HTTP Request: POST https://api.deepseek.com/v1/chat/completions "HTTP/1.1 200 OK"
2026-08-31 03:44:22,720 - INFO - 第 161 篇论文被 DeepSeek 判定为不相关，已自动过滤。
2026-08-31 03:44:22,721 - INFO - 第 161 篇论文已过滤，未写入结果集
2026-08-31 03:44:25,721 - INFO - 正在处理第 162/597 篇论文
2026-08-31 03:44:25,721 - INFO - 正在评审/翻译第 162 篇论文 (尝试 1/3)
2026-08-31 03:44:25,721 - INFO - 使用模型: DeepSeek Chat
2026-08-31 03:44:26,055 - INFO - HTTP Request: POST https://api.deepseek.com/v1/chat/completions "HTTP/1.1 200 OK"
2026-08-31 03:44:26,448 - INFO - 第 162 篇论文被 DeepSeek 判定为不相关，已自动过滤。
2026-08-31 03:44:26,448 - INFO - 第 162 篇论文已过滤，未写入结果集
2026-08-31 03:44:29,449 - INFO - 正在处理第 163/597 篇论文
2026-08-31 03:44:29,449 - INFO - 正在评审/翻译第 163 篇论文 (尝试 1/3)
2026-08-31 03:44:29,449 - INFO - 使用模型: DeepSeek Chat
2026-08-31 03:44:29,803 - INFO - HTTP Request: POST https://api.deepseek.com/v1/chat/completions "HTTP/1.1 200 OK"
2026-08-31 03:44:30,334 - INFO - 第 163 篇论文被 DeepSeek 判定为不相关，已自动过滤。
2026-08-31 03:44:30,335 - INFO - 第 163 篇论文已过滤，未写入结果集
2026-08-31 03:44:33,335 - INFO - 正在处理第 164/597 篇论文
2026-08-31 03:44:33,335 - INFO - 正在评审/翻译第 164 篇论文 (尝试 1/3)
2026-08-31 03:44:33,335 - INFO - 使用模型: DeepSeek Chat
2026-08-31 03:44:33,671 - INFO - HTTP Request: POST https://api.deepseek.com/v1/chat/completions "HTTP/1.1 200 OK"
2026-08-31 03:44:37,630 - INFO - 第 164 篇论文处理成功
2026-08-31 03:44:40,630 - INFO - 正在处理第 165/597 篇论文
2026-08-31 03:44:40,631 - INFO - 正在评审/翻译第 165 篇论文 (尝试 1/3)
2026-08-31 03:44:40,631 - INFO - 使用模型: DeepSeek Chat
2026-08-31 03:44:40,990 - INFO - HTTP Request: POST https://api.deepseek.com/v1/chat/completions "HTTP/1.1 200 OK"
2026-08-31 03:44:45,514 - INFO - 第 165 篇论文处理成功
2026-08-31 03:44:48,515 - INFO - 正在处理第 166/597 篇论文
2026-08-31 03:44:48,515 - INFO - 正在评审/翻译第 166 篇论文 (尝试 1/3)
2026-08-31 03:44:48,515 - INFO - 使用模型: DeepSeek Chat
2026-08-31 03:44:48,856 - INFO - HTTP Request: POST https://api.deepseek.com/v1/chat/completions "HTTP/1.1 200 OK"
2026-08-31 03:44:49,230 - INFO - 第 166 篇论文被 DeepSeek 判定为不相关，已自动过滤。
2026-08-31 03:44:49,231 - INFO - 第 166 篇论文已过滤，未写入结果集
2026-08-31 03:44:52,231 - INFO - 正在处理第 167/597 篇论文
2026-08-31 03:44:52,231 - INFO - 正在评审/翻译第 167 篇论文 (尝试 1/3)
2026-08-31 03:44:52,231 - INFO - 使用模型: DeepSeek Chat
2026-08-31 03:44:52,558 - INFO - HTTP Request: POST https://api.deepseek.com/v1/chat/completions "HTTP/1.1 200 OK"
2026-08-31 03:44:53,226 - INFO - 第 167 篇论文被 DeepSeek 判定为不相关，已自动过滤。
2026-08-31 03:44:53,227 - INFO - 第 167 篇论文已过滤，未写入结果集
2026-08-31 03:44:56,227 - INFO - 正在处理第 168/597 篇论文
2026-08-31 03:44:56,227 - INFO - 正在评审/翻译第 168 篇论文 (尝试 1/3)
2026-08-31 03:44:56,227 - INFO - 使用模型: DeepSeek Chat
2026-08-31 03:44:56,567 - INFO - HTTP Request: POST https://api.deepseek.com/v1/chat/completions "HTTP/1.1 200 OK"
2026-08-31 03:44:57,162 - INFO - 第 168 篇论文被 DeepSeek 判定为不相关，已自动过滤。
2026-08-31 03:44:57,162 - INFO - 第 168 篇论文已过滤，未写入结果集
2026-08-31 03:45:00,163 - INFO - 正在处理第 169/597 篇论文
2026-08-31 03:45:00,163 - INFO - 正在评审/翻译第 169 篇论文 (尝试 1/3)
2026-08-31 03:45:00,163 - INFO - 使用模型: DeepSeek Chat
2026-08-31 03:45:00,494 - INFO - HTTP Request: POST https://api.deepseek.com/v1/chat/completions "HTTP/1.1 200 OK"
2026-08-31 03:45:01,148 - INFO - 第 169 篇论文被 DeepSeek 判定为不相关，已自动过滤。
2026-08-31 03:45:01,148 - INFO - 第 169 篇论文已过滤，未写入结果集
2026-08-31 03:45:04,149 - INFO - 正在处理第 170/597 篇论文
2026-08-31 03:45:04,149 - INFO - 正在评审/翻译第 170 篇论文 (尝试 1/3)
2026-08-31 03:45:04,149 - INFO - 使用模型: DeepSeek Chat
2026-08-31 03:45:04,491 - INFO - HTTP Request: POST https://api.deepseek.com/v1/chat/completions "HTTP/1.1 200 OK"
2026-08-31 03:45:04,887 - INFO - 第 170 篇论文被 DeepSeek 判定为不相关，已自动过滤。
2026-08-31 03:45:04,887 - INFO - 第 170 篇论文已过滤，未写入结果集
2026-08-31 03:45:07,888 - INFO - 正在处理第 171/597 篇论文
2026-08-31 03:45:07,888 - INFO - 正在评审/翻译第 171 篇论文 (尝试 1/3)
2026-08-31 03:45:07,888 - INFO - 使用模型: DeepSeek Chat
2026-08-31 03:45:08,201 - INFO - HTTP Request: POST https://api.deepseek.com/v1/chat/completions "HTTP/1.1 200 OK"
2026-08-31 03:45:08,787 - INFO - 第 171 篇论文被 DeepSeek 判定为不相关，已自动过滤。
2026-08-31 03:45:08,788 - INFO - 第 171 篇论文已过滤，未写入结果集
2026-08-31 03:45:11,788 - INFO - 正在处理第 172/597 篇论文
2026-08-31 03:45:11,788 - INFO - 正在评审/翻译第 172 篇论文 (尝试 1/3)
2026-08-31 03:45:11,788 - INFO - 使用模型: DeepSeek Chat
2026-08-31 03:45:12,135 - INFO - HTTP Request: POST https://api.deepseek.com/v1/chat/completions "HTTP/1.1 200 OK"
2026-08-31 03:45:12,884 - INFO - 第 172 篇论文被 DeepSeek 判定为不相关，已自动过滤。
2026-08-31 03:45:12,885 - INFO - 第 172 篇论文已过滤，未写入结果集
2026-08-31 03:45:15,885 - INFO - 正在处理第 173/597 篇论文
2026-08-31 03:45:15,885 - INFO - 正在评审/翻译第 173 篇论文 (尝试 1/3)
2026-08-31 03:45:15,885 - INFO - 使用模型: DeepSeek Chat
2026-08-31 03:45:16,215 - INFO - HTTP Request: POST https://api.deepseek.com/v1/chat/completions "HTTP/1.1 200 OK"
2026-08-31 03:45:16,915 - INFO - 第 173 篇论文被 DeepSeek 判定为不相关，已自动过滤。
2026-08-31 03:45:16,915 - INFO - 第 173 篇论文已过滤，未写入结果集
2026-08-31 03:45:19,916 - INFO - 正在处理第 174/597 篇论文
2026-08-31 03:45:19,916 - INFO - 正在评审/翻译第 174 篇论文 (尝试 1/3)
2026-08-31 03:45:19,916 - INFO - 使用模型: DeepSeek Chat
2026-08-31 03:45:20,249 - INFO - HTTP Request: POST https://api.deepseek.com/v1/chat/completions "HTTP/1.1 200 OK"
2026-08-31 03:45:20,485 - INFO - 第 174 篇论文被 DeepSeek 判定为不相关，已自动过滤。
2026-08-31 03:45:20,486 - INFO - 第 174 篇论文已过滤，未写入结果集
2026-08-31 03:45:23,486 - INFO - 正在处理第 175/597 篇论文
2026-08-31 03:45:23,486 - INFO - 正在评审/翻译第 175 篇论文 (尝试 1/3)
2026-08-31 03:45:23,486 - INFO - 使用模型: DeepSeek Chat
2026-08-31 03:45:23,817 - INFO - HTTP Request: POST https://api.deepseek.com/v1/chat/completions "HTTP/1.1 200 OK"
2026-08-31 03:45:24,185 - INFO - 第 175 篇论文被 DeepSeek 判定为不相关，已自动过滤。
2026-08-31 03:45:24,186 - INFO - 第 175 篇论文已过滤，未写入结果集
2026-08-31 03:45:27,186 - INFO - 正在处理第 176/597 篇论文
2026-08-31 03:45:27,186 - INFO - 正在评审/翻译第 176 篇论文 (尝试 1/3)
2026-08-31 03:45:27,186 - INFO - 使用模型: DeepSeek Chat
2026-08-31 03:45:27,526 - INFO - HTTP Request: POST https://api.deepseek.com/v1/chat/completions "HTTP/1.1 200 OK"
2026-08-31 03:45:27,858 - INFO - 第 176 篇论文被 DeepSeek 判定为不相关，已自动过滤。
2026-08-31 03:45:27,859 - INFO - 第 176 篇论文已过滤，未写入结果集
2026-08-31 03:45:30,859 - INFO - 正在处理第 177/597 篇论文
2026-08-31 03:45:30,859 - INFO - 正在评审/翻译第 177 篇论文 (尝试 1/3)
2026-08-31 03:45:30,859 - INFO - 使用模型: DeepSeek Chat
2026-08-31 03:45:31,192 - INFO - HTTP Request: POST https://api.deepseek.com/v1/chat/completions "HTTP/1.1 200 OK"
2026-08-31 03:45:31,966 - INFO - 第 177 篇论文被 DeepSeek 判定为不相关，已自动过滤。
2026-08-31 03:45:31,967 - INFO - 第 177 篇论文已过滤，未写入结果集
2026-08-31 03:45:34,967 - INFO - 正在处理第 178/597 篇论文
2026-08-31 03:45:34,967 - INFO - 正在评审/翻译第 178 篇论文 (尝试 1/3)
2026-08-31 03:45:34,967 - INFO - 使用模型: DeepSeek Chat
2026-08-31 03:45:35,281 - INFO - HTTP Request: POST https://api.deepseek.com/v1/chat/completions "HTTP/1.1 200 OK"
2026-08-31 03:45:35,747 - INFO - 第 178 篇论文被 DeepSeek 判定为不相关，已自动过滤。
2026-08-31 03:45:35,747 - INFO - 第 178 篇论文已过滤，未写入结果集
2026-08-31 03:45:38,747 - INFO - 正在处理第 179/597 篇论文
2026-08-31 03:45:38,747 - INFO - 正在评审/翻译第 179 篇论文 (尝试 1/3)
2026-08-31 03:45:38,748 - INFO - 使用模型: DeepSeek Chat
2026-08-31 03:45:39,060 - INFO - HTTP Request: POST https://api.deepseek.com/v1/chat/completions "HTTP/1.1 200 OK"
2026-08-31 03:45:39,394 - INFO - 第 179 篇论文被 DeepSeek 判定为不相关，已自动过滤。
2026-08-31 03:45:39,395 - INFO - 第 179 篇论文已过滤，未写入结果集
2026-08-31 03:45:42,395 - INFO - 正在处理第 180/597 篇论文
2026-08-31 03:45:42,395 - INFO - 正在评审/翻译第 180 篇论文 (尝试 1/3)
2026-08-31 03:45:42,395 - INFO - 使用模型: DeepSeek Chat
2026-08-31 03:45:42,747 - INFO - HTTP Request: POST https://api.deepseek.com/v1/chat/completions "HTTP/1.1 200 OK"
2026-08-31 03:45:43,054 - INFO - 第 180 篇论文被 DeepSeek 判定为不相关，已自动过滤。
2026-08-31 03:45:43,055 - INFO - 第 180 篇论文已过滤，未写入结果集
2026-08-31 03:45:46,055 - INFO - 正在处理第 181/597 篇论文
2026-08-31 03:45:46,055 - INFO - 正在评审/翻译第 181 篇论文 (尝试 1/3)
2026-08-31 03:45:46,055 - INFO - 使用模型: DeepSeek Chat
2026-08-31 03:45:46,397 - INFO - HTTP Request: POST https://api.deepseek.com/v1/chat/completions "HTTP/1.1 200 OK"
2026-08-31 03:45:46,810 - INFO - 第 181 篇论文被 DeepSeek 判定为不相关，已自动过滤。
2026-08-31 03:45:46,811 - INFO - 第 181 篇论文已过滤，未写入结果集
2026-08-31 03:45:49,811 - INFO - 正在处理第 182/597 篇论文
2026-08-31 03:45:49,811 - INFO - 正在评审/翻译第 182 篇论文 (尝试 1/3)
2026-08-31 03:45:49,811 - INFO - 使用模型: DeepSeek Chat
2026-08-31 03:45:50,145 - INFO - HTTP Request: POST https://api.deepseek.com/v1/chat/completions "HTTP/1.1 200 OK"
2026-08-31 03:45:50,775 - INFO - 第 182 篇论文被 DeepSeek 判定为不相关，已自动过滤。
2026-08-31 03:45:50,775 - INFO - 第 182 篇论文已过滤，未写入结果集
2026-08-31 03:45:53,775 - INFO - 正在处理第 183/597 篇论文
2026-08-31 03:45:53,776 - INFO - 正在评审/翻译第 183 篇论文 (尝试 1/3)
2026-08-31 03:45:53,776 - INFO - 使用模型: DeepSeek Chat
2026-08-31 03:45:54,117 - INFO - HTTP Request: POST https://api.deepseek.com/v1/chat/completions "HTTP/1.1 200 OK"
2026-08-31 03:45:56,401 - INFO - 第 183 篇论文处理成功
2026-08-31 03:45:59,401 - INFO - 正在处理第 184/597 篇论文
2026-08-31 03:45:59,401 - INFO - 正在评审/翻译第 184 篇论文 (尝试 1/3)
2026-08-31 03:45:59,402 - INFO - 使用模型: DeepSeek Chat
2026-08-31 03:45:59,731 - INFO - HTTP Request: POST https://api.deepseek.com/v1/chat/completions "HTTP/1.1 200 OK"
2026-08-31 03:46:00,083 - INFO - 第 184 篇论文被 DeepSeek 判定为不相关，已自动过滤。
2026-08-31 03:46:00,084 - INFO - 第 184 篇论文已过滤，未写入结果集
2026-08-31 03:46:03,084 - INFO - 正在处理第 185/597 篇论文
2026-08-31 03:46:03,084 - INFO - 正在评审/翻译第 185 篇论文 (尝试 1/3)
2026-08-31 03:46:03,084 - INFO - 使用模型: DeepSeek Chat
2026-08-31 03:46:03,412 - INFO - HTTP Request: POST https://api.deepseek.com/v1/chat/completions "HTTP/1.1 200 OK"
2026-08-31 03:46:04,024 - INFO - 第 185 篇论文被 DeepSeek 判定为不相关，已自动过滤。
2026-08-31 03:46:04,024 - INFO - 第 185 篇论文已过滤，未写入结果集
2026-08-31 03:46:07,025 - INFO - 正在处理第 186/597 篇论文
2026-08-31 03:46:07,025 - INFO - 正在评审/翻译第 186 篇论文 (尝试 1/3)
2026-08-31 03:46:07,025 - INFO - 使用模型: DeepSeek Chat
2026-08-31 03:46:07,359 - INFO - HTTP Request: POST https://api.deepseek.com/v1/chat/completions "HTTP/1.1 200 OK"
2026-08-31 03:46:07,886 - INFO - 第 186 篇论文被 DeepSeek 判定为不相关，已自动过滤。
2026-08-31 03:46:07,887 - INFO - 第 186 篇论文已过滤，未写入结果集
2026-08-31 03:46:10,887 - INFO - 正在处理第 187/597 篇论文
2026-08-31 03:46:10,887 - INFO - 正在评审/翻译第 187 篇论文 (尝试 1/3)
2026-08-31 03:46:10,887 - INFO - 使用模型: DeepSeek Chat
2026-08-31 03:46:11,215 - INFO - HTTP Request: POST https://api.deepseek.com/v1/chat/completions "HTTP/1.1 200 OK"
2026-08-31 03:46:11,823 - INFO - 第 187 篇论文被 DeepSeek 判定为不相关，已自动过滤。
2026-08-31 03:46:11,824 - INFO - 第 187 篇论文已过滤，未写入结果集
2026-08-31 03:46:14,824 - INFO - 正在处理第 188/597 篇论文
2026-08-31 03:46:14,824 - INFO - 正在评审/翻译第 188 篇论文 (尝试 1/3)
2026-08-31 03:46:14,824 - INFO - 使用模型: DeepSeek Chat
2026-08-31 03:46:15,140 - INFO - HTTP Request: POST https://api.deepseek.com/v1/chat/completions "HTTP/1.1 200 OK"
2026-08-31 03:46:15,838 - INFO - 第 188 篇论文被 DeepSeek 判定为不相关，已自动过滤。
2026-08-31 03:46:15,839 - INFO - 第 188 篇论文已过滤，未写入结果集
2026-08-31 03:46:18,839 - INFO - 正在处理第 189/597 篇论文
2026-08-31 03:46:18,839 - INFO - 正在评审/翻译第 189 篇论文 (尝试 1/3)
2026-08-31 03:46:18,839 - INFO - 使用模型: DeepSeek Chat
2026-08-31 03:46:19,264 - INFO - HTTP Request: POST https://api.deepseek.com/v1/chat/completions "HTTP/1.1 200 OK"
2026-08-31 03:46:19,808 - INFO - 第 189 篇论文被 DeepSeek 判定为不相关，已自动过滤。
2026-08-31 03:46:19,808 - INFO - 第 189 篇论文已过滤，未写入结果集
2026-08-31 03:46:22,809 - INFO - 正在处理第 190/597 篇论文
2026-08-31 03:46:22,809 - INFO - 正在评审/翻译第 190 篇论文 (尝试 1/3)
2026-08-31 03:46:22,809 - INFO - 使用模型: DeepSeek Chat
2026-08-31 03:46:23,136 - INFO - HTTP Request: POST https://api.deepseek.com/v1/chat/completions "HTTP/1.1 200 OK"
2026-08-31 03:46:25,044 - INFO - 第 190 篇论文处理成功
2026-08-31 03:46:28,044 - INFO - 正在处理第 191/597 篇论文
2026-08-31 03:46:28,044 - INFO - 正在评审/翻译第 191 篇论文 (尝试 1/3)
2026-08-31 03:46:28,044 - INFO - 使用模型: DeepSeek Chat
2026-08-31 03:46:28,373 - INFO - HTTP Request: POST https://api.deepseek.com/v1/chat/completions "HTTP/1.1 200 OK"
2026-08-31 03:46:28,835 - INFO - 第 191 篇论文被 DeepSeek 判定为不相关，已自动过滤。
2026-08-31 03:46:28,836 - INFO - 第 191 篇论文已过滤，未写入结果集
2026-08-31 03:46:31,836 - INFO - 正在处理第 192/597 篇论文
2026-08-31 03:46:31,836 - INFO - 正在评审/翻译第 192 篇论文 (尝试 1/3)
2026-08-31 03:46:31,836 - INFO - 使用模型: DeepSeek Chat
2026-08-31 03:46:32,163 - INFO - HTTP Request: POST https://api.deepseek.com/v1/chat/completions "HTTP/1.1 200 OK"
2026-08-31 03:46:32,768 - INFO - 第 192 篇论文被 DeepSeek 判定为不相关，已自动过滤。
2026-08-31 03:46:32,768 - INFO - 第 192 篇论文已过滤，未写入结果集
2026-08-31 03:46:35,769 - INFO - 正在处理第 193/597 篇论文
2026-08-31 03:46:35,769 - INFO - 正在评审/翻译第 193 篇论文 (尝试 1/3)
2026-08-31 03:46:35,769 - INFO - 使用模型: DeepSeek Chat
2026-08-31 03:46:36,123 - INFO - HTTP Request: POST https://api.deepseek.com/v1/chat/completions "HTTP/1.1 200 OK"
2026-08-31 03:46:36,810 - INFO - 第 193 篇论文被 DeepSeek 判定为不相关，已自动过滤。
2026-08-31 03:46:36,811 - INFO - 第 193 篇论文已过滤，未写入结果集
2026-08-31 03:46:39,811 - INFO - 正在处理第 194/597 篇论文
2026-08-31 03:46:39,811 - INFO - 正在评审/翻译第 194 篇论文 (尝试 1/3)
2026-08-31 03:46:39,811 - INFO - 使用模型: DeepSeek Chat
2026-08-31 03:46:40,132 - INFO - HTTP Request: POST https://api.deepseek.com/v1/chat/completions "HTTP/1.1 200 OK"
2026-08-31 03:46:40,486 - INFO - 第 194 篇论文被 DeepSeek 判定为不相关，已自动过滤。
2026-08-31 03:46:40,487 - INFO - 第 194 篇论文已过滤，未写入结果集
2026-08-31 03:46:43,487 - INFO - 正在处理第 195/597 篇论文
2026-08-31 03:46:43,487 - INFO - 正在评审/翻译第 195 篇论文 (尝试 1/3)
2026-08-31 03:46:43,487 - INFO - 使用模型: DeepSeek Chat
2026-08-31 03:46:43,823 - INFO - HTTP Request: POST https://api.deepseek.com/v1/chat/completions "HTTP/1.1 200 OK"
2026-08-31 03:46:44,372 - INFO - 第 195 篇论文被 DeepSeek 判定为不相关，已自动过滤。
2026-08-31 03:46:44,372 - INFO - 第 195 篇论文已过滤，未写入结果集
2026-08-31 03:46:47,373 - INFO - 正在处理第 196/597 篇论文
2026-08-31 03:46:47,373 - INFO - 正在评审/翻译第 196 篇论文 (尝试 1/3)
2026-08-31 03:46:47,373 - INFO - 使用模型: DeepSeek Chat
2026-08-31 03:46:47,720 - INFO - HTTP Request: POST https://api.deepseek.com/v1/chat/completions "HTTP/1.1 200 OK"
2026-08-31 03:46:51,106 - INFO - 第 196 篇论文处理成功
2026-08-31 03:46:54,107 - INFO - 正在处理第 197/597 篇论文
2026-08-31 03:46:54,107 - INFO - 正在评审/翻译第 197 篇论文 (尝试 1/3)
2026-08-31 03:46:54,107 - INFO - 使用模型: DeepSeek Chat
2026-08-31 03:46:54,440 - INFO - HTTP Request: POST https://api.deepseek.com/v1/chat/completions "HTTP/1.1 200 OK"
2026-08-31 03:46:58,358 - INFO - 第 197 篇论文处理成功
2026-08-31 03:47:01,358 - INFO - 正在处理第 198/597 篇论文
2026-08-31 03:47:01,358 - INFO - 正在评审/翻译第 198 篇论文 (尝试 1/3)
2026-08-31 03:47:01,358 - INFO - 使用模型: DeepSeek Chat
2026-08-31 03:47:01,697 - INFO - HTTP Request: POST https://api.deepseek.com/v1/chat/completions "HTTP/1.1 200 OK"
2026-08-31 03:47:02,289 - INFO - 第 198 篇论文被 DeepSeek 判定为不相关，已自动过滤。
2026-08-31 03:47:02,289 - INFO - 第 198 篇论文已过滤，未写入结果集
2026-08-31 03:47:05,289 - INFO - 正在处理第 199/597 篇论文
2026-08-31 03:47:05,290 - INFO - 正在评审/翻译第 199 篇论文 (尝试 1/3)
2026-08-31 03:47:05,290 - INFO - 使用模型: DeepSeek Chat
2026-08-31 03:47:05,645 - INFO - HTTP Request: POST https://api.deepseek.com/v1/chat/completions "HTTP/1.1 200 OK"
2026-08-31 03:47:06,284 - INFO - 第 199 篇论文被 DeepSeek 判定为不相关，已自动过滤。
2026-08-31 03:47:06,285 - INFO - 第 199 篇论文已过滤，未写入结果集
2026-08-31 03:47:09,285 - INFO - 正在处理第 200/597 篇论文
2026-08-31 03:47:09,285 - INFO - 正在评审/翻译第 200 篇论文 (尝试 1/3)
2026-08-31 03:47:09,285 - INFO - 使用模型: DeepSeek Chat
2026-08-31 03:47:09,625 - INFO - HTTP Request: POST https://api.deepseek.com/v1/chat/completions "HTTP/1.1 200 OK"
2026-08-31 03:47:09,936 - INFO - 第 200 篇论文被 DeepSeek 判定为不相关，已自动过滤。
2026-08-31 03:47:09,936 - INFO - 第 200 篇论文已过滤，未写入结果集
2026-08-31 03:47:12,937 - INFO - 正在处理第 201/597 篇论文
2026-08-31 03:47:12,937 - INFO - 正在评审/翻译第 201 篇论文 (尝试 1/3)
2026-08-31 03:47:12,937 - INFO - 使用模型: DeepSeek Chat
2026-08-31 03:47:13,287 - INFO - HTTP Request: POST https://api.deepseek.com/v1/chat/completions "HTTP/1.1 200 OK"
2026-08-31 03:47:13,663 - INFO - 第 201 篇论文被 DeepSeek 判定为不相关，已自动过滤。
2026-08-31 03:47:13,664 - INFO - 第 201 篇论文已过滤，未写入结果集
2026-08-31 03:47:16,664 - INFO - 正在处理第 202/597 篇论文
2026-08-31 03:47:16,664 - INFO - 正在评审/翻译第 202 篇论文 (尝试 1/3)
2026-08-31 03:47:16,664 - INFO - 使用模型: DeepSeek Chat
2026-08-31 03:47:16,988 - INFO - HTTP Request: POST https://api.deepseek.com/v1/chat/completions "HTTP/1.1 200 OK"
2026-08-31 03:47:17,390 - INFO - 第 202 篇论文被 DeepSeek 判定为不相关，已自动过滤。
2026-08-31 03:47:17,390 - INFO - 第 202 篇论文已过滤，未写入结果集
2026-08-31 03:47:20,391 - INFO - 正在处理第 203/597 篇论文
2026-08-31 03:47:20,391 - INFO - 正在评审/翻译第 203 篇论文 (尝试 1/3)
2026-08-31 03:47:20,391 - INFO - 使用模型: DeepSeek Chat
2026-08-31 03:47:20,725 - INFO - HTTP Request: POST https://api.deepseek.com/v1/chat/completions "HTTP/1.1 200 OK"
2026-08-31 03:47:21,448 - INFO - 第 203 篇论文被 DeepSeek 判定为不相关，已自动过滤。
2026-08-31 03:47:21,449 - INFO - 第 203 篇论文已过滤，未写入结果集
2026-08-31 03:47:24,449 - INFO - 正在处理第 204/597 篇论文
2026-08-31 03:47:24,450 - INFO - 正在评审/翻译第 204 篇论文 (尝试 1/3)
2026-08-31 03:47:24,450 - INFO - 使用模型: DeepSeek Chat
2026-08-31 03:47:24,758 - INFO - HTTP Request: POST https://api.deepseek.com/v1/chat/completions "HTTP/1.1 200 OK"
2026-08-31 03:47:25,085 - INFO - 第 204 篇论文被 DeepSeek 判定为不相关，已自动过滤。
2026-08-31 03:47:25,086 - INFO - 第 204 篇论文已过滤，未写入结果集
2026-08-31 03:47:28,086 - INFO - 正在处理第 205/597 篇论文
2026-08-31 03:47:28,086 - INFO - 正在评审/翻译第 205 篇论文 (尝试 1/3)
2026-08-31 03:47:28,087 - INFO - 使用模型: DeepSeek Chat
2026-08-31 03:47:28,449 - INFO - HTTP Request: POST https://api.deepseek.com/v1/chat/completions "HTTP/1.1 200 OK"
2026-08-31 03:47:28,933 - INFO - 第 205 篇论文被 DeepSeek 判定为不相关，已自动过滤。
2026-08-31 03:47:28,934 - INFO - 第 205 篇论文已过滤，未写入结果集
2026-08-31 03:47:31,934 - INFO - 正在处理第 206/597 篇论文
2026-08-31 03:47:31,934 - INFO - 正在评审/翻译第 206 篇论文 (尝试 1/3)
2026-08-31 03:47:31,934 - INFO - 使用模型: DeepSeek Chat
2026-08-31 03:47:32,278 - INFO - HTTP Request: POST https://api.deepseek.com/v1/chat/completions "HTTP/1.1 200 OK"
2026-08-31 03:47:32,760 - INFO - 第 206 篇论文被 DeepSeek 判定为不相关，已自动过滤。
2026-08-31 03:47:32,761 - INFO - 第 206 篇论文已过滤，未写入结果集
2026-08-31 03:47:35,761 - INFO - 正在处理第 207/597 篇论文
2026-08-31 03:47:35,761 - INFO - 正在评审/翻译第 207 篇论文 (尝试 1/3)
2026-08-31 03:47:35,761 - INFO - 使用模型: DeepSeek Chat
2026-08-31 03:47:36,103 - INFO - HTTP Request: POST https://api.deepseek.com/v1/chat/completions "HTTP/1.1 200 OK"
2026-08-31 03:47:39,001 - INFO - 第 207 篇论文处理成功
2026-08-31 03:47:42,001 - INFO - 正在处理第 208/597 篇论文
2026-08-31 03:47:42,001 - INFO - 正在评审/翻译第 208 篇论文 (尝试 1/3)
2026-08-31 03:47:42,002 - INFO - 使用模型: DeepSeek Chat
2026-08-31 03:47:42,331 - INFO - HTTP Request: POST https://api.deepseek.com/v1/chat/completions "HTTP/1.1 200 OK"
2026-08-31 03:47:42,666 - INFO - 第 208 篇论文被 DeepSeek 判定为不相关，已自动过滤。
2026-08-31 03:47:42,667 - INFO - 第 208 篇论文已过滤，未写入结果集
2026-08-31 03:47:45,667 - INFO - 正在处理第 209/597 篇论文
2026-08-31 03:47:45,667 - INFO - 正在评审/翻译第 209 篇论文 (尝试 1/3)
2026-08-31 03:47:45,667 - INFO - 使用模型: DeepSeek Chat
2026-08-31 03:47:46,009 - INFO - HTTP Request: POST https://api.deepseek.com/v1/chat/completions "HTTP/1.1 200 OK"
2026-08-31 03:47:46,363 - INFO - 第 209 篇论文被 DeepSeek 判定为不相关，已自动过滤。
2026-08-31 03:47:46,364 - INFO - 第 209 篇论文已过滤，未写入结果集
2026-08-31 03:47:49,364 - INFO - 正在处理第 210/597 篇论文
2026-08-31 03:47:49,364 - INFO - 正在评审/翻译第 210 篇论文 (尝试 1/3)
2026-08-31 03:47:49,364 - INFO - 使用模型: DeepSeek Chat
2026-08-31 03:47:49,699 - INFO - HTTP Request: POST https://api.deepseek.com/v1/chat/completions "HTTP/1.1 200 OK"
2026-08-31 03:47:50,463 - INFO - 第 210 篇论文被 DeepSeek 判定为不相关，已自动过滤。
2026-08-31 03:47:50,464 - INFO - 第 210 篇论文已过滤，未写入结果集
2026-08-31 03:47:53,464 - INFO - 正在处理第 211/597 篇论文
2026-08-31 03:47:53,464 - INFO - 正在评审/翻译第 211 篇论文 (尝试 1/3)
2026-08-31 03:47:53,464 - INFO - 使用模型: DeepSeek Chat
2026-08-31 03:47:53,813 - INFO - HTTP Request: POST https://api.deepseek.com/v1/chat/completions "HTTP/1.1 200 OK"
2026-08-31 03:47:54,315 - INFO - 第 211 篇论文被 DeepSeek 判定为不相关，已自动过滤。
2026-08-31 03:47:54,316 - INFO - 第 211 篇论文已过滤，未写入结果集
2026-08-31 03:47:57,316 - INFO - 正在处理第 212/597 篇论文
2026-08-31 03:47:57,316 - INFO - 正在评审/翻译第 212 篇论文 (尝试 1/3)
2026-08-31 03:47:57,316 - INFO - 使用模型: DeepSeek Chat
2026-08-31 03:47:57,645 - INFO - HTTP Request: POST https://api.deepseek.com/v1/chat/completions "HTTP/1.1 200 OK"
2026-08-31 03:47:57,998 - INFO - 第 212 篇论文被 DeepSeek 判定为不相关，已自动过滤。
2026-08-31 03:47:57,998 - INFO - 第 212 篇论文已过滤，未写入结果集
2026-08-31 03:48:00,999 - INFO - 正在处理第 213/597 篇论文
2026-08-31 03:48:00,999 - INFO - 正在评审/翻译第 213 篇论文 (尝试 1/3)
2026-08-31 03:48:00,999 - INFO - 使用模型: DeepSeek Chat
2026-08-31 03:48:01,412 - INFO - HTTP Request: POST https://api.deepseek.com/v1/chat/completions "HTTP/1.1 200 OK"
2026-08-31 03:48:02,041 - INFO - 第 213 篇论文被 DeepSeek 判定为不相关，已自动过滤。
2026-08-31 03:48:02,042 - INFO - 第 213 篇论文已过滤，未写入结果集
2026-08-31 03:48:05,042 - INFO - 正在处理第 214/597 篇论文
2026-08-31 03:48:05,042 - INFO - 正在评审/翻译第 214 篇论文 (尝试 1/3)
2026-08-31 03:48:05,042 - INFO - 使用模型: DeepSeek Chat
2026-08-31 03:48:05,381 - INFO - HTTP Request: POST https://api.deepseek.com/v1/chat/completions "HTTP/1.1 200 OK"
2026-08-31 03:48:05,857 - INFO - 第 214 篇论文被 DeepSeek 判定为不相关，已自动过滤。
2026-08-31 03:48:05,857 - INFO - 第 214 篇论文已过滤，未写入结果集
2026-08-31 03:48:08,858 - INFO - 正在处理第 215/597 篇论文
2026-08-31 03:48:08,858 - INFO - 正在评审/翻译第 215 篇论文 (尝试 1/3)
2026-08-31 03:48:08,858 - INFO - 使用模型: DeepSeek Chat
2026-08-31 03:48:09,184 - INFO - HTTP Request: POST https://api.deepseek.com/v1/chat/completions "HTTP/1.1 200 OK"
2026-08-31 03:48:09,464 - INFO - 第 215 篇论文被 DeepSeek 判定为不相关，已自动过滤。
2026-08-31 03:48:09,464 - INFO - 第 215 篇论文已过滤，未写入结果集
2026-08-31 03:48:12,464 - INFO - 正在处理第 216/597 篇论文
2026-08-31 03:48:12,465 - INFO - 正在评审/翻译第 216 篇论文 (尝试 1/3)
2026-08-31 03:48:12,465 - INFO - 使用模型: DeepSeek Chat
2026-08-31 03:48:12,787 - INFO - HTTP Request: POST https://api.deepseek.com/v1/chat/completions "HTTP/1.1 200 OK"
2026-08-31 03:48:13,495 - INFO - 第 216 篇论文被 DeepSeek 判定为不相关，已自动过滤。
2026-08-31 03:48:13,495 - INFO - 第 216 篇论文已过滤，未写入结果集
2026-08-31 03:48:16,496 - INFO - 正在处理第 217/597 篇论文
2026-08-31 03:48:16,496 - INFO - 正在评审/翻译第 217 篇论文 (尝试 1/3)
2026-08-31 03:48:16,496 - INFO - 使用模型: DeepSeek Chat
2026-08-31 03:48:16,861 - INFO - HTTP Request: POST https://api.deepseek.com/v1/chat/completions "HTTP/1.1 200 OK"
2026-08-31 03:48:17,126 - INFO - 第 217 篇论文被 DeepSeek 判定为不相关，已自动过滤。
2026-08-31 03:48:17,127 - INFO - 第 217 篇论文已过滤，未写入结果集
2026-08-31 03:48:20,127 - INFO - 正在处理第 218/597 篇论文
2026-08-31 03:48:20,127 - INFO - 正在评审/翻译第 218 篇论文 (尝试 1/3)
2026-08-31 03:48:20,127 - INFO - 使用模型: DeepSeek Chat
2026-08-31 03:48:20,464 - INFO - HTTP Request: POST https://api.deepseek.com/v1/chat/completions "HTTP/1.1 200 OK"
2026-08-31 03:48:24,931 - INFO - 第 218 篇论文处理成功
2026-08-31 03:48:27,932 - INFO - 正在处理第 219/597 篇论文
2026-08-31 03:48:27,932 - INFO - 正在评审/翻译第 219 篇论文 (尝试 1/3)
2026-08-31 03:48:27,932 - INFO - 使用模型: DeepSeek Chat
2026-08-31 03:48:28,259 - INFO - HTTP Request: POST https://api.deepseek.com/v1/chat/completions "HTTP/1.1 200 OK"
2026-08-31 03:48:28,579 - INFO - 第 219 篇论文被 DeepSeek 判定为不相关，已自动过滤。
2026-08-31 03:48:28,579 - INFO - 第 219 篇论文已过滤，未写入结果集
2026-08-31 03:48:31,580 - INFO - 正在处理第 220/597 篇论文
2026-08-31 03:48:31,580 - INFO - 正在评审/翻译第 220 篇论文 (尝试 1/3)
2026-08-31 03:48:31,580 - INFO - 使用模型: DeepSeek Chat
2026-08-31 03:48:31,904 - INFO - HTTP Request: POST https://api.deepseek.com/v1/chat/completions "HTTP/1.1 200 OK"
2026-08-31 03:48:32,265 - INFO - 第 220 篇论文被 DeepSeek 判定为不相关，已自动过滤。
2026-08-31 03:48:32,266 - INFO - 第 220 篇论文已过滤，未写入结果集
2026-08-31 03:48:35,266 - INFO - 正在处理第 221/597 篇论文
2026-08-31 03:48:35,266 - INFO - 正在评审/翻译第 221 篇论文 (尝试 1/3)
2026-08-31 03:48:35,267 - INFO - 使用模型: DeepSeek Chat
2026-08-31 03:48:35,613 - INFO - HTTP Request: POST https://api.deepseek.com/v1/chat/completions "HTTP/1.1 200 OK"
2026-08-31 03:48:39,531 - INFO - 第 221 篇论文处理成功
2026-08-31 03:48:42,531 - INFO - 正在处理第 222/597 篇论文
2026-08-31 03:48:42,531 - INFO - 正在评审/翻译第 222 篇论文 (尝试 1/3)
2026-08-31 03:48:42,532 - INFO - 使用模型: DeepSeek Chat
2026-08-31 03:48:42,860 - INFO - HTTP Request: POST https://api.deepseek.com/v1/chat/completions "HTTP/1.1 200 OK"
2026-08-31 03:48:43,428 - INFO - 第 222 篇论文被 DeepSeek 判定为不相关，已自动过滤。
2026-08-31 03:48:43,428 - INFO - 第 222 篇论文已过滤，未写入结果集
2026-08-31 03:48:46,429 - INFO - 正在处理第 223/597 篇论文
2026-08-31 03:48:46,429 - INFO - 正在评审/翻译第 223 篇论文 (尝试 1/3)
2026-08-31 03:48:46,429 - INFO - 使用模型: DeepSeek Chat
2026-08-31 03:48:46,759 - INFO - HTTP Request: POST https://api.deepseek.com/v1/chat/completions "HTTP/1.1 200 OK"
2026-08-31 03:48:47,161 - INFO - 第 223 篇论文被 DeepSeek 判定为不相关，已自动过滤。
2026-08-31 03:48:47,162 - INFO - 第 223 篇论文已过滤，未写入结果集
2026-08-31 03:48:50,162 - INFO - 正在处理第 224/597 篇论文
2026-08-31 03:48:50,163 - INFO - 正在评审/翻译第 224 篇论文 (尝试 1/3)
2026-08-31 03:48:50,163 - INFO - 使用模型: DeepSeek Chat
2026-08-31 03:48:50,497 - INFO - HTTP Request: POST https://api.deepseek.com/v1/chat/completions "HTTP/1.1 200 OK"
2026-08-31 03:48:51,196 - INFO - 第 224 篇论文被 DeepSeek 判定为不相关，已自动过滤。
2026-08-31 03:48:51,196 - INFO - 第 224 篇论文已过滤，未写入结果集
2026-08-31 03:48:54,196 - INFO - 正在处理第 225/597 篇论文
2026-08-31 03:48:54,197 - INFO - 正在评审/翻译第 225 篇论文 (尝试 1/3)
2026-08-31 03:48:54,197 - INFO - 使用模型: DeepSeek Chat
2026-08-31 03:48:54,522 - INFO - HTTP Request: POST https://api.deepseek.com/v1/chat/completions "HTTP/1.1 200 OK"
2026-08-31 03:48:55,147 - INFO - 第 225 篇论文被 DeepSeek 判定为不相关，已自动过滤。
2026-08-31 03:48:55,148 - INFO - 第 225 篇论文已过滤，未写入结果集
2026-08-31 03:48:58,148 - INFO - 正在处理第 226/597 篇论文
2026-08-31 03:48:58,148 - INFO - 正在评审/翻译第 226 篇论文 (尝试 1/3)
2026-08-31 03:48:58,148 - INFO - 使用模型: DeepSeek Chat
2026-08-31 03:48:58,496 - INFO - HTTP Request: POST https://api.deepseek.com/v1/chat/completions "HTTP/1.1 200 OK"
2026-08-31 03:48:58,936 - INFO - 第 226 篇论文被 DeepSeek 判定为不相关，已自动过滤。
2026-08-31 03:48:58,937 - INFO - 第 226 篇论文已过滤，未写入结果集
2026-08-31 03:49:01,937 - INFO - 正在处理第 227/597 篇论文
2026-08-31 03:49:01,937 - INFO - 正在评审/翻译第 227 篇论文 (尝试 1/3)
2026-08-31 03:49:01,937 - INFO - 使用模型: DeepSeek Chat
2026-08-31 03:49:02,278 - INFO - HTTP Request: POST https://api.deepseek.com/v1/chat/completions "HTTP/1.1 200 OK"
2026-08-31 03:49:06,498 - INFO - 第 227 篇论文处理成功
2026-08-31 03:49:09,498 - INFO - 正在处理第 228/597 篇论文
2026-08-31 03:49:09,498 - INFO - 正在评审/翻译第 228 篇论文 (尝试 1/3)
2026-08-31 03:49:09,498 - INFO - 使用模型: DeepSeek Chat
2026-08-31 03:49:09,845 - INFO - HTTP Request: POST https://api.deepseek.com/v1/chat/completions "HTTP/1.1 200 OK"
2026-08-31 03:49:10,268 - INFO - 第 228 篇论文被 DeepSeek 判定为不相关，已自动过滤。
2026-08-31 03:49:10,269 - INFO - 第 228 篇论文已过滤，未写入结果集
2026-08-31 03:49:13,269 - INFO - 正在处理第 229/597 篇论文
2026-08-31 03:49:13,269 - INFO - 正在评审/翻译第 229 篇论文 (尝试 1/3)
2026-08-31 03:49:13,269 - INFO - 使用模型: DeepSeek Chat
2026-08-31 03:49:13,596 - INFO - HTTP Request: POST https://api.deepseek.com/v1/chat/completions "HTTP/1.1 200 OK"
2026-08-31 03:49:17,770 - INFO - 第 229 篇论文处理成功
2026-08-31 03:49:20,770 - INFO - 正在处理第 230/597 篇论文
2026-08-31 03:49:20,771 - INFO - 正在评审/翻译第 230 篇论文 (尝试 1/3)
2026-08-31 03:49:20,771 - INFO - 使用模型: DeepSeek Chat
2026-08-31 03:49:21,105 - INFO - HTTP Request: POST https://api.deepseek.com/v1/chat/completions "HTTP/1.1 200 OK"
2026-08-31 03:49:21,708 - INFO - 第 230 篇论文被 DeepSeek 判定为不相关，已自动过滤。
2026-08-31 03:49:21,708 - INFO - 第 230 篇论文已过滤，未写入结果集
2026-08-31 03:49:24,709 - INFO - 正在处理第 231/597 篇论文
2026-08-31 03:49:24,709 - INFO - 正在评审/翻译第 231 篇论文 (尝试 1/3)
2026-08-31 03:49:24,709 - INFO - 使用模型: DeepSeek Chat
2026-08-31 03:49:25,037 - INFO - HTTP Request: POST https://api.deepseek.com/v1/chat/completions "HTTP/1.1 200 OK"
2026-08-31 03:49:25,471 - INFO - 第 231 篇论文被 DeepSeek 判定为不相关，已自动过滤。
2026-08-31 03:49:25,472 - INFO - 第 231 篇论文已过滤，未写入结果集
2026-08-31 03:49:28,472 - INFO - 正在处理第 232/597 篇论文
2026-08-31 03:49:28,472 - INFO - 正在评审/翻译第 232 篇论文 (尝试 1/3)
2026-08-31 03:49:28,472 - INFO - 使用模型: DeepSeek Chat
2026-08-31 03:49:28,816 - INFO - HTTP Request: POST https://api.deepseek.com/v1/chat/completions "HTTP/1.1 200 OK"
2026-08-31 03:49:29,410 - INFO - 第 232 篇论文被 DeepSeek 判定为不相关，已自动过滤。
2026-08-31 03:49:29,411 - INFO - 第 232 篇论文已过滤，未写入结果集
2026-08-31 03:49:32,411 - INFO - 正在处理第 233/597 篇论文
2026-08-31 03:49:32,411 - INFO - 正在评审/翻译第 233 篇论文 (尝试 1/3)
2026-08-31 03:49:32,411 - INFO - 使用模型: DeepSeek Chat
2026-08-31 03:49:32,749 - INFO - HTTP Request: POST https://api.deepseek.com/v1/chat/completions "HTTP/1.1 200 OK"
2026-08-31 03:49:33,515 - INFO - 第 233 篇论文被 DeepSeek 判定为不相关，已自动过滤。
2026-08-31 03:49:33,516 - INFO - 第 233 篇论文已过滤，未写入结果集
2026-08-31 03:49:36,516 - INFO - 正在处理第 234/597 篇论文
2026-08-31 03:49:36,516 - INFO - 正在评审/翻译第 234 篇论文 (尝试 1/3)
2026-08-31 03:49:36,516 - INFO - 使用模型: DeepSeek Chat
2026-08-31 03:49:36,849 - INFO - HTTP Request: POST https://api.deepseek.com/v1/chat/completions "HTTP/1.1 200 OK"
2026-08-31 03:49:37,150 - INFO - 第 234 篇论文被 DeepSeek 判定为不相关，已自动过滤。
2026-08-31 03:49:37,151 - INFO - 第 234 篇论文已过滤，未写入结果集
2026-08-31 03:49:40,151 - INFO - 正在处理第 235/597 篇论文
2026-08-31 03:49:40,151 - INFO - 正在评审/翻译第 235 篇论文 (尝试 1/3)
2026-08-31 03:49:40,151 - INFO - 使用模型: DeepSeek Chat
2026-08-31 03:49:40,490 - INFO - HTTP Request: POST https://api.deepseek.com/v1/chat/completions "HTTP/1.1 200 OK"
2026-08-31 03:49:40,870 - INFO - 第 235 篇论文被 DeepSeek 判定为不相关，已自动过滤。
2026-08-31 03:49:40,871 - INFO - 第 235 篇论文已过滤，未写入结果集
2026-08-31 03:49:43,871 - INFO - 正在处理第 236/597 篇论文
2026-08-31 03:49:43,871 - INFO - 正在评审/翻译第 236 篇论文 (尝试 1/3)
2026-08-31 03:49:43,871 - INFO - 使用模型: DeepSeek Chat
2026-08-31 03:49:44,204 - INFO - HTTP Request: POST https://api.deepseek.com/v1/chat/completions "HTTP/1.1 200 OK"
2026-08-31 03:49:47,506 - INFO - 第 236 篇论文处理成功
2026-08-31 03:49:50,506 - INFO - 正在处理第 237/597 篇论文
2026-08-31 03:49:50,507 - INFO - 正在评审/翻译第 237 篇论文 (尝试 1/3)
2026-08-31 03:49:50,507 - INFO - 使用模型: DeepSeek Chat
2026-08-31 03:49:50,856 - INFO - HTTP Request: POST https://api.deepseek.com/v1/chat/completions "HTTP/1.1 200 OK"
2026-08-31 03:49:51,487 - INFO - 第 237 篇论文被 DeepSeek 判定为不相关，已自动过滤。
2026-08-31 03:49:51,488 - INFO - 第 237 篇论文已过滤，未写入结果集
2026-08-31 03:49:54,488 - INFO - 正在处理第 238/597 篇论文
2026-08-31 03:49:54,488 - INFO - 正在评审/翻译第 238 篇论文 (尝试 1/3)
2026-08-31 03:49:54,488 - INFO - 使用模型: DeepSeek Chat
2026-08-31 03:49:54,821 - INFO - HTTP Request: POST https://api.deepseek.com/v1/chat/completions "HTTP/1.1 200 OK"
2026-08-31 03:49:55,035 - INFO - 第 238 篇论文被 DeepSeek 判定为不相关，已自动过滤。
2026-08-31 03:49:55,036 - INFO - 第 238 篇论文已过滤，未写入结果集
2026-08-31 03:49:58,036 - INFO - 正在处理第 239/597 篇论文
2026-08-31 03:49:58,036 - INFO - 正在评审/翻译第 239 篇论文 (尝试 1/3)
2026-08-31 03:49:58,036 - INFO - 使用模型: DeepSeek Chat
2026-08-31 03:49:58,368 - INFO - HTTP Request: POST https://api.deepseek.com/v1/chat/completions "HTTP/1.1 200 OK"
2026-08-31 03:49:58,774 - INFO - 第 239 篇论文被 DeepSeek 判定为不相关，已自动过滤。
2026-08-31 03:49:58,775 - INFO - 第 239 篇论文已过滤，未写入结果集
2026-08-31 03:50:01,775 - INFO - 正在处理第 240/597 篇论文
2026-08-31 03:50:01,775 - INFO - 正在评审/翻译第 240 篇论文 (尝试 1/3)
2026-08-31 03:50:01,776 - INFO - 使用模型: DeepSeek Chat
2026-08-31 03:50:02,112 - INFO - HTTP Request: POST https://api.deepseek.com/v1/chat/completions "HTTP/1.1 200 OK"
2026-08-31 03:50:02,492 - INFO - 第 240 篇论文被 DeepSeek 判定为不相关，已自动过滤。
2026-08-31 03:50:02,493 - INFO - 第 240 篇论文已过滤，未写入结果集
2026-08-31 03:50:05,493 - INFO - 正在处理第 241/597 篇论文
2026-08-31 03:50:05,493 - INFO - 正在评审/翻译第 241 篇论文 (尝试 1/3)
2026-08-31 03:50:05,494 - INFO - 使用模型: DeepSeek Chat
2026-08-31 03:50:05,828 - INFO - HTTP Request: POST https://api.deepseek.com/v1/chat/completions "HTTP/1.1 200 OK"
2026-08-31 03:50:06,586 - INFO - 第 241 篇论文被 DeepSeek 判定为不相关，已自动过滤。
2026-08-31 03:50:06,587 - INFO - 第 241 篇论文已过滤，未写入结果集
2026-08-31 03:50:09,587 - INFO - 正在处理第 242/597 篇论文
2026-08-31 03:50:09,587 - INFO - 正在评审/翻译第 242 篇论文 (尝试 1/3)
2026-08-31 03:50:09,588 - INFO - 使用模型: DeepSeek Chat
2026-08-31 03:50:09,908 - INFO - HTTP Request: POST https://api.deepseek.com/v1/chat/completions "HTTP/1.1 200 OK"
2026-08-31 03:50:10,550 - INFO - 第 242 篇论文被 DeepSeek 判定为不相关，已自动过滤。
2026-08-31 03:50:10,551 - INFO - 第 242 篇论文已过滤，未写入结果集
2026-08-31 03:50:13,551 - INFO - 正在处理第 243/597 篇论文
2026-08-31 03:50:13,552 - INFO - 正在评审/翻译第 243 篇论文 (尝试 1/3)
2026-08-31 03:50:13,552 - INFO - 使用模型: DeepSeek Chat
2026-08-31 03:50:13,883 - INFO - HTTP Request: POST https://api.deepseek.com/v1/chat/completions "HTTP/1.1 200 OK"
2026-08-31 03:50:14,198 - INFO - 第 243 篇论文被 DeepSeek 判定为不相关，已自动过滤。
2026-08-31 03:50:14,199 - INFO - 第 243 篇论文已过滤，未写入结果集
2026-08-31 03:50:17,199 - INFO - 正在处理第 244/597 篇论文
2026-08-31 03:50:17,200 - INFO - 正在评审/翻译第 244 篇论文 (尝试 1/3)
2026-08-31 03:50:17,200 - INFO - 使用模型: DeepSeek Chat
2026-08-31 03:50:17,542 - INFO - HTTP Request: POST https://api.deepseek.com/v1/chat/completions "HTTP/1.1 200 OK"
2026-08-31 03:50:18,274 - INFO - 第 244 篇论文被 DeepSeek 判定为不相关，已自动过滤。
2026-08-31 03:50:18,275 - INFO - 第 244 篇论文已过滤，未写入结果集
2026-08-31 03:50:21,275 - INFO - 正在处理第 245/597 篇论文
2026-08-31 03:50:21,275 - INFO - 正在评审/翻译第 245 篇论文 (尝试 1/3)
2026-08-31 03:50:21,276 - INFO - 使用模型: DeepSeek Chat
2026-08-31 03:50:21,613 - INFO - HTTP Request: POST https://api.deepseek.com/v1/chat/completions "HTTP/1.1 200 OK"
2026-08-31 03:50:21,849 - INFO - 第 245 篇论文被 DeepSeek 判定为不相关，已自动过滤。
2026-08-31 03:50:21,849 - INFO - 第 245 篇论文已过滤，未写入结果集
2026-08-31 03:50:24,849 - INFO - 正在处理第 246/597 篇论文
2026-08-31 03:50:24,850 - INFO - 正在评审/翻译第 246 篇论文 (尝试 1/3)
2026-08-31 03:50:24,850 - INFO - 使用模型: DeepSeek Chat
2026-08-31 03:50:25,172 - INFO - HTTP Request: POST https://api.deepseek.com/v1/chat/completions "HTTP/1.1 200 OK"
2026-08-31 03:50:25,541 - INFO - 第 246 篇论文被 DeepSeek 判定为不相关，已自动过滤。
2026-08-31 03:50:25,542 - INFO - 第 246 篇论文已过滤，未写入结果集
2026-08-31 03:50:28,542 - INFO - 正在处理第 247/597 篇论文
2026-08-31 03:50:28,543 - INFO - 正在评审/翻译第 247 篇论文 (尝试 1/3)
2026-08-31 03:50:28,543 - INFO - 使用模型: DeepSeek Chat
2026-08-31 03:50:28,869 - INFO - HTTP Request: POST https://api.deepseek.com/v1/chat/completions "HTTP/1.1 200 OK"
2026-08-31 03:50:29,134 - INFO - 第 247 篇论文被 DeepSeek 判定为不相关，已自动过滤。
2026-08-31 03:50:29,135 - INFO - 第 247 篇论文已过滤，未写入结果集
2026-08-31 03:50:32,135 - INFO - 正在处理第 248/597 篇论文
2026-08-31 03:50:32,135 - INFO - 正在评审/翻译第 248 篇论文 (尝试 1/3)
2026-08-31 03:50:32,136 - INFO - 使用模型: DeepSeek Chat
2026-08-31 03:50:32,482 - INFO - HTTP Request: POST https://api.deepseek.com/v1/chat/completions "HTTP/1.1 200 OK"
2026-08-31 03:50:32,983 - INFO - 第 248 篇论文被 DeepSeek 判定为不相关，已自动过滤。
2026-08-31 03:50:32,983 - INFO - 第 248 篇论文已过滤，未写入结果集
2026-08-31 03:50:35,984 - INFO - 正在处理第 249/597 篇论文
2026-08-31 03:50:35,984 - INFO - 正在评审/翻译第 249 篇论文 (尝试 1/3)
2026-08-31 03:50:35,984 - INFO - 使用模型: DeepSeek Chat
2026-08-31 03:50:36,320 - INFO - HTTP Request: POST https://api.deepseek.com/v1/chat/completions "HTTP/1.1 200 OK"
2026-08-31 03:50:36,785 - INFO - 第 249 篇论文被 DeepSeek 判定为不相关，已自动过滤。
2026-08-31 03:50:36,786 - INFO - 第 249 篇论文已过滤，未写入结果集
2026-08-31 03:50:39,786 - INFO - 正在处理第 250/597 篇论文
2026-08-31 03:50:39,786 - INFO - 正在评审/翻译第 250 篇论文 (尝试 1/3)
2026-08-31 03:50:39,787 - INFO - 使用模型: DeepSeek Chat
2026-08-31 03:50:40,132 - INFO - HTTP Request: POST https://api.deepseek.com/v1/chat/completions "HTTP/1.1 200 OK"
2026-08-31 03:50:40,829 - INFO - 第 250 篇论文被 DeepSeek 判定为不相关，已自动过滤。
2026-08-31 03:50:40,829 - INFO - 第 250 篇论文已过滤，未写入结果集
2026-08-31 03:50:43,830 - INFO - 正在处理第 251/597 篇论文
2026-08-31 03:50:43,830 - INFO - 正在评审/翻译第 251 篇论文 (尝试 1/3)
2026-08-31 03:50:43,830 - INFO - 使用模型: DeepSeek Chat
2026-08-31 03:50:44,164 - INFO - HTTP Request: POST https://api.deepseek.com/v1/chat/completions "HTTP/1.1 200 OK"
2026-08-31 03:50:44,852 - INFO - 第 251 篇论文被 DeepSeek 判定为不相关，已自动过滤。
2026-08-31 03:50:44,852 - INFO - 第 251 篇论文已过滤，未写入结果集
2026-08-31 03:50:47,853 - INFO - 正在处理第 252/597 篇论文
2026-08-31 03:50:47,853 - INFO - 正在评审/翻译第 252 篇论文 (尝试 1/3)
2026-08-31 03:50:47,853 - INFO - 使用模型: DeepSeek Chat
2026-08-31 03:50:48,183 - INFO - HTTP Request: POST https://api.deepseek.com/v1/chat/completions "HTTP/1.1 200 OK"
2026-08-31 03:50:48,601 - INFO - 第 252 篇论文被 DeepSeek 判定为不相关，已自动过滤。
2026-08-31 03:50:48,602 - INFO - 第 252 篇论文已过滤，未写入结果集
2026-08-31 03:50:51,602 - INFO - 正在处理第 253/597 篇论文
2026-08-31 03:50:51,602 - INFO - 正在评审/翻译第 253 篇论文 (尝试 1/3)
2026-08-31 03:50:51,603 - INFO - 使用模型: DeepSeek Chat
2026-08-31 03:50:51,976 - INFO - HTTP Request: POST https://api.deepseek.com/v1/chat/completions "HTTP/1.1 200 OK"
2026-08-31 03:50:55,199 - INFO - 第 253 篇论文处理成功
2026-08-31 03:50:58,200 - INFO - 正在处理第 254/597 篇论文
2026-08-31 03:50:58,200 - INFO - 正在评审/翻译第 254 篇论文 (尝试 1/3)
2026-08-31 03:50:58,200 - INFO - 使用模型: DeepSeek Chat
2026-08-31 03:50:58,530 - INFO - HTTP Request: POST https://api.deepseek.com/v1/chat/completions "HTTP/1.1 200 OK"
2026-08-31 03:51:01,749 - INFO - 第 254 篇论文处理成功
2026-08-31 03:51:04,749 - INFO - 正在处理第 255/597 篇论文
2026-08-31 03:51:04,749 - INFO - 正在评审/翻译第 255 篇论文 (尝试 1/3)
2026-08-31 03:51:04,749 - INFO - 使用模型: DeepSeek Chat
2026-08-31 03:51:05,088 - INFO - HTTP Request: POST https://api.deepseek.com/v1/chat/completions "HTTP/1.1 200 OK"
2026-08-31 03:51:05,820 - INFO - 第 255 篇论文被 DeepSeek 判定为不相关，已自动过滤。
2026-08-31 03:51:05,820 - INFO - 第 255 篇论文已过滤，未写入结果集
2026-08-31 03:51:08,821 - INFO - 正在处理第 256/597 篇论文
2026-08-31 03:51:08,821 - INFO - 正在评审/翻译第 256 篇论文 (尝试 1/3)
2026-08-31 03:51:08,821 - INFO - 使用模型: DeepSeek Chat
2026-08-31 03:51:09,148 - INFO - HTTP Request: POST https://api.deepseek.com/v1/chat/completions "HTTP/1.1 200 OK"
2026-08-31 03:51:12,960 - INFO - 第 256 篇论文处理成功
2026-08-31 03:51:15,960 - INFO - 正在处理第 257/597 篇论文
2026-08-31 03:51:15,960 - INFO - 正在评审/翻译第 257 篇论文 (尝试 1/3)
2026-08-31 03:51:15,960 - INFO - 使用模型: DeepSeek Chat
2026-08-31 03:51:16,302 - INFO - HTTP Request: POST https://api.deepseek.com/v1/chat/completions "HTTP/1.1 200 OK"
2026-08-31 03:51:16,568 - INFO - 第 257 篇论文被 DeepSeek 判定为不相关，已自动过滤。
2026-08-31 03:51:16,569 - INFO - 第 257 篇论文已过滤，未写入结果集
2026-08-31 03:51:19,569 - INFO - 正在处理第 258/597 篇论文
2026-08-31 03:51:19,569 - INFO - 正在评审/翻译第 258 篇论文 (尝试 1/3)
2026-08-31 03:51:19,569 - INFO - 使用模型: DeepSeek Chat
2026-08-31 03:51:19,906 - INFO - HTTP Request: POST https://api.deepseek.com/v1/chat/completions "HTTP/1.1 200 OK"
2026-08-31 03:51:20,592 - INFO - 第 258 篇论文被 DeepSeek 判定为不相关，已自动过滤。
2026-08-31 03:51:20,593 - INFO - 第 258 篇论文已过滤，未写入结果集
2026-08-31 03:51:23,593 - INFO - 正在处理第 259/597 篇论文
2026-08-31 03:51:23,593 - INFO - 正在评审/翻译第 259 篇论文 (尝试 1/3)
2026-08-31 03:51:23,594 - INFO - 使用模型: DeepSeek Chat
2026-08-31 03:51:23,910 - INFO - HTTP Request: POST https://api.deepseek.com/v1/chat/completions "HTTP/1.1 200 OK"
2026-08-31 03:51:24,195 - INFO - 第 259 篇论文被 DeepSeek 判定为不相关，已自动过滤。
2026-08-31 03:51:24,195 - INFO - 第 259 篇论文已过滤，未写入结果集
2026-08-31 03:51:27,196 - INFO - 正在处理第 260/597 篇论文
2026-08-31 03:51:27,196 - INFO - 正在评审/翻译第 260 篇论文 (尝试 1/3)
2026-08-31 03:51:27,196 - INFO - 使用模型: DeepSeek Chat
2026-08-31 03:51:27,523 - INFO - HTTP Request: POST https://api.deepseek.com/v1/chat/completions "HTTP/1.1 200 OK"
2026-08-31 03:51:31,511 - INFO - 第 260 篇论文处理成功
2026-08-31 03:51:34,512 - INFO - 正在处理第 261/597 篇论文
2026-08-31 03:51:34,512 - INFO - 正在评审/翻译第 261 篇论文 (尝试 1/3)
2026-08-31 03:51:34,512 - INFO - 使用模型: DeepSeek Chat
2026-08-31 03:51:34,846 - INFO - HTTP Request: POST https://api.deepseek.com/v1/chat/completions "HTTP/1.1 200 OK"
2026-08-31 03:51:35,497 - INFO - 第 261 篇论文被 DeepSeek 判定为不相关，已自动过滤。
2026-08-31 03:51:35,498 - INFO - 第 261 篇论文已过滤，未写入结果集
2026-08-31 03:51:38,498 - INFO - 正在处理第 262/597 篇论文
2026-08-31 03:51:38,498 - INFO - 正在评审/翻译第 262 篇论文 (尝试 1/3)
2026-08-31 03:51:38,498 - INFO - 使用模型: DeepSeek Chat
2026-08-31 03:51:38,855 - INFO - HTTP Request: POST https://api.deepseek.com/v1/chat/completions "HTTP/1.1 200 OK"
2026-08-31 03:51:39,505 - INFO - 第 262 篇论文被 DeepSeek 判定为不相关，已自动过滤。
2026-08-31 03:51:39,505 - INFO - 第 262 篇论文已过滤，未写入结果集
2026-08-31 03:51:42,506 - INFO - 正在处理第 263/597 篇论文
2026-08-31 03:51:42,506 - INFO - 正在评审/翻译第 263 篇论文 (尝试 1/3)
2026-08-31 03:51:42,506 - INFO - 使用模型: DeepSeek Chat
2026-08-31 03:51:42,852 - INFO - HTTP Request: POST https://api.deepseek.com/v1/chat/completions "HTTP/1.1 200 OK"
2026-08-31 03:51:43,273 - INFO - 第 263 篇论文被 DeepSeek 判定为不相关，已自动过滤。
2026-08-31 03:51:43,273 - INFO - 第 263 篇论文已过滤，未写入结果集
2026-08-31 03:51:46,273 - INFO - 正在处理第 264/597 篇论文
2026-08-31 03:51:46,274 - INFO - 正在评审/翻译第 264 篇论文 (尝试 1/3)
2026-08-31 03:51:46,274 - INFO - 使用模型: DeepSeek Chat
2026-08-31 03:51:46,608 - INFO - HTTP Request: POST https://api.deepseek.com/v1/chat/completions "HTTP/1.1 200 OK"
2026-08-31 03:51:47,067 - INFO - 第 264 篇论文被 DeepSeek 判定为不相关，已自动过滤。
2026-08-31 03:51:47,067 - INFO - 第 264 篇论文已过滤，未写入结果集
2026-08-31 03:51:50,068 - INFO - 正在处理第 265/597 篇论文
2026-08-31 03:51:50,068 - INFO - 正在评审/翻译第 265 篇论文 (尝试 1/3)
2026-08-31 03:51:50,068 - INFO - 使用模型: DeepSeek Chat
2026-08-31 03:51:50,397 - INFO - HTTP Request: POST https://api.deepseek.com/v1/chat/completions "HTTP/1.1 200 OK"
2026-08-31 03:51:50,906 - INFO - 第 265 篇论文被 DeepSeek 判定为不相关，已自动过滤。
2026-08-31 03:51:50,907 - INFO - 第 265 篇论文已过滤，未写入结果集
2026-08-31 03:51:53,907 - INFO - 正在处理第 266/597 篇论文
2026-08-31 03:51:53,907 - INFO - 正在评审/翻译第 266 篇论文 (尝试 1/3)
2026-08-31 03:51:53,908 - INFO - 使用模型: DeepSeek Chat
2026-08-31 03:51:54,239 - INFO - HTTP Request: POST https://api.deepseek.com/v1/chat/completions "HTTP/1.1 200 OK"
2026-08-31 03:51:54,775 - INFO - 第 266 篇论文被 DeepSeek 判定为不相关，已自动过滤。
2026-08-31 03:51:54,776 - INFO - 第 266 篇论文已过滤，未写入结果集
2026-08-31 03:51:57,776 - INFO - 正在处理第 267/597 篇论文
2026-08-31 03:51:57,776 - INFO - 正在评审/翻译第 267 篇论文 (尝试 1/3)
2026-08-31 03:51:57,776 - INFO - 使用模型: DeepSeek Chat
2026-08-31 03:51:58,114 - INFO - HTTP Request: POST https://api.deepseek.com/v1/chat/completions "HTTP/1.1 200 OK"
2026-08-31 03:51:58,474 - INFO - 第 267 篇论文被 DeepSeek 判定为不相关，已自动过滤。
2026-08-31 03:51:58,474 - INFO - 第 267 篇论文已过滤，未写入结果集
2026-08-31 03:52:01,475 - INFO - 正在处理第 268/597 篇论文
2026-08-31 03:52:01,475 - INFO - 正在评审/翻译第 268 篇论文 (尝试 1/3)
2026-08-31 03:52:01,475 - INFO - 使用模型: DeepSeek Chat
2026-08-31 03:52:01,804 - INFO - HTTP Request: POST https://api.deepseek.com/v1/chat/completions "HTTP/1.1 200 OK"
2026-08-31 03:52:02,153 - INFO - 第 268 篇论文被 DeepSeek 判定为不相关，已自动过滤。
2026-08-31 03:52:02,154 - INFO - 第 268 篇论文已过滤，未写入结果集
2026-08-31 03:52:05,154 - INFO - 正在处理第 269/597 篇论文
2026-08-31 03:52:05,154 - INFO - 正在评审/翻译第 269 篇论文 (尝试 1/3)
2026-08-31 03:52:05,154 - INFO - 使用模型: DeepSeek Chat
2026-08-31 03:52:05,486 - INFO - HTTP Request: POST https://api.deepseek.com/v1/chat/completions "HTTP/1.1 200 OK"
2026-08-31 03:52:06,137 - INFO - 第 269 篇论文被 DeepSeek 判定为不相关，已自动过滤。
2026-08-31 03:52:06,137 - INFO - 第 269 篇论文已过滤，未写入结果集
2026-08-31 03:52:09,138 - INFO - 正在处理第 270/597 篇论文
2026-08-31 03:52:09,138 - INFO - 正在评审/翻译第 270 篇论文 (尝试 1/3)
2026-08-31 03:52:09,138 - INFO - 使用模型: DeepSeek Chat
2026-08-31 03:52:09,488 - INFO - HTTP Request: POST https://api.deepseek.com/v1/chat/completions "HTTP/1.1 200 OK"
2026-08-31 03:52:14,326 - INFO - 第 270 篇论文处理成功
2026-08-31 03:52:17,327 - INFO - 正在处理第 271/597 篇论文
2026-08-31 03:52:17,327 - INFO - 正在评审/翻译第 271 篇论文 (尝试 1/3)
2026-08-31 03:52:17,327 - INFO - 使用模型: DeepSeek Chat
2026-08-31 03:52:17,653 - INFO - HTTP Request: POST https://api.deepseek.com/v1/chat/completions "HTTP/1.1 200 OK"
2026-08-31 03:52:19,997 - INFO - 第 271 篇论文处理成功
2026-08-31 03:52:22,998 - INFO - 正在处理第 272/597 篇论文
2026-08-31 03:52:22,998 - INFO - 正在评审/翻译第 272 篇论文 (尝试 1/3)
2026-08-31 03:52:22,998 - INFO - 使用模型: DeepSeek Chat
2026-08-31 03:52:23,317 - INFO - HTTP Request: POST https://api.deepseek.com/v1/chat/completions "HTTP/1.1 200 OK"
2026-08-31 03:52:23,681 - INFO - 第 272 篇论文被 DeepSeek 判定为不相关，已自动过滤。
2026-08-31 03:52:23,682 - INFO - 第 272 篇论文已过滤，未写入结果集
2026-08-31 03:52:26,682 - INFO - 正在处理第 273/597 篇论文
2026-08-31 03:52:26,682 - INFO - 正在评审/翻译第 273 篇论文 (尝试 1/3)
2026-08-31 03:52:26,682 - INFO - 使用模型: DeepSeek Chat
2026-08-31 03:52:27,015 - INFO - HTTP Request: POST https://api.deepseek.com/v1/chat/completions "HTTP/1.1 200 OK"
2026-08-31 03:52:27,347 - INFO - 第 273 篇论文被 DeepSeek 判定为不相关，已自动过滤。
2026-08-31 03:52:27,347 - INFO - 第 273 篇论文已过滤，未写入结果集
2026-08-31 03:52:30,348 - INFO - 正在处理第 274/597 篇论文
2026-08-31 03:52:30,348 - INFO - 正在评审/翻译第 274 篇论文 (尝试 1/3)
2026-08-31 03:52:30,348 - INFO - 使用模型: DeepSeek Chat
2026-08-31 03:52:30,693 - INFO - HTTP Request: POST https://api.deepseek.com/v1/chat/completions "HTTP/1.1 200 OK"
2026-08-31 03:52:31,243 - INFO - 第 274 篇论文被 DeepSeek 判定为不相关，已自动过滤。
2026-08-31 03:52:31,244 - INFO - 第 274 篇论文已过滤，未写入结果集
2026-08-31 03:52:34,244 - INFO - 正在处理第 275/597 篇论文
2026-08-31 03:52:34,244 - INFO - 正在评审/翻译第 275 篇论文 (尝试 1/3)
2026-08-31 03:52:34,244 - INFO - 使用模型: DeepSeek Chat
2026-08-31 03:52:34,586 - INFO - HTTP Request: POST https://api.deepseek.com/v1/chat/completions "HTTP/1.1 200 OK"
2026-08-31 03:52:35,029 - INFO - 第 275 篇论文被 DeepSeek 判定为不相关，已自动过滤。
2026-08-31 03:52:35,030 - INFO - 第 275 篇论文已过滤，未写入结果集
2026-08-31 03:52:38,030 - INFO - 正在处理第 276/597 篇论文
2026-08-31 03:52:38,030 - INFO - 正在评审/翻译第 276 篇论文 (尝试 1/3)
2026-08-31 03:52:38,030 - INFO - 使用模型: DeepSeek Chat
2026-08-31 03:52:38,362 - INFO - HTTP Request: POST https://api.deepseek.com/v1/chat/completions "HTTP/1.1 200 OK"
2026-08-31 03:52:38,950 - INFO - 第 276 篇论文被 DeepSeek 判定为不相关，已自动过滤。
2026-08-31 03:52:38,951 - INFO - 第 276 篇论文已过滤，未写入结果集
2026-08-31 03:52:41,951 - INFO - 正在处理第 277/597 篇论文
2026-08-31 03:52:41,951 - INFO - 正在评审/翻译第 277 篇论文 (尝试 1/3)
2026-08-31 03:52:41,952 - INFO - 使用模型: DeepSeek Chat
2026-08-31 03:52:42,276 - INFO - HTTP Request: POST https://api.deepseek.com/v1/chat/completions "HTTP/1.1 200 OK"
2026-08-31 03:52:42,753 - INFO - 第 277 篇论文被 DeepSeek 判定为不相关，已自动过滤。
2026-08-31 03:52:42,754 - INFO - 第 277 篇论文已过滤，未写入结果集
2026-08-31 03:52:45,754 - INFO - 正在处理第 278/597 篇论文
2026-08-31 03:52:45,754 - INFO - 正在评审/翻译第 278 篇论文 (尝试 1/3)
2026-08-31 03:52:45,754 - INFO - 使用模型: DeepSeek Chat
2026-08-31 03:52:46,085 - INFO - HTTP Request: POST https://api.deepseek.com/v1/chat/completions "HTTP/1.1 200 OK"
2026-08-31 03:52:46,510 - INFO - 第 278 篇论文被 DeepSeek 判定为不相关，已自动过滤。
2026-08-31 03:52:46,511 - INFO - 第 278 篇论文已过滤，未写入结果集
2026-08-31 03:52:49,511 - INFO - 正在处理第 279/597 篇论文
2026-08-31 03:52:49,512 - INFO - 正在评审/翻译第 279 篇论文 (尝试 1/3)
2026-08-31 03:52:49,512 - INFO - 使用模型: DeepSeek Chat
2026-08-31 03:52:49,852 - INFO - HTTP Request: POST https://api.deepseek.com/v1/chat/completions "HTTP/1.1 200 OK"
2026-08-31 03:52:50,544 - INFO - 第 279 篇论文被 DeepSeek 判定为不相关，已自动过滤。
2026-08-31 03:52:50,544 - INFO - 第 279 篇论文已过滤，未写入结果集
2026-08-31 03:52:53,545 - INFO - 正在处理第 280/597 篇论文
2026-08-31 03:52:53,545 - INFO - 正在评审/翻译第 280 篇论文 (尝试 1/3)
2026-08-31 03:52:53,545 - INFO - 使用模型: DeepSeek Chat
2026-08-31 03:52:53,949 - INFO - HTTP Request: POST https://api.deepseek.com/v1/chat/completions "HTTP/1.1 200 OK"
2026-08-31 03:52:54,295 - INFO - 第 280 篇论文被 DeepSeek 判定为不相关，已自动过滤。
2026-08-31 03:52:54,295 - INFO - 第 280 篇论文已过滤，未写入结果集
2026-08-31 03:52:57,296 - INFO - 正在处理第 281/597 篇论文
2026-08-31 03:52:57,296 - INFO - 正在评审/翻译第 281 篇论文 (尝试 1/3)
2026-08-31 03:52:57,296 - INFO - 使用模型: DeepSeek Chat
2026-08-31 03:52:57,617 - INFO - HTTP Request: POST https://api.deepseek.com/v1/chat/completions "HTTP/1.1 200 OK"
2026-08-31 03:52:58,195 - INFO - 第 281 篇论文被 DeepSeek 判定为不相关，已自动过滤。
2026-08-31 03:52:58,196 - INFO - 第 281 篇论文已过滤，未写入结果集
2026-08-31 03:53:01,196 - INFO - 正在处理第 282/597 篇论文
2026-08-31 03:53:01,197 - INFO - 正在评审/翻译第 282 篇论文 (尝试 1/3)
2026-08-31 03:53:01,197 - INFO - 使用模型: DeepSeek Chat
2026-08-31 03:53:01,514 - INFO - HTTP Request: POST https://api.deepseek.com/v1/chat/completions "HTTP/1.1 200 OK"
2026-08-31 03:53:02,061 - INFO - 第 282 篇论文被 DeepSeek 判定为不相关，已自动过滤。
2026-08-31 03:53:02,062 - INFO - 第 282 篇论文已过滤，未写入结果集
2026-08-31 03:53:05,062 - INFO - 正在处理第 283/597 篇论文
2026-08-31 03:53:05,062 - INFO - 正在评审/翻译第 283 篇论文 (尝试 1/3)
2026-08-31 03:53:05,062 - INFO - 使用模型: DeepSeek Chat
2026-08-31 03:53:05,410 - INFO - HTTP Request: POST https://api.deepseek.com/v1/chat/completions "HTTP/1.1 200 OK"
2026-08-31 03:53:06,042 - INFO - 第 283 篇论文被 DeepSeek 判定为不相关，已自动过滤。
2026-08-31 03:53:06,043 - INFO - 第 283 篇论文已过滤，未写入结果集
2026-08-31 03:53:09,043 - INFO - 正在处理第 284/597 篇论文
2026-08-31 03:53:09,043 - INFO - 正在评审/翻译第 284 篇论文 (尝试 1/3)
2026-08-31 03:53:09,043 - INFO - 使用模型: DeepSeek Chat
2026-08-31 03:53:09,376 - INFO - HTTP Request: POST https://api.deepseek.com/v1/chat/completions "HTTP/1.1 200 OK"
2026-08-31 03:53:10,017 - INFO - 第 284 篇论文被 DeepSeek 判定为不相关，已自动过滤。
2026-08-31 03:53:10,018 - INFO - 第 284 篇论文已过滤，未写入结果集
2026-08-31 03:53:13,018 - INFO - 正在处理第 285/597 篇论文
2026-08-31 03:53:13,019 - INFO - 正在评审/翻译第 285 篇论文 (尝试 1/3)
2026-08-31 03:53:13,019 - INFO - 使用模型: DeepSeek Chat
2026-08-31 03:53:13,392 - INFO - HTTP Request: POST https://api.deepseek.com/v1/chat/completions "HTTP/1.1 200 OK"
2026-08-31 03:53:16,429 - INFO - 第 285 篇论文处理成功
2026-08-31 03:53:19,429 - INFO - 正在处理第 286/597 篇论文
2026-08-31 03:53:19,430 - INFO - 正在评审/翻译第 286 篇论文 (尝试 1/3)
2026-08-31 03:53:19,430 - INFO - 使用模型: DeepSeek Chat
2026-08-31 03:53:19,756 - INFO - HTTP Request: POST https://api.deepseek.com/v1/chat/completions "HTTP/1.1 200 OK"
2026-08-31 03:53:20,479 - INFO - 第 286 篇论文被 DeepSeek 判定为不相关，已自动过滤。
2026-08-31 03:53:20,480 - INFO - 第 286 篇论文已过滤，未写入结果集
2026-08-31 03:53:23,480 - INFO - 正在处理第 287/597 篇论文
2026-08-31 03:53:23,480 - INFO - 正在评审/翻译第 287 篇论文 (尝试 1/3)
2026-08-31 03:53:23,480 - INFO - 使用模型: DeepSeek Chat
2026-08-31 03:53:23,824 - INFO - HTTP Request: POST https://api.deepseek.com/v1/chat/completions "HTTP/1.1 200 OK"
2026-08-31 03:53:24,512 - INFO - 第 287 篇论文被 DeepSeek 判定为不相关，已自动过滤。
2026-08-31 03:53:24,513 - INFO - 第 287 篇论文已过滤，未写入结果集
2026-08-31 03:53:27,513 - INFO - 正在处理第 288/597 篇论文
2026-08-31 03:53:27,513 - INFO - 正在评审/翻译第 288 篇论文 (尝试 1/3)
2026-08-31 03:53:27,513 - INFO - 使用模型: DeepSeek Chat
2026-08-31 03:53:27,844 - INFO - HTTP Request: POST https://api.deepseek.com/v1/chat/completions "HTTP/1.1 200 OK"
2026-08-31 03:53:30,849 - INFO - 第 288 篇论文处理成功
2026-08-31 03:53:33,850 - INFO - 正在处理第 289/597 篇论文
2026-08-31 03:53:33,850 - INFO - 正在评审/翻译第 289 篇论文 (尝试 1/3)
2026-08-31 03:53:33,850 - INFO - 使用模型: DeepSeek Chat
2026-08-31 03:53:34,175 - INFO - HTTP Request: POST https://api.deepseek.com/v1/chat/completions "HTTP/1.1 200 OK"
2026-08-31 03:53:34,676 - INFO - 第 289 篇论文被 DeepSeek 判定为不相关，已自动过滤。
2026-08-31 03:53:34,677 - INFO - 第 289 篇论文已过滤，未写入结果集
2026-08-31 03:53:37,677 - INFO - 正在处理第 290/597 篇论文
2026-08-31 03:53:37,677 - INFO - 正在评审/翻译第 290 篇论文 (尝试 1/3)
2026-08-31 03:53:37,677 - INFO - 使用模型: DeepSeek Chat
2026-08-31 03:53:38,011 - INFO - HTTP Request: POST https://api.deepseek.com/v1/chat/completions "HTTP/1.1 200 OK"
2026-08-31 03:53:38,608 - INFO - 第 290 篇论文被 DeepSeek 判定为不相关，已自动过滤。
2026-08-31 03:53:38,609 - INFO - 第 290 篇论文已过滤，未写入结果集
2026-08-31 03:53:41,609 - INFO - 正在处理第 291/597 篇论文
2026-08-31 03:53:41,609 - INFO - 正在评审/翻译第 291 篇论文 (尝试 1/3)
2026-08-31 03:53:41,609 - INFO - 使用模型: DeepSeek Chat
2026-08-31 03:53:41,967 - INFO - HTTP Request: POST https://api.deepseek.com/v1/chat/completions "HTTP/1.1 200 OK"
2026-08-31 03:53:42,618 - INFO - 第 291 篇论文被 DeepSeek 判定为不相关，已自动过滤。
2026-08-31 03:53:42,618 - INFO - 第 291 篇论文已过滤，未写入结果集
2026-08-31 03:53:45,618 - INFO - 正在处理第 292/597 篇论文
2026-08-31 03:53:45,619 - INFO - 正在评审/翻译第 292 篇论文 (尝试 1/3)
2026-08-31 03:53:45,619 - INFO - 使用模型: DeepSeek Chat
2026-08-31 03:53:45,942 - INFO - HTTP Request: POST https://api.deepseek.com/v1/chat/completions "HTTP/1.1 200 OK"
2026-08-31 03:53:46,496 - INFO - 第 292 篇论文被 DeepSeek 判定为不相关，已自动过滤。
2026-08-31 03:53:46,497 - INFO - 第 292 篇论文已过滤，未写入结果集
2026-08-31 03:53:49,497 - INFO - 正在处理第 293/597 篇论文
2026-08-31 03:53:49,497 - INFO - 正在评审/翻译第 293 篇论文 (尝试 1/3)
2026-08-31 03:53:49,498 - INFO - 使用模型: DeepSeek Chat
2026-08-31 03:53:49,827 - INFO - HTTP Request: POST https://api.deepseek.com/v1/chat/completions "HTTP/1.1 200 OK"
2026-08-31 03:53:50,265 - INFO - 第 293 篇论文被 DeepSeek 判定为不相关，已自动过滤。
2026-08-31 03:53:50,266 - INFO - 第 293 篇论文已过滤，未写入结果集
2026-08-31 03:53:53,266 - INFO - 正在处理第 294/597 篇论文
2026-08-31 03:53:53,267 - INFO - 正在评审/翻译第 294 篇论文 (尝试 1/3)
2026-08-31 03:53:53,267 - INFO - 使用模型: DeepSeek Chat
2026-08-31 03:53:53,605 - INFO - HTTP Request: POST https://api.deepseek.com/v1/chat/completions "HTTP/1.1 200 OK"
2026-08-31 03:53:54,169 - INFO - 第 294 篇论文被 DeepSeek 判定为不相关，已自动过滤。
2026-08-31 03:53:54,170 - INFO - 第 294 篇论文已过滤，未写入结果集
2026-08-31 03:53:57,170 - INFO - 正在处理第 295/597 篇论文
2026-08-31 03:53:57,170 - INFO - 正在评审/翻译第 295 篇论文 (尝试 1/3)
2026-08-31 03:53:57,170 - INFO - 使用模型: DeepSeek Chat
2026-08-31 03:53:57,507 - INFO - HTTP Request: POST https://api.deepseek.com/v1/chat/completions "HTTP/1.1 200 OK"
2026-08-31 03:53:57,877 - INFO - 第 295 篇论文被 DeepSeek 判定为不相关，已自动过滤。
2026-08-31 03:53:57,878 - INFO - 第 295 篇论文已过滤，未写入结果集
2026-08-31 03:54:00,878 - INFO - 正在处理第 296/597 篇论文
2026-08-31 03:54:00,878 - INFO - 正在评审/翻译第 296 篇论文 (尝试 1/3)
2026-08-31 03:54:00,878 - INFO - 使用模型: DeepSeek Chat
2026-08-31 03:54:01,245 - INFO - HTTP Request: POST https://api.deepseek.com/v1/chat/completions "HTTP/1.1 200 OK"
2026-08-31 03:54:06,584 - INFO - 第 296 篇论文处理成功
2026-08-31 03:54:09,584 - INFO - 正在处理第 297/597 篇论文
2026-08-31 03:54:09,584 - INFO - 正在评审/翻译第 297 篇论文 (尝试 1/3)
2026-08-31 03:54:09,584 - INFO - 使用模型: DeepSeek Chat
2026-08-31 03:54:09,915 - INFO - HTTP Request: POST https://api.deepseek.com/v1/chat/completions "HTTP/1.1 200 OK"
2026-08-31 03:54:15,929 - INFO - 第 297 篇论文处理成功
2026-08-31 03:54:18,929 - INFO - 正在处理第 298/597 篇论文
2026-08-31 03:54:18,929 - INFO - 正在评审/翻译第 298 篇论文 (尝试 1/3)
2026-08-31 03:54:18,929 - INFO - 使用模型: DeepSeek Chat
2026-08-31 03:54:19,266 - INFO - HTTP Request: POST https://api.deepseek.com/v1/chat/completions "HTTP/1.1 200 OK"
2026-08-31 03:54:19,680 - INFO - 第 298 篇论文被 DeepSeek 判定为不相关，已自动过滤。
2026-08-31 03:54:19,681 - INFO - 第 298 篇论文已过滤，未写入结果集
2026-08-31 03:54:22,681 - INFO - 正在处理第 299/597 篇论文
2026-08-31 03:54:22,681 - INFO - 正在评审/翻译第 299 篇论文 (尝试 1/3)
2026-08-31 03:54:22,681 - INFO - 使用模型: DeepSeek Chat
2026-08-31 03:54:23,011 - INFO - HTTP Request: POST https://api.deepseek.com/v1/chat/completions "HTTP/1.1 200 OK"
2026-08-31 03:54:23,597 - INFO - 第 299 篇论文被 DeepSeek 判定为不相关，已自动过滤。
2026-08-31 03:54:23,598 - INFO - 第 299 篇论文已过滤，未写入结果集
2026-08-31 03:54:26,598 - INFO - 正在处理第 300/597 篇论文
2026-08-31 03:54:26,598 - INFO - 正在评审/翻译第 300 篇论文 (尝试 1/3)
2026-08-31 03:54:26,599 - INFO - 使用模型: DeepSeek Chat
2026-08-31 03:54:26,922 - INFO - HTTP Request: POST https://api.deepseek.com/v1/chat/completions "HTTP/1.1 200 OK"
2026-08-31 03:54:27,221 - INFO - 第 300 篇论文被 DeepSeek 判定为不相关，已自动过滤。
2026-08-31 03:54:27,221 - INFO - 第 300 篇论文已过滤，未写入结果集
2026-08-31 03:54:30,222 - INFO - 正在处理第 301/597 篇论文
2026-08-31 03:54:30,222 - INFO - 正在评审/翻译第 301 篇论文 (尝试 1/3)
2026-08-31 03:54:30,222 - INFO - 使用模型: DeepSeek Chat
2026-08-31 03:54:30,564 - INFO - HTTP Request: POST https://api.deepseek.com/v1/chat/completions "HTTP/1.1 200 OK"
2026-08-31 03:54:31,015 - INFO - 第 301 篇论文被 DeepSeek 判定为不相关，已自动过滤。
2026-08-31 03:54:31,015 - INFO - 第 301 篇论文已过滤，未写入结果集
2026-08-31 03:54:34,016 - INFO - 正在处理第 302/597 篇论文
2026-08-31 03:54:34,016 - INFO - 正在评审/翻译第 302 篇论文 (尝试 1/3)
2026-08-31 03:54:34,016 - INFO - 使用模型: DeepSeek Chat
2026-08-31 03:54:34,363 - INFO - HTTP Request: POST https://api.deepseek.com/v1/chat/completions "HTTP/1.1 200 OK"
2026-08-31 03:54:34,753 - INFO - 第 302 篇论文被 DeepSeek 判定为不相关，已自动过滤。
2026-08-31 03:54:34,753 - INFO - 第 302 篇论文已过滤，未写入结果集
2026-08-31 03:54:37,753 - INFO - 正在处理第 303/597 篇论文
2026-08-31 03:54:37,754 - INFO - 正在评审/翻译第 303 篇论文 (尝试 1/3)
2026-08-31 03:54:37,754 - INFO - 使用模型: DeepSeek Chat
2026-08-31 03:54:38,087 - INFO - HTTP Request: POST https://api.deepseek.com/v1/chat/completions "HTTP/1.1 200 OK"
2026-08-31 03:54:38,644 - INFO - 第 303 篇论文被 DeepSeek 判定为不相关，已自动过滤。
2026-08-31 03:54:38,645 - INFO - 第 303 篇论文已过滤，未写入结果集
2026-08-31 03:54:41,645 - INFO - 正在处理第 304/597 篇论文
2026-08-31 03:54:41,645 - INFO - 正在评审/翻译第 304 篇论文 (尝试 1/3)
2026-08-31 03:54:41,645 - INFO - 使用模型: DeepSeek Chat
2026-08-31 03:54:41,985 - INFO - HTTP Request: POST https://api.deepseek.com/v1/chat/completions "HTTP/1.1 200 OK"
2026-08-31 03:54:42,299 - INFO - 第 304 篇论文被 DeepSeek 判定为不相关，已自动过滤。
2026-08-31 03:54:42,300 - INFO - 第 304 篇论文已过滤，未写入结果集
2026-08-31 03:54:45,300 - INFO - 正在处理第 305/597 篇论文
2026-08-31 03:54:45,300 - INFO - 正在评审/翻译第 305 篇论文 (尝试 1/3)
2026-08-31 03:54:45,301 - INFO - 使用模型: DeepSeek Chat
2026-08-31 03:54:45,636 - INFO - HTTP Request: POST https://api.deepseek.com/v1/chat/completions "HTTP/1.1 200 OK"
2026-08-31 03:54:46,186 - INFO - 第 305 篇论文被 DeepSeek 判定为不相关，已自动过滤。
2026-08-31 03:54:46,187 - INFO - 第 305 篇论文已过滤，未写入结果集
2026-08-31 03:54:49,187 - INFO - 正在处理第 306/597 篇论文
2026-08-31 03:54:49,187 - INFO - 正在评审/翻译第 306 篇论文 (尝试 1/3)
2026-08-31 03:54:49,187 - INFO - 使用模型: DeepSeek Chat
2026-08-31 03:54:49,543 - INFO - HTTP Request: POST https://api.deepseek.com/v1/chat/completions "HTTP/1.1 200 OK"
2026-08-31 03:54:49,834 - INFO - 第 306 篇论文被 DeepSeek 判定为不相关，已自动过滤。
2026-08-31 03:54:49,834 - INFO - 第 306 篇论文已过滤，未写入结果集
2026-08-31 03:54:52,835 - INFO - 正在处理第 307/597 篇论文
2026-08-31 03:54:52,835 - INFO - 正在评审/翻译第 307 篇论文 (尝试 1/3)
2026-08-31 03:54:52,835 - INFO - 使用模型: DeepSeek Chat
2026-08-31 03:54:53,184 - INFO - HTTP Request: POST https://api.deepseek.com/v1/chat/completions "HTTP/1.1 200 OK"
2026-08-31 03:54:53,598 - INFO - 第 307 篇论文被 DeepSeek 判定为不相关，已自动过滤。
2026-08-31 03:54:53,599 - INFO - 第 307 篇论文已过滤，未写入结果集
2026-08-31 03:54:56,599 - INFO - 正在处理第 308/597 篇论文
2026-08-31 03:54:56,600 - INFO - 正在评审/翻译第 308 篇论文 (尝试 1/3)
2026-08-31 03:54:56,600 - INFO - 使用模型: DeepSeek Chat
2026-08-31 03:54:56,933 - INFO - HTTP Request: POST https://api.deepseek.com/v1/chat/completions "HTTP/1.1 200 OK"
2026-08-31 03:54:57,471 - INFO - 第 308 篇论文被 DeepSeek 判定为不相关，已自动过滤。
2026-08-31 03:54:57,472 - INFO - 第 308 篇论文已过滤，未写入结果集
2026-08-31 03:55:00,472 - INFO - 正在处理第 309/597 篇论文
2026-08-31 03:55:00,473 - INFO - 正在评审/翻译第 309 篇论文 (尝试 1/3)
2026-08-31 03:55:00,473 - INFO - 使用模型: DeepSeek Chat
2026-08-31 03:55:00,799 - INFO - HTTP Request: POST https://api.deepseek.com/v1/chat/completions "HTTP/1.1 200 OK"
2026-08-31 03:55:01,220 - INFO - 第 309 篇论文被 DeepSeek 判定为不相关，已自动过滤。
2026-08-31 03:55:01,221 - INFO - 第 309 篇论文已过滤，未写入结果集
2026-08-31 03:55:04,221 - INFO - 正在处理第 310/597 篇论文
2026-08-31 03:55:04,221 - INFO - 正在评审/翻译第 310 篇论文 (尝试 1/3)
2026-08-31 03:55:04,221 - INFO - 使用模型: DeepSeek Chat
2026-08-31 03:55:04,560 - INFO - HTTP Request: POST https://api.deepseek.com/v1/chat/completions "HTTP/1.1 200 OK"
2026-08-31 03:55:04,790 - INFO - 第 310 篇论文被 DeepSeek 判定为不相关，已自动过滤。
2026-08-31 03:55:04,791 - INFO - 第 310 篇论文已过滤，未写入结果集
2026-08-31 03:55:07,791 - INFO - 正在处理第 311/597 篇论文
2026-08-31 03:55:07,791 - INFO - 正在评审/翻译第 311 篇论文 (尝试 1/3)
2026-08-31 03:55:07,792 - INFO - 使用模型: DeepSeek Chat
2026-08-31 03:55:08,126 - INFO - HTTP Request: POST https://api.deepseek.com/v1/chat/completions "HTTP/1.1 200 OK"
2026-08-31 03:55:08,454 - INFO - 第 311 篇论文被 DeepSeek 判定为不相关，已自动过滤。
2026-08-31 03:55:08,454 - INFO - 第 311 篇论文已过滤，未写入结果集
2026-08-31 03:55:11,455 - INFO - 正在处理第 312/597 篇论文
2026-08-31 03:55:11,455 - INFO - 正在评审/翻译第 312 篇论文 (尝试 1/3)
2026-08-31 03:55:11,455 - INFO - 使用模型: DeepSeek Chat
2026-08-31 03:55:11,801 - INFO - HTTP Request: POST https://api.deepseek.com/v1/chat/completions "HTTP/1.1 200 OK"
2026-08-31 03:55:12,235 - INFO - 第 312 篇论文被 DeepSeek 判定为不相关，已自动过滤。
2026-08-31 03:55:12,235 - INFO - 第 312 篇论文已过滤，未写入结果集
2026-08-31 03:55:15,235 - INFO - 正在处理第 313/597 篇论文
2026-08-31 03:55:15,236 - INFO - 正在评审/翻译第 313 篇论文 (尝试 1/3)
2026-08-31 03:55:15,236 - INFO - 使用模型: DeepSeek Chat
2026-08-31 03:55:15,566 - INFO - HTTP Request: POST https://api.deepseek.com/v1/chat/completions "HTTP/1.1 200 OK"
2026-08-31 03:55:16,021 - INFO - 第 313 篇论文被 DeepSeek 判定为不相关，已自动过滤。
2026-08-31 03:55:16,021 - INFO - 第 313 篇论文已过滤，未写入结果集
2026-08-31 03:55:19,022 - INFO - 正在处理第 314/597 篇论文
2026-08-31 03:55:19,022 - INFO - 正在评审/翻译第 314 篇论文 (尝试 1/3)
2026-08-31 03:55:19,022 - INFO - 使用模型: DeepSeek Chat
2026-08-31 03:55:19,358 - INFO - HTTP Request: POST https://api.deepseek.com/v1/chat/completions "HTTP/1.1 200 OK"
2026-08-31 03:55:19,730 - INFO - 第 314 篇论文被 DeepSeek 判定为不相关，已自动过滤。
2026-08-31 03:55:19,731 - INFO - 第 314 篇论文已过滤，未写入结果集
2026-08-31 03:55:22,731 - INFO - 正在处理第 315/597 篇论文
2026-08-31 03:55:22,731 - INFO - 正在评审/翻译第 315 篇论文 (尝试 1/3)
2026-08-31 03:55:22,731 - INFO - 使用模型: DeepSeek Chat
2026-08-31 03:55:23,053 - INFO - HTTP Request: POST https://api.deepseek.com/v1/chat/completions "HTTP/1.1 200 OK"
2026-08-31 03:55:23,579 - INFO - 第 315 篇论文被 DeepSeek 判定为不相关，已自动过滤。
2026-08-31 03:55:23,580 - INFO - 第 315 篇论文已过滤，未写入结果集
2026-08-31 03:55:26,580 - INFO - 正在处理第 316/597 篇论文
2026-08-31 03:55:26,580 - INFO - 正在评审/翻译第 316 篇论文 (尝试 1/3)
2026-08-31 03:55:26,581 - INFO - 使用模型: DeepSeek Chat
2026-08-31 03:55:26,914 - INFO - HTTP Request: POST https://api.deepseek.com/v1/chat/completions "HTTP/1.1 200 OK"
2026-08-31 03:55:27,256 - INFO - 第 316 篇论文被 DeepSeek 判定为不相关，已自动过滤。
2026-08-31 03:55:27,257 - INFO - 第 316 篇论文已过滤，未写入结果集
2026-08-31 03:55:30,257 - INFO - 正在处理第 317/597 篇论文
2026-08-31 03:55:30,257 - INFO - 正在评审/翻译第 317 篇论文 (尝试 1/3)
2026-08-31 03:55:30,257 - INFO - 使用模型: DeepSeek Chat
2026-08-31 03:55:30,605 - INFO - HTTP Request: POST https://api.deepseek.com/v1/chat/completions "HTTP/1.1 200 OK"
2026-08-31 03:55:30,974 - INFO - 第 317 篇论文被 DeepSeek 判定为不相关，已自动过滤。
2026-08-31 03:55:30,975 - INFO - 第 317 篇论文已过滤，未写入结果集
2026-08-31 03:55:33,975 - INFO - 正在处理第 318/597 篇论文
2026-08-31 03:55:33,975 - INFO - 正在评审/翻译第 318 篇论文 (尝试 1/3)
2026-08-31 03:55:33,976 - INFO - 使用模型: DeepSeek Chat
2026-08-31 03:55:34,308 - INFO - HTTP Request: POST https://api.deepseek.com/v1/chat/completions "HTTP/1.1 200 OK"
2026-08-31 03:55:34,834 - INFO - 第 318 篇论文被 DeepSeek 判定为不相关，已自动过滤。
2026-08-31 03:55:34,835 - INFO - 第 318 篇论文已过滤，未写入结果集
2026-08-31 03:55:37,836 - INFO - 正在处理第 319/597 篇论文
2026-08-31 03:55:37,836 - INFO - 正在评审/翻译第 319 篇论文 (尝试 1/3)
2026-08-31 03:55:37,836 - INFO - 使用模型: DeepSeek Chat
2026-08-31 03:55:38,166 - INFO - HTTP Request: POST https://api.deepseek.com/v1/chat/completions "HTTP/1.1 200 OK"
2026-08-31 03:55:38,466 - INFO - 第 319 篇论文被 DeepSeek 判定为不相关，已自动过滤。
2026-08-31 03:55:38,467 - INFO - 第 319 篇论文已过滤，未写入结果集
2026-08-31 03:55:41,467 - INFO - 正在处理第 320/597 篇论文
2026-08-31 03:55:41,468 - INFO - 正在评审/翻译第 320 篇论文 (尝试 1/3)
2026-08-31 03:55:41,468 - INFO - 使用模型: DeepSeek Chat
2026-08-31 03:55:41,809 - INFO - HTTP Request: POST https://api.deepseek.com/v1/chat/completions "HTTP/1.1 200 OK"
2026-08-31 03:55:42,363 - INFO - 第 320 篇论文被 DeepSeek 判定为不相关，已自动过滤。
2026-08-31 03:55:42,363 - INFO - 第 320 篇论文已过滤，未写入结果集
2026-08-31 03:55:45,364 - INFO - 正在处理第 321/597 篇论文
2026-08-31 03:55:45,364 - INFO - 正在评审/翻译第 321 篇论文 (尝试 1/3)
2026-08-31 03:55:45,364 - INFO - 使用模型: DeepSeek Chat
2026-08-31 03:55:45,699 - INFO - HTTP Request: POST https://api.deepseek.com/v1/chat/completions "HTTP/1.1 200 OK"
2026-08-31 03:55:46,104 - INFO - 第 321 篇论文被 DeepSeek 判定为不相关，已自动过滤。
2026-08-31 03:55:46,105 - INFO - 第 321 篇论文已过滤，未写入结果集
2026-08-31 03:55:49,105 - INFO - 正在处理第 322/597 篇论文
2026-08-31 03:55:49,105 - INFO - 正在评审/翻译第 322 篇论文 (尝试 1/3)
2026-08-31 03:55:49,106 - INFO - 使用模型: DeepSeek Chat
2026-08-31 03:55:49,425 - INFO - HTTP Request: POST https://api.deepseek.com/v1/chat/completions "HTTP/1.1 200 OK"
2026-08-31 03:55:50,157 - INFO - 第 322 篇论文被 DeepSeek 判定为不相关，已自动过滤。
2026-08-31 03:55:50,158 - INFO - 第 322 篇论文已过滤，未写入结果集
2026-08-31 03:55:53,158 - INFO - 正在处理第 323/597 篇论文
2026-08-31 03:55:53,159 - INFO - 正在评审/翻译第 323 篇论文 (尝试 1/3)
2026-08-31 03:55:53,159 - INFO - 使用模型: DeepSeek Chat
2026-08-31 03:55:53,488 - INFO - HTTP Request: POST https://api.deepseek.com/v1/chat/completions "HTTP/1.1 200 OK"
2026-08-31 03:55:54,019 - INFO - 第 323 篇论文被 DeepSeek 判定为不相关，已自动过滤。
2026-08-31 03:55:54,020 - INFO - 第 323 篇论文已过滤，未写入结果集
2026-08-31 03:55:57,020 - INFO - 正在处理第 324/597 篇论文
2026-08-31 03:55:57,021 - INFO - 正在评审/翻译第 324 篇论文 (尝试 1/3)
2026-08-31 03:55:57,021 - INFO - 使用模型: DeepSeek Chat
2026-08-31 03:55:57,347 - INFO - HTTP Request: POST https://api.deepseek.com/v1/chat/completions "HTTP/1.1 200 OK"
2026-08-31 03:55:57,757 - INFO - 第 324 篇论文被 DeepSeek 判定为不相关，已自动过滤。
2026-08-31 03:55:57,758 - INFO - 第 324 篇论文已过滤，未写入结果集
2026-08-31 03:56:00,758 - INFO - 正在处理第 325/597 篇论文
2026-08-31 03:56:00,758 - INFO - 正在评审/翻译第 325 篇论文 (尝试 1/3)
2026-08-31 03:56:00,758 - INFO - 使用模型: DeepSeek Chat
2026-08-31 03:56:01,091 - INFO - HTTP Request: POST https://api.deepseek.com/v1/chat/completions "HTTP/1.1 200 OK"
2026-08-31 03:56:03,955 - INFO - 第 325 篇论文处理成功
2026-08-31 03:56:06,955 - INFO - 正在处理第 326/597 篇论文
2026-08-31 03:56:06,955 - INFO - 正在评审/翻译第 326 篇论文 (尝试 1/3)
2026-08-31 03:56:06,955 - INFO - 使用模型: DeepSeek Chat
2026-08-31 03:56:07,289 - INFO - HTTP Request: POST https://api.deepseek.com/v1/chat/completions "HTTP/1.1 200 OK"
2026-08-31 03:56:07,595 - INFO - 第 326 篇论文被 DeepSeek 判定为不相关，已自动过滤。
2026-08-31 03:56:07,596 - INFO - 第 326 篇论文已过滤，未写入结果集
2026-08-31 03:56:10,596 - INFO - 正在处理第 327/597 篇论文
2026-08-31 03:56:10,596 - INFO - 正在评审/翻译第 327 篇论文 (尝试 1/3)
2026-08-31 03:56:10,596 - INFO - 使用模型: DeepSeek Chat
2026-08-31 03:56:10,925 - INFO - HTTP Request: POST https://api.deepseek.com/v1/chat/completions "HTTP/1.1 200 OK"
2026-08-31 03:56:11,516 - INFO - 第 327 篇论文被 DeepSeek 判定为不相关，已自动过滤。
2026-08-31 03:56:11,517 - INFO - 第 327 篇论文已过滤，未写入结果集
2026-08-31 03:56:14,517 - INFO - 正在处理第 328/597 篇论文
2026-08-31 03:56:14,517 - INFO - 正在评审/翻译第 328 篇论文 (尝试 1/3)
2026-08-31 03:56:14,517 - INFO - 使用模型: DeepSeek Chat
2026-08-31 03:56:14,854 - INFO - HTTP Request: POST https://api.deepseek.com/v1/chat/completions "HTTP/1.1 200 OK"
2026-08-31 03:56:15,577 - INFO - 第 328 篇论文被 DeepSeek 判定为不相关，已自动过滤。
2026-08-31 03:56:15,578 - INFO - 第 328 篇论文已过滤，未写入结果集
2026-08-31 03:56:18,578 - INFO - 正在处理第 329/597 篇论文
2026-08-31 03:56:18,578 - INFO - 正在评审/翻译第 329 篇论文 (尝试 1/3)
2026-08-31 03:56:18,579 - INFO - 使用模型: DeepSeek Chat
2026-08-31 03:56:18,909 - INFO - HTTP Request: POST https://api.deepseek.com/v1/chat/completions "HTTP/1.1 200 OK"
2026-08-31 03:56:19,352 - INFO - 第 329 篇论文被 DeepSeek 判定为不相关，已自动过滤。
2026-08-31 03:56:19,353 - INFO - 第 329 篇论文已过滤，未写入结果集
2026-08-31 03:56:22,353 - INFO - 正在处理第 330/597 篇论文
2026-08-31 03:56:22,353 - INFO - 正在评审/翻译第 330 篇论文 (尝试 1/3)
2026-08-31 03:56:22,354 - INFO - 使用模型: DeepSeek Chat
2026-08-31 03:56:22,688 - INFO - HTTP Request: POST https://api.deepseek.com/v1/chat/completions "HTTP/1.1 200 OK"
2026-08-31 03:56:23,172 - INFO - 第 330 篇论文被 DeepSeek 判定为不相关，已自动过滤。
2026-08-31 03:56:23,173 - INFO - 第 330 篇论文已过滤，未写入结果集
2026-08-31 03:56:26,173 - INFO - 正在处理第 331/597 篇论文
2026-08-31 03:56:26,173 - INFO - 正在评审/翻译第 331 篇论文 (尝试 1/3)
2026-08-31 03:56:26,173 - INFO - 使用模型: DeepSeek Chat
2026-08-31 03:56:26,501 - INFO - HTTP Request: POST https://api.deepseek.com/v1/chat/completions "HTTP/1.1 200 OK"
2026-08-31 03:56:27,155 - INFO - 第 331 篇论文被 DeepSeek 判定为不相关，已自动过滤。
2026-08-31 03:56:27,155 - INFO - 第 331 篇论文已过滤，未写入结果集
2026-08-31 03:56:30,156 - INFO - 正在处理第 332/597 篇论文
2026-08-31 03:56:30,156 - INFO - 正在评审/翻译第 332 篇论文 (尝试 1/3)
2026-08-31 03:56:30,156 - INFO - 使用模型: DeepSeek Chat
2026-08-31 03:56:30,506 - INFO - HTTP Request: POST https://api.deepseek.com/v1/chat/completions "HTTP/1.1 200 OK"
2026-08-31 03:56:31,286 - INFO - 第 332 篇论文被 DeepSeek 判定为不相关，已自动过滤。
2026-08-31 03:56:31,287 - INFO - 第 332 篇论文已过滤，未写入结果集
2026-08-31 03:56:34,287 - INFO - 正在处理第 333/597 篇论文
2026-08-31 03:56:34,287 - INFO - 正在评审/翻译第 333 篇论文 (尝试 1/3)
2026-08-31 03:56:34,288 - INFO - 使用模型: DeepSeek Chat
2026-08-31 03:56:34,610 - INFO - HTTP Request: POST https://api.deepseek.com/v1/chat/completions "HTTP/1.1 200 OK"
2026-08-31 03:56:34,996 - INFO - 第 333 篇论文被 DeepSeek 判定为不相关，已自动过滤。
2026-08-31 03:56:34,997 - INFO - 第 333 篇论文已过滤，未写入结果集
2026-08-31 03:56:37,997 - INFO - 正在处理第 334/597 篇论文
2026-08-31 03:56:37,997 - INFO - 正在评审/翻译第 334 篇论文 (尝试 1/3)
2026-08-31 03:56:37,997 - INFO - 使用模型: DeepSeek Chat
2026-08-31 03:56:38,330 - INFO - HTTP Request: POST https://api.deepseek.com/v1/chat/completions "HTTP/1.1 200 OK"
2026-08-31 03:56:38,968 - INFO - 第 334 篇论文被 DeepSeek 判定为不相关，已自动过滤。
2026-08-31 03:56:38,969 - INFO - 第 334 篇论文已过滤，未写入结果集
2026-08-31 03:56:41,969 - INFO - 正在处理第 335/597 篇论文
2026-08-31 03:56:41,969 - INFO - 正在评审/翻译第 335 篇论文 (尝试 1/3)
2026-08-31 03:56:41,970 - INFO - 使用模型: DeepSeek Chat
2026-08-31 03:56:42,314 - INFO - HTTP Request: POST https://api.deepseek.com/v1/chat/completions "HTTP/1.1 200 OK"
2026-08-31 03:56:46,286 - INFO - 第 335 篇论文处理成功
2026-08-31 03:56:49,287 - INFO - 正在处理第 336/597 篇论文
2026-08-31 03:56:49,287 - INFO - 正在评审/翻译第 336 篇论文 (尝试 1/3)
2026-08-31 03:56:49,287 - INFO - 使用模型: DeepSeek Chat
2026-08-31 03:56:49,604 - INFO - HTTP Request: POST https://api.deepseek.com/v1/chat/completions "HTTP/1.1 200 OK"
2026-08-31 03:56:50,119 - INFO - 第 336 篇论文被 DeepSeek 判定为不相关，已自动过滤。
2026-08-31 03:56:50,120 - INFO - 第 336 篇论文已过滤，未写入结果集
2026-08-31 03:56:53,120 - INFO - 正在处理第 337/597 篇论文
2026-08-31 03:56:53,120 - INFO - 正在评审/翻译第 337 篇论文 (尝试 1/3)
2026-08-31 03:56:53,120 - INFO - 使用模型: DeepSeek Chat
2026-08-31 03:56:53,432 - INFO - HTTP Request: POST https://api.deepseek.com/v1/chat/completions "HTTP/1.1 200 OK"
2026-08-31 03:56:53,898 - INFO - 第 337 篇论文被 DeepSeek 判定为不相关，已自动过滤。
2026-08-31 03:56:53,899 - INFO - 第 337 篇论文已过滤，未写入结果集
2026-08-31 03:56:56,899 - INFO - 正在处理第 338/597 篇论文
2026-08-31 03:56:56,899 - INFO - 正在评审/翻译第 338 篇论文 (尝试 1/3)
2026-08-31 03:56:56,899 - INFO - 使用模型: DeepSeek Chat
2026-08-31 03:56:57,300 - INFO - HTTP Request: POST https://api.deepseek.com/v1/chat/completions "HTTP/1.1 200 OK"
2026-08-31 03:56:57,653 - INFO - 第 338 篇论文被 DeepSeek 判定为不相关，已自动过滤。
2026-08-31 03:56:57,654 - INFO - 第 338 篇论文已过滤，未写入结果集
2026-08-31 03:57:00,654 - INFO - 正在处理第 339/597 篇论文
2026-08-31 03:57:00,654 - INFO - 正在评审/翻译第 339 篇论文 (尝试 1/3)
2026-08-31 03:57:00,654 - INFO - 使用模型: DeepSeek Chat
2026-08-31 03:57:00,973 - INFO - HTTP Request: POST https://api.deepseek.com/v1/chat/completions "HTTP/1.1 200 OK"
2026-08-31 03:57:01,396 - INFO - 第 339 篇论文被 DeepSeek 判定为不相关，已自动过滤。
2026-08-31 03:57:01,397 - INFO - 第 339 篇论文已过滤，未写入结果集
2026-08-31 03:57:04,397 - INFO - 正在处理第 340/597 篇论文
2026-08-31 03:57:04,397 - INFO - 正在评审/翻译第 340 篇论文 (尝试 1/3)
2026-08-31 03:57:04,398 - INFO - 使用模型: DeepSeek Chat
2026-08-31 03:57:04,731 - INFO - HTTP Request: POST https://api.deepseek.com/v1/chat/completions "HTTP/1.1 200 OK"
2026-08-31 03:57:05,124 - INFO - 第 340 篇论文被 DeepSeek 判定为不相关，已自动过滤。
2026-08-31 03:57:05,124 - INFO - 第 340 篇论文已过滤，未写入结果集
2026-08-31 03:57:08,125 - INFO - 正在处理第 341/597 篇论文
2026-08-31 03:57:08,125 - INFO - 正在评审/翻译第 341 篇论文 (尝试 1/3)
2026-08-31 03:57:08,125 - INFO - 使用模型: DeepSeek Chat
2026-08-31 03:57:08,459 - INFO - HTTP Request: POST https://api.deepseek.com/v1/chat/completions "HTTP/1.1 200 OK"
2026-08-31 03:57:09,108 - INFO - 第 341 篇论文被 DeepSeek 判定为不相关，已自动过滤。
2026-08-31 03:57:09,109 - INFO - 第 341 篇论文已过滤，未写入结果集
2026-08-31 03:57:12,109 - INFO - 正在处理第 342/597 篇论文
2026-08-31 03:57:12,110 - INFO - 正在评审/翻译第 342 篇论文 (尝试 1/3)
2026-08-31 03:57:12,110 - INFO - 使用模型: DeepSeek Chat
2026-08-31 03:57:12,443 - INFO - HTTP Request: POST https://api.deepseek.com/v1/chat/completions "HTTP/1.1 200 OK"
2026-08-31 03:57:12,770 - INFO - 第 342 篇论文被 DeepSeek 判定为不相关，已自动过滤。
2026-08-31 03:57:12,770 - INFO - 第 342 篇论文已过滤，未写入结果集
2026-08-31 03:57:15,771 - INFO - 正在处理第 343/597 篇论文
2026-08-31 03:57:15,771 - INFO - 正在评审/翻译第 343 篇论文 (尝试 1/3)
2026-08-31 03:57:15,771 - INFO - 使用模型: DeepSeek Chat
2026-08-31 03:57:16,113 - INFO - HTTP Request: POST https://api.deepseek.com/v1/chat/completions "HTTP/1.1 200 OK"
2026-08-31 03:57:16,643 - INFO - 第 343 篇论文被 DeepSeek 判定为不相关，已自动过滤。
2026-08-31 03:57:16,643 - INFO - 第 343 篇论文已过滤，未写入结果集
2026-08-31 03:57:19,644 - INFO - 正在处理第 344/597 篇论文
2026-08-31 03:57:19,644 - INFO - 正在评审/翻译第 344 篇论文 (尝试 1/3)
2026-08-31 03:57:19,644 - INFO - 使用模型: DeepSeek Chat
2026-08-31 03:57:19,979 - INFO - HTTP Request: POST https://api.deepseek.com/v1/chat/completions "HTTP/1.1 200 OK"
2026-08-31 03:57:20,271 - INFO - 第 344 篇论文被 DeepSeek 判定为不相关，已自动过滤。
2026-08-31 03:57:20,271 - INFO - 第 344 篇论文已过滤，未写入结果集
2026-08-31 03:57:23,272 - INFO - 正在处理第 345/597 篇论文
2026-08-31 03:57:23,272 - INFO - 正在评审/翻译第 345 篇论文 (尝试 1/3)
2026-08-31 03:57:23,272 - INFO - 使用模型: DeepSeek Chat
2026-08-31 03:57:23,599 - INFO - HTTP Request: POST https://api.deepseek.com/v1/chat/completions "HTTP/1.1 200 OK"
2026-08-31 03:57:27,391 - INFO - 第 345 篇论文处理成功
2026-08-31 03:57:30,392 - INFO - 正在处理第 346/597 篇论文
2026-08-31 03:57:30,392 - INFO - 正在评审/翻译第 346 篇论文 (尝试 1/3)
2026-08-31 03:57:30,392 - INFO - 使用模型: DeepSeek Chat
2026-08-31 03:57:30,722 - INFO - HTTP Request: POST https://api.deepseek.com/v1/chat/completions "HTTP/1.1 200 OK"
2026-08-31 03:57:31,303 - INFO - 第 346 篇论文被 DeepSeek 判定为不相关，已自动过滤。
2026-08-31 03:57:31,304 - INFO - 第 346 篇论文已过滤，未写入结果集
2026-08-31 03:57:34,304 - INFO - 正在处理第 347/597 篇论文
2026-08-31 03:57:34,304 - INFO - 正在评审/翻译第 347 篇论文 (尝试 1/3)
2026-08-31 03:57:34,305 - INFO - 使用模型: DeepSeek Chat
2026-08-31 03:57:34,643 - INFO - HTTP Request: POST https://api.deepseek.com/v1/chat/completions "HTTP/1.1 200 OK"
2026-08-31 03:57:35,064 - INFO - 第 347 篇论文被 DeepSeek 判定为不相关，已自动过滤。
2026-08-31 03:57:35,065 - INFO - 第 347 篇论文已过滤，未写入结果集
2026-08-31 03:57:38,065 - INFO - 正在处理第 348/597 篇论文
2026-08-31 03:57:38,065 - INFO - 正在评审/翻译第 348 篇论文 (尝试 1/3)
2026-08-31 03:57:38,065 - INFO - 使用模型: DeepSeek Chat
2026-08-31 03:57:38,394 - INFO - HTTP Request: POST https://api.deepseek.com/v1/chat/completions "HTTP/1.1 200 OK"
2026-08-31 03:57:41,186 - INFO - 第 348 篇论文处理成功
2026-08-31 03:57:44,186 - INFO - 正在处理第 349/597 篇论文
2026-08-31 03:57:44,186 - INFO - 正在评审/翻译第 349 篇论文 (尝试 1/3)
2026-08-31 03:57:44,186 - INFO - 使用模型: DeepSeek Chat
2026-08-31 03:57:44,514 - INFO - HTTP Request: POST https://api.deepseek.com/v1/chat/completions "HTTP/1.1 200 OK"
2026-08-31 03:57:44,977 - INFO - 第 349 篇论文被 DeepSeek 判定为不相关，已自动过滤。
2026-08-31 03:57:44,978 - INFO - 第 349 篇论文已过滤，未写入结果集
2026-08-31 03:57:47,978 - INFO - 正在处理第 350/597 篇论文
2026-08-31 03:57:47,978 - INFO - 正在评审/翻译第 350 篇论文 (尝试 1/3)
2026-08-31 03:57:47,978 - INFO - 使用模型: DeepSeek Chat
2026-08-31 03:57:48,307 - INFO - HTTP Request: POST https://api.deepseek.com/v1/chat/completions "HTTP/1.1 200 OK"
2026-08-31 03:57:48,969 - INFO - 第 350 篇论文被 DeepSeek 判定为不相关，已自动过滤。
2026-08-31 03:57:48,970 - INFO - 第 350 篇论文已过滤，未写入结果集
2026-08-31 03:57:51,970 - INFO - 正在处理第 351/597 篇论文
2026-08-31 03:57:51,970 - INFO - 正在评审/翻译第 351 篇论文 (尝试 1/3)
2026-08-31 03:57:51,970 - INFO - 使用模型: DeepSeek Chat
2026-08-31 03:57:52,307 - INFO - HTTP Request: POST https://api.deepseek.com/v1/chat/completions "HTTP/1.1 200 OK"
2026-08-31 03:57:52,656 - INFO - 第 351 篇论文被 DeepSeek 判定为不相关，已自动过滤。
2026-08-31 03:57:52,657 - INFO - 第 351 篇论文已过滤，未写入结果集
2026-08-31 03:57:55,657 - INFO - 正在处理第 352/597 篇论文
2026-08-31 03:57:55,658 - INFO - 正在评审/翻译第 352 篇论文 (尝试 1/3)
2026-08-31 03:57:55,658 - INFO - 使用模型: DeepSeek Chat
2026-08-31 03:57:55,985 - INFO - HTTP Request: POST https://api.deepseek.com/v1/chat/completions "HTTP/1.1 200 OK"
2026-08-31 03:57:56,186 - INFO - 第 352 篇论文被 DeepSeek 判定为不相关，已自动过滤。
2026-08-31 03:57:56,187 - INFO - 第 352 篇论文已过滤，未写入结果集
2026-08-31 03:57:59,187 - INFO - 正在处理第 353/597 篇论文
2026-08-31 03:57:59,187 - INFO - 正在评审/翻译第 353 篇论文 (尝试 1/3)
2026-08-31 03:57:59,187 - INFO - 使用模型: DeepSeek Chat
2026-08-31 03:57:59,524 - INFO - HTTP Request: POST https://api.deepseek.com/v1/chat/completions "HTTP/1.1 200 OK"
2026-08-31 03:57:59,829 - INFO - 第 353 篇论文被 DeepSeek 判定为不相关，已自动过滤。
2026-08-31 03:57:59,830 - INFO - 第 353 篇论文已过滤，未写入结果集
2026-08-31 03:58:02,830 - INFO - 正在处理第 354/597 篇论文
2026-08-31 03:58:02,830 - INFO - 正在评审/翻译第 354 篇论文 (尝试 1/3)
2026-08-31 03:58:02,830 - INFO - 使用模型: DeepSeek Chat
2026-08-31 03:58:03,158 - INFO - HTTP Request: POST https://api.deepseek.com/v1/chat/completions "HTTP/1.1 200 OK"
2026-08-31 03:58:03,568 - INFO - 第 354 篇论文被 DeepSeek 判定为不相关，已自动过滤。
2026-08-31 03:58:03,569 - INFO - 第 354 篇论文已过滤，未写入结果集
2026-08-31 03:58:06,569 - INFO - 正在处理第 355/597 篇论文
2026-08-31 03:58:06,570 - INFO - 正在评审/翻译第 355 篇论文 (尝试 1/3)
2026-08-31 03:58:06,570 - INFO - 使用模型: DeepSeek Chat
2026-08-31 03:58:06,907 - INFO - HTTP Request: POST https://api.deepseek.com/v1/chat/completions "HTTP/1.1 200 OK"
2026-08-31 03:58:10,990 - INFO - 第 355 篇论文处理成功
2026-08-31 03:58:13,990 - INFO - 正在处理第 356/597 篇论文
2026-08-31 03:58:13,990 - INFO - 正在评审/翻译第 356 篇论文 (尝试 1/3)
2026-08-31 03:58:13,990 - INFO - 使用模型: DeepSeek Chat
2026-08-31 03:58:14,327 - INFO - HTTP Request: POST https://api.deepseek.com/v1/chat/completions "HTTP/1.1 200 OK"
2026-08-31 03:58:14,606 - INFO - 第 356 篇论文被 DeepSeek 判定为不相关，已自动过滤。
2026-08-31 03:58:14,607 - INFO - 第 356 篇论文已过滤，未写入结果集
2026-08-31 03:58:17,607 - INFO - 正在处理第 357/597 篇论文
2026-08-31 03:58:17,607 - INFO - 正在评审/翻译第 357 篇论文 (尝试 1/3)
2026-08-31 03:58:17,607 - INFO - 使用模型: DeepSeek Chat
2026-08-31 03:58:17,948 - INFO - HTTP Request: POST https://api.deepseek.com/v1/chat/completions "HTTP/1.1 200 OK"
2026-08-31 03:58:18,272 - INFO - 第 357 篇论文被 DeepSeek 判定为不相关，已自动过滤。
2026-08-31 03:58:18,273 - INFO - 第 357 篇论文已过滤，未写入结果集
2026-08-31 03:58:21,273 - INFO - 正在处理第 358/597 篇论文
2026-08-31 03:58:21,274 - INFO - 正在评审/翻译第 358 篇论文 (尝试 1/3)
2026-08-31 03:58:21,274 - INFO - 使用模型: DeepSeek Chat
2026-08-31 03:58:21,606 - INFO - HTTP Request: POST https://api.deepseek.com/v1/chat/completions "HTTP/1.1 200 OK"
2026-08-31 03:58:22,228 - INFO - 第 358 篇论文被 DeepSeek 判定为不相关，已自动过滤。
2026-08-31 03:58:22,228 - INFO - 第 358 篇论文已过滤，未写入结果集
2026-08-31 03:58:25,229 - INFO - 正在处理第 359/597 篇论文
2026-08-31 03:58:25,229 - INFO - 正在评审/翻译第 359 篇论文 (尝试 1/3)
2026-08-31 03:58:25,229 - INFO - 使用模型: DeepSeek Chat
2026-08-31 03:58:25,551 - INFO - HTTP Request: POST https://api.deepseek.com/v1/chat/completions "HTTP/1.1 200 OK"
2026-08-31 03:58:28,913 - INFO - 第 359 篇论文处理成功
2026-08-31 03:58:31,913 - INFO - 正在处理第 360/597 篇论文
2026-08-31 03:58:31,913 - INFO - 正在评审/翻译第 360 篇论文 (尝试 1/3)
2026-08-31 03:58:31,913 - INFO - 使用模型: DeepSeek Chat
2026-08-31 03:58:32,230 - INFO - HTTP Request: POST https://api.deepseek.com/v1/chat/completions "HTTP/1.1 200 OK"
2026-08-31 03:58:36,584 - INFO - 第 360 篇论文处理成功
2026-08-31 03:58:39,584 - INFO - 正在处理第 361/597 篇论文
2026-08-31 03:58:39,584 - INFO - 正在评审/翻译第 361 篇论文 (尝试 1/3)
2026-08-31 03:58:39,584 - INFO - 使用模型: DeepSeek Chat
2026-08-31 03:58:39,913 - INFO - HTTP Request: POST https://api.deepseek.com/v1/chat/completions "HTTP/1.1 200 OK"
2026-08-31 03:58:42,950 - INFO - 第 361 篇论文处理成功
2026-08-31 03:58:45,950 - INFO - 正在处理第 362/597 篇论文
2026-08-31 03:58:45,950 - INFO - 正在评审/翻译第 362 篇论文 (尝试 1/3)
2026-08-31 03:58:45,950 - INFO - 使用模型: DeepSeek Chat
2026-08-31 03:58:46,278 - INFO - HTTP Request: POST https://api.deepseek.com/v1/chat/completions "HTTP/1.1 200 OK"
2026-08-31 03:58:46,584 - INFO - 第 362 篇论文被 DeepSeek 判定为不相关，已自动过滤。
2026-08-31 03:58:46,585 - INFO - 第 362 篇论文已过滤，未写入结果集
2026-08-31 03:58:49,585 - INFO - 正在处理第 363/597 篇论文
2026-08-31 03:58:49,585 - INFO - 正在评审/翻译第 363 篇论文 (尝试 1/3)
2026-08-31 03:58:49,585 - INFO - 使用模型: DeepSeek Chat
2026-08-31 03:58:49,920 - INFO - HTTP Request: POST https://api.deepseek.com/v1/chat/completions "HTTP/1.1 200 OK"
2026-08-31 03:58:50,576 - INFO - 第 363 篇论文被 DeepSeek 判定为不相关，已自动过滤。
2026-08-31 03:58:50,577 - INFO - 第 363 篇论文已过滤，未写入结果集
2026-08-31 03:58:53,577 - INFO - 正在处理第 364/597 篇论文
2026-08-31 03:58:53,577 - INFO - 正在评审/翻译第 364 篇论文 (尝试 1/3)
2026-08-31 03:58:53,577 - INFO - 使用模型: DeepSeek Chat
2026-08-31 03:58:53,929 - INFO - HTTP Request: POST https://api.deepseek.com/v1/chat/completions "HTTP/1.1 200 OK"
2026-08-31 03:58:54,338 - INFO - 第 364 篇论文被 DeepSeek 判定为不相关，已自动过滤。
2026-08-31 03:58:54,339 - INFO - 第 364 篇论文已过滤，未写入结果集
2026-08-31 03:58:57,339 - INFO - 正在处理第 365/597 篇论文
2026-08-31 03:58:57,340 - INFO - 正在评审/翻译第 365 篇论文 (尝试 1/3)
2026-08-31 03:58:57,340 - INFO - 使用模型: DeepSeek Chat
2026-08-31 03:58:57,684 - INFO - HTTP Request: POST https://api.deepseek.com/v1/chat/completions "HTTP/1.1 200 OK"
2026-08-31 03:59:02,933 - INFO - 第 365 篇论文处理成功
2026-08-31 03:59:05,934 - INFO - 正在处理第 366/597 篇论文
2026-08-31 03:59:05,934 - INFO - 正在评审/翻译第 366 篇论文 (尝试 1/3)
2026-08-31 03:59:05,934 - INFO - 使用模型: DeepSeek Chat
2026-08-31 03:59:06,303 - INFO - HTTP Request: POST https://api.deepseek.com/v1/chat/completions "HTTP/1.1 200 OK"
2026-08-31 03:59:06,556 - INFO - 第 366 篇论文被 DeepSeek 判定为不相关，已自动过滤。
2026-08-31 03:59:06,557 - INFO - 第 366 篇论文已过滤，未写入结果集
2026-08-31 03:59:09,557 - INFO - 正在处理第 367/597 篇论文
2026-08-31 03:59:09,557 - INFO - 正在评审/翻译第 367 篇论文 (尝试 1/3)
2026-08-31 03:59:09,558 - INFO - 使用模型: DeepSeek Chat
2026-08-31 03:59:09,888 - INFO - HTTP Request: POST https://api.deepseek.com/v1/chat/completions "HTTP/1.1 200 OK"
2026-08-31 03:59:13,529 - INFO - 第 367 篇论文处理成功
2026-08-31 03:59:16,530 - INFO - 正在处理第 368/597 篇论文
2026-08-31 03:59:16,530 - INFO - 正在评审/翻译第 368 篇论文 (尝试 1/3)
2026-08-31 03:59:16,530 - INFO - 使用模型: DeepSeek Chat
2026-08-31 03:59:16,876 - INFO - HTTP Request: POST https://api.deepseek.com/v1/chat/completions "HTTP/1.1 200 OK"
2026-08-31 03:59:17,197 - INFO - 第 368 篇论文被 DeepSeek 判定为不相关，已自动过滤。
2026-08-31 03:59:17,197 - INFO - 第 368 篇论文已过滤，未写入结果集
2026-08-31 03:59:20,198 - INFO - 正在处理第 369/597 篇论文
2026-08-31 03:59:20,198 - INFO - 正在评审/翻译第 369 篇论文 (尝试 1/3)
2026-08-31 03:59:20,198 - INFO - 使用模型: DeepSeek Chat
2026-08-31 03:59:20,531 - INFO - HTTP Request: POST https://api.deepseek.com/v1/chat/completions "HTTP/1.1 200 OK"
2026-08-31 03:59:21,134 - INFO - 第 369 篇论文被 DeepSeek 判定为不相关，已自动过滤。
2026-08-31 03:59:21,135 - INFO - 第 369 篇论文已过滤，未写入结果集
2026-08-31 03:59:24,135 - INFO - 正在处理第 370/597 篇论文
2026-08-31 03:59:24,135 - INFO - 正在评审/翻译第 370 篇论文 (尝试 1/3)
2026-08-31 03:59:24,135 - INFO - 使用模型: DeepSeek Chat
2026-08-31 03:59:24,474 - INFO - HTTP Request: POST https://api.deepseek.com/v1/chat/completions "HTTP/1.1 200 OK"
2026-08-31 03:59:24,878 - INFO - 第 370 篇论文被 DeepSeek 判定为不相关，已自动过滤。
2026-08-31 03:59:24,879 - INFO - 第 370 篇论文已过滤，未写入结果集
2026-08-31 03:59:27,879 - INFO - 正在处理第 371/597 篇论文
2026-08-31 03:59:27,879 - INFO - 正在评审/翻译第 371 篇论文 (尝试 1/3)
2026-08-31 03:59:27,879 - INFO - 使用模型: DeepSeek Chat
2026-08-31 03:59:28,230 - INFO - HTTP Request: POST https://api.deepseek.com/v1/chat/completions "HTTP/1.1 200 OK"
2026-08-31 03:59:28,750 - INFO - 第 371 篇论文被 DeepSeek 判定为不相关，已自动过滤。
2026-08-31 03:59:28,751 - INFO - 第 371 篇论文已过滤，未写入结果集
2026-08-31 03:59:31,751 - INFO - 正在处理第 372/597 篇论文
2026-08-31 03:59:31,752 - INFO - 正在评审/翻译第 372 篇论文 (尝试 1/3)
2026-08-31 03:59:31,752 - INFO - 使用模型: DeepSeek Chat
2026-08-31 03:59:32,081 - INFO - HTTP Request: POST https://api.deepseek.com/v1/chat/completions "HTTP/1.1 200 OK"
2026-08-31 03:59:32,448 - INFO - 第 372 篇论文被 DeepSeek 判定为不相关，已自动过滤。
2026-08-31 03:59:32,448 - INFO - 第 372 篇论文已过滤，未写入结果集
2026-08-31 03:59:35,449 - INFO - 正在处理第 373/597 篇论文
2026-08-31 03:59:35,449 - INFO - 正在评审/翻译第 373 篇论文 (尝试 1/3)
2026-08-31 03:59:35,449 - INFO - 使用模型: DeepSeek Chat
2026-08-31 03:59:35,778 - INFO - HTTP Request: POST https://api.deepseek.com/v1/chat/completions "HTTP/1.1 200 OK"
2026-08-31 03:59:36,369 - INFO - 第 373 篇论文被 DeepSeek 判定为不相关，已自动过滤。
2026-08-31 03:59:36,370 - INFO - 第 373 篇论文已过滤，未写入结果集
2026-08-31 03:59:39,370 - INFO - 正在处理第 374/597 篇论文
2026-08-31 03:59:39,371 - INFO - 正在评审/翻译第 374 篇论文 (尝试 1/3)
2026-08-31 03:59:39,371 - INFO - 使用模型: DeepSeek Chat
2026-08-31 03:59:39,702 - INFO - HTTP Request: POST https://api.deepseek.com/v1/chat/completions "HTTP/1.1 200 OK"
2026-08-31 03:59:40,041 - INFO - 第 374 篇论文被 DeepSeek 判定为不相关，已自动过滤。
2026-08-31 03:59:40,042 - INFO - 第 374 篇论文已过滤，未写入结果集
2026-08-31 03:59:43,042 - INFO - 正在处理第 375/597 篇论文
2026-08-31 03:59:43,042 - INFO - 正在评审/翻译第 375 篇论文 (尝试 1/3)
2026-08-31 03:59:43,042 - INFO - 使用模型: DeepSeek Chat
2026-08-31 03:59:43,383 - INFO - HTTP Request: POST https://api.deepseek.com/v1/chat/completions "HTTP/1.1 200 OK"
2026-08-31 03:59:43,768 - INFO - 第 375 篇论文被 DeepSeek 判定为不相关，已自动过滤。
2026-08-31 03:59:43,769 - INFO - 第 375 篇论文已过滤，未写入结果集
2026-08-31 03:59:46,769 - INFO - 正在处理第 376/597 篇论文
2026-08-31 03:59:46,769 - INFO - 正在评审/翻译第 376 篇论文 (尝试 1/3)
2026-08-31 03:59:46,770 - INFO - 使用模型: DeepSeek Chat
2026-08-31 03:59:47,096 - INFO - HTTP Request: POST https://api.deepseek.com/v1/chat/completions "HTTP/1.1 200 OK"
2026-08-31 03:59:47,512 - INFO - 第 376 篇论文被 DeepSeek 判定为不相关，已自动过滤。
2026-08-31 03:59:47,513 - INFO - 第 376 篇论文已过滤，未写入结果集
2026-08-31 03:59:50,513 - INFO - 正在处理第 377/597 篇论文
2026-08-31 03:59:50,513 - INFO - 正在评审/翻译第 377 篇论文 (尝试 1/3)
2026-08-31 03:59:50,513 - INFO - 使用模型: DeepSeek Chat
2026-08-31 03:59:50,844 - INFO - HTTP Request: POST https://api.deepseek.com/v1/chat/completions "HTTP/1.1 200 OK"
2026-08-31 03:59:51,251 - INFO - 第 377 篇论文被 DeepSeek 判定为不相关，已自动过滤。
2026-08-31 03:59:51,252 - INFO - 第 377 篇论文已过滤，未写入结果集
2026-08-31 03:59:54,252 - INFO - 正在处理第 378/597 篇论文
2026-08-31 03:59:54,252 - INFO - 正在评审/翻译第 378 篇论文 (尝试 1/3)
2026-08-31 03:59:54,253 - INFO - 使用模型: DeepSeek Chat
2026-08-31 03:59:54,580 - INFO - HTTP Request: POST https://api.deepseek.com/v1/chat/completions "HTTP/1.1 200 OK"
2026-08-31 03:59:55,201 - INFO - 第 378 篇论文被 DeepSeek 判定为不相关，已自动过滤。
2026-08-31 03:59:55,202 - INFO - 第 378 篇论文已过滤，未写入结果集
2026-08-31 03:59:58,202 - INFO - 正在处理第 379/597 篇论文
2026-08-31 03:59:58,202 - INFO - 正在评审/翻译第 379 篇论文 (尝试 1/3)
2026-08-31 03:59:58,202 - INFO - 使用模型: DeepSeek Chat
2026-08-31 03:59:58,528 - INFO - HTTP Request: POST https://api.deepseek.com/v1/chat/completions "HTTP/1.1 200 OK"
2026-08-31 03:59:59,317 - INFO - 第 379 篇论文被 DeepSeek 判定为不相关，已自动过滤。
2026-08-31 03:59:59,318 - INFO - 第 379 篇论文已过滤，未写入结果集
2026-08-31 04:00:02,318 - INFO - 正在处理第 380/597 篇论文
2026-08-31 04:00:02,318 - INFO - 正在评审/翻译第 380 篇论文 (尝试 1/3)
2026-08-31 04:00:02,319 - INFO - 使用模型: DeepSeek Chat
2026-08-31 04:00:02,656 - INFO - HTTP Request: POST https://api.deepseek.com/v1/chat/completions "HTTP/1.1 200 OK"
2026-08-31 04:00:03,430 - INFO - 第 380 篇论文被 DeepSeek 判定为不相关，已自动过滤。
2026-08-31 04:00:03,431 - INFO - 第 380 篇论文已过滤，未写入结果集
2026-08-31 04:00:06,431 - INFO - 正在处理第 381/597 篇论文
2026-08-31 04:00:06,431 - INFO - 正在评审/翻译第 381 篇论文 (尝试 1/3)
2026-08-31 04:00:06,432 - INFO - 使用模型: DeepSeek Chat
2026-08-31 04:00:06,775 - INFO - HTTP Request: POST https://api.deepseek.com/v1/chat/completions "HTTP/1.1 200 OK"
2026-08-31 04:00:07,484 - INFO - 第 381 篇论文被 DeepSeek 判定为不相关，已自动过滤。
2026-08-31 04:00:07,484 - INFO - 第 381 篇论文已过滤，未写入结果集
2026-08-31 04:00:10,485 - INFO - 正在处理第 382/597 篇论文
2026-08-31 04:00:10,485 - INFO - 正在评审/翻译第 382 篇论文 (尝试 1/3)
2026-08-31 04:00:10,485 - INFO - 使用模型: DeepSeek Chat
2026-08-31 04:00:10,820 - INFO - HTTP Request: POST https://api.deepseek.com/v1/chat/completions "HTTP/1.1 200 OK"
2026-08-31 04:00:11,346 - INFO - 第 382 篇论文被 DeepSeek 判定为不相关，已自动过滤。
2026-08-31 04:00:11,347 - INFO - 第 382 篇论文已过滤，未写入结果集
2026-08-31 04:00:14,347 - INFO - 正在处理第 383/597 篇论文
2026-08-31 04:00:14,348 - INFO - 正在评审/翻译第 383 篇论文 (尝试 1/3)
2026-08-31 04:00:14,348 - INFO - 使用模型: DeepSeek Chat
2026-08-31 04:00:14,669 - INFO - HTTP Request: POST https://api.deepseek.com/v1/chat/completions "HTTP/1.1 200 OK"
2026-08-31 04:00:15,256 - INFO - 第 383 篇论文被 DeepSeek 判定为不相关，已自动过滤。
2026-08-31 04:00:15,257 - INFO - 第 383 篇论文已过滤，未写入结果集
2026-08-31 04:00:18,257 - INFO - 正在处理第 384/597 篇论文
2026-08-31 04:00:18,257 - INFO - 正在评审/翻译第 384 篇论文 (尝试 1/3)
2026-08-31 04:00:18,257 - INFO - 使用模型: DeepSeek Chat
2026-08-31 04:00:18,587 - INFO - HTTP Request: POST https://api.deepseek.com/v1/chat/completions "HTTP/1.1 200 OK"
2026-08-31 04:00:19,313 - INFO - 第 384 篇论文被 DeepSeek 判定为不相关，已自动过滤。
2026-08-31 04:00:19,314 - INFO - 第 384 篇论文已过滤，未写入结果集
2026-08-31 04:00:22,314 - INFO - 正在处理第 385/597 篇论文
2026-08-31 04:00:22,315 - INFO - 正在评审/翻译第 385 篇论文 (尝试 1/3)
2026-08-31 04:00:22,315 - INFO - 使用模型: DeepSeek Chat
2026-08-31 04:00:22,643 - INFO - HTTP Request: POST https://api.deepseek.com/v1/chat/completions "HTTP/1.1 200 OK"
2026-08-31 04:00:23,207 - INFO - 第 385 篇论文被 DeepSeek 判定为不相关，已自动过滤。
2026-08-31 04:00:23,208 - INFO - 第 385 篇论文已过滤，未写入结果集
2026-08-31 04:00:26,208 - INFO - 正在处理第 386/597 篇论文
2026-08-31 04:00:26,208 - INFO - 正在评审/翻译第 386 篇论文 (尝试 1/3)
2026-08-31 04:00:26,208 - INFO - 使用模型: DeepSeek Chat
2026-08-31 04:00:26,559 - INFO - HTTP Request: POST https://api.deepseek.com/v1/chat/completions "HTTP/1.1 200 OK"
2026-08-31 04:00:27,161 - INFO - 第 386 篇论文被 DeepSeek 判定为不相关，已自动过滤。
2026-08-31 04:00:27,162 - INFO - 第 386 篇论文已过滤，未写入结果集
2026-08-31 04:00:30,162 - INFO - 正在处理第 387/597 篇论文
2026-08-31 04:00:30,163 - INFO - 正在评审/翻译第 387 篇论文 (尝试 1/3)
2026-08-31 04:00:30,163 - INFO - 使用模型: DeepSeek Chat
2026-08-31 04:00:30,493 - INFO - HTTP Request: POST https://api.deepseek.com/v1/chat/completions "HTTP/1.1 200 OK"
2026-08-31 04:00:33,899 - INFO - 第 387 篇论文处理成功
2026-08-31 04:00:36,900 - INFO - 正在处理第 388/597 篇论文
2026-08-31 04:00:36,900 - INFO - 正在评审/翻译第 388 篇论文 (尝试 1/3)
2026-08-31 04:00:36,900 - INFO - 使用模型: DeepSeek Chat
2026-08-31 04:00:37,224 - INFO - HTTP Request: POST https://api.deepseek.com/v1/chat/completions "HTTP/1.1 200 OK"
2026-08-31 04:00:37,861 - INFO - 第 388 篇论文被 DeepSeek 判定为不相关，已自动过滤。
2026-08-31 04:00:37,862 - INFO - 第 388 篇论文已过滤，未写入结果集
2026-08-31 04:00:40,862 - INFO - 正在处理第 389/597 篇论文
2026-08-31 04:00:40,862 - INFO - 正在评审/翻译第 389 篇论文 (尝试 1/3)
2026-08-31 04:00:40,862 - INFO - 使用模型: DeepSeek Chat
2026-08-31 04:00:41,198 - INFO - HTTP Request: POST https://api.deepseek.com/v1/chat/completions "HTTP/1.1 200 OK"
2026-08-31 04:00:41,617 - INFO - 第 389 篇论文被 DeepSeek 判定为不相关，已自动过滤。
2026-08-31 04:00:41,617 - INFO - 第 389 篇论文已过滤，未写入结果集
2026-08-31 04:00:44,618 - INFO - 正在处理第 390/597 篇论文
2026-08-31 04:00:44,618 - INFO - 正在评审/翻译第 390 篇论文 (尝试 1/3)
2026-08-31 04:00:44,618 - INFO - 使用模型: DeepSeek Chat
2026-08-31 04:00:44,962 - INFO - HTTP Request: POST https://api.deepseek.com/v1/chat/completions "HTTP/1.1 200 OK"
2026-08-31 04:00:48,528 - INFO - 第 390 篇论文处理成功
2026-08-31 04:00:51,528 - INFO - 正在处理第 391/597 篇论文
2026-08-31 04:00:51,529 - INFO - 正在评审/翻译第 391 篇论文 (尝试 1/3)
2026-08-31 04:00:51,529 - INFO - 使用模型: DeepSeek Chat
2026-08-31 04:00:51,858 - INFO - HTTP Request: POST https://api.deepseek.com/v1/chat/completions "HTTP/1.1 200 OK"
2026-08-31 04:00:52,322 - INFO - 第 391 篇论文被 DeepSeek 判定为不相关，已自动过滤。
2026-08-31 04:00:52,323 - INFO - 第 391 篇论文已过滤，未写入结果集
2026-08-31 04:00:55,323 - INFO - 正在处理第 392/597 篇论文
2026-08-31 04:00:55,323 - INFO - 正在评审/翻译第 392 篇论文 (尝试 1/3)
2026-08-31 04:00:55,324 - INFO - 使用模型: DeepSeek Chat
2026-08-31 04:00:55,659 - INFO - HTTP Request: POST https://api.deepseek.com/v1/chat/completions "HTTP/1.1 200 OK"
2026-08-31 04:00:59,035 - INFO - 第 392 篇论文处理成功
2026-08-31 04:01:02,035 - INFO - 正在处理第 393/597 篇论文
2026-08-31 04:01:02,035 - INFO - 正在评审/翻译第 393 篇论文 (尝试 1/3)
2026-08-31 04:01:02,035 - INFO - 使用模型: DeepSeek Chat
2026-08-31 04:01:02,371 - INFO - HTTP Request: POST https://api.deepseek.com/v1/chat/completions "HTTP/1.1 200 OK"
2026-08-31 04:01:02,858 - INFO - 第 393 篇论文被 DeepSeek 判定为不相关，已自动过滤。
2026-08-31 04:01:02,859 - INFO - 第 393 篇论文已过滤，未写入结果集
2026-08-31 04:01:05,859 - INFO - 正在处理第 394/597 篇论文
2026-08-31 04:01:05,859 - INFO - 正在评审/翻译第 394 篇论文 (尝试 1/3)
2026-08-31 04:01:05,859 - INFO - 使用模型: DeepSeek Chat
2026-08-31 04:01:06,202 - INFO - HTTP Request: POST https://api.deepseek.com/v1/chat/completions "HTTP/1.1 200 OK"
2026-08-31 04:01:10,102 - INFO - 第 394 篇论文处理成功
2026-08-31 04:01:13,102 - INFO - 正在处理第 395/597 篇论文
2026-08-31 04:01:13,102 - INFO - 正在评审/翻译第 395 篇论文 (尝试 1/3)
2026-08-31 04:01:13,102 - INFO - 使用模型: DeepSeek Chat
2026-08-31 04:01:13,433 - INFO - HTTP Request: POST https://api.deepseek.com/v1/chat/completions "HTTP/1.1 200 OK"
2026-08-31 04:01:14,207 - INFO - 第 395 篇论文被 DeepSeek 判定为不相关，已自动过滤。
2026-08-31 04:01:14,207 - INFO - 第 395 篇论文已过滤，未写入结果集
2026-08-31 04:01:17,208 - INFO - 正在处理第 396/597 篇论文
2026-08-31 04:01:17,208 - INFO - 正在评审/翻译第 396 篇论文 (尝试 1/3)
2026-08-31 04:01:17,208 - INFO - 使用模型: DeepSeek Chat
2026-08-31 04:01:17,552 - INFO - HTTP Request: POST https://api.deepseek.com/v1/chat/completions "HTTP/1.1 200 OK"
2026-08-31 04:01:18,041 - INFO - 第 396 篇论文被 DeepSeek 判定为不相关，已自动过滤。
2026-08-31 04:01:18,041 - INFO - 第 396 篇论文已过滤，未写入结果集
2026-08-31 04:01:21,042 - INFO - 正在处理第 397/597 篇论文
2026-08-31 04:01:21,042 - INFO - 正在评审/翻译第 397 篇论文 (尝试 1/3)
2026-08-31 04:01:21,042 - INFO - 使用模型: DeepSeek Chat
2026-08-31 04:01:21,356 - INFO - HTTP Request: POST https://api.deepseek.com/v1/chat/completions "HTTP/1.1 200 OK"
2026-08-31 04:01:21,778 - INFO - 第 397 篇论文被 DeepSeek 判定为不相关，已自动过滤。
2026-08-31 04:01:21,779 - INFO - 第 397 篇论文已过滤，未写入结果集
2026-08-31 04:01:24,779 - INFO - 正在处理第 398/597 篇论文
2026-08-31 04:01:24,780 - INFO - 正在评审/翻译第 398 篇论文 (尝试 1/3)
2026-08-31 04:01:24,780 - INFO - 使用模型: DeepSeek Chat
2026-08-31 04:01:25,186 - INFO - HTTP Request: POST https://api.deepseek.com/v1/chat/completions "HTTP/1.1 200 OK"
2026-08-31 04:01:29,143 - INFO - 第 398 篇论文处理成功
2026-08-31 04:01:32,143 - INFO - 正在处理第 399/597 篇论文
2026-08-31 04:01:32,144 - INFO - 正在评审/翻译第 399 篇论文 (尝试 1/3)
2026-08-31 04:01:32,144 - INFO - 使用模型: DeepSeek Chat
2026-08-31 04:01:32,474 - INFO - HTTP Request: POST https://api.deepseek.com/v1/chat/completions "HTTP/1.1 200 OK"
2026-08-31 04:01:32,911 - INFO - 第 399 篇论文被 DeepSeek 判定为不相关，已自动过滤。
2026-08-31 04:01:32,912 - INFO - 第 399 篇论文已过滤，未写入结果集
2026-08-31 04:01:35,912 - INFO - 正在处理第 400/597 篇论文
2026-08-31 04:01:35,912 - INFO - 正在评审/翻译第 400 篇论文 (尝试 1/3)
2026-08-31 04:01:35,912 - INFO - 使用模型: DeepSeek Chat
2026-08-31 04:01:36,271 - INFO - HTTP Request: POST https://api.deepseek.com/v1/chat/completions "HTTP/1.1 200 OK"
2026-08-31 04:01:37,028 - INFO - 第 400 篇论文被 DeepSeek 判定为不相关，已自动过滤。
2026-08-31 04:01:37,029 - INFO - 第 400 篇论文已过滤，未写入结果集
2026-08-31 04:01:40,029 - INFO - 正在处理第 401/597 篇论文
2026-08-31 04:01:40,029 - INFO - 正在评审/翻译第 401 篇论文 (尝试 1/3)
2026-08-31 04:01:40,029 - INFO - 使用模型: DeepSeek Chat
2026-08-31 04:01:40,373 - INFO - HTTP Request: POST https://api.deepseek.com/v1/chat/completions "HTTP/1.1 200 OK"
2026-08-31 04:01:43,700 - INFO - 第 401 篇论文处理成功
2026-08-31 04:01:46,700 - INFO - 正在处理第 402/597 篇论文
2026-08-31 04:01:46,701 - INFO - 正在评审/翻译第 402 篇论文 (尝试 1/3)
2026-08-31 04:01:46,701 - INFO - 使用模型: DeepSeek Chat
2026-08-31 04:01:47,138 - INFO - HTTP Request: POST https://api.deepseek.com/v1/chat/completions "HTTP/1.1 200 OK"
2026-08-31 04:01:51,270 - INFO - 第 402 篇论文处理成功
2026-08-31 04:01:54,270 - INFO - 正在处理第 403/597 篇论文
2026-08-31 04:01:54,270 - INFO - 正在评审/翻译第 403 篇论文 (尝试 1/3)
2026-08-31 04:01:54,270 - INFO - 使用模型: DeepSeek Chat
2026-08-31 04:01:54,616 - INFO - HTTP Request: POST https://api.deepseek.com/v1/chat/completions "HTTP/1.1 200 OK"
2026-08-31 04:01:54,950 - INFO - 第 403 篇论文被 DeepSeek 判定为不相关，已自动过滤。
2026-08-31 04:01:54,950 - INFO - 第 403 篇论文已过滤，未写入结果集
2026-08-31 04:01:57,951 - INFO - 正在处理第 404/597 篇论文
2026-08-31 04:01:57,951 - INFO - 正在评审/翻译第 404 篇论文 (尝试 1/3)
2026-08-31 04:01:57,951 - INFO - 使用模型: DeepSeek Chat
2026-08-31 04:01:58,282 - INFO - HTTP Request: POST https://api.deepseek.com/v1/chat/completions "HTTP/1.1 200 OK"
2026-08-31 04:01:58,981 - INFO - 第 404 篇论文被 DeepSeek 判定为不相关，已自动过滤。
2026-08-31 04:01:58,981 - INFO - 第 404 篇论文已过滤，未写入结果集
2026-08-31 04:02:01,982 - INFO - 正在处理第 405/597 篇论文
2026-08-31 04:02:01,982 - INFO - 正在评审/翻译第 405 篇论文 (尝试 1/3)
2026-08-31 04:02:01,982 - INFO - 使用模型: DeepSeek Chat
2026-08-31 04:02:02,318 - INFO - HTTP Request: POST https://api.deepseek.com/v1/chat/completions "HTTP/1.1 200 OK"
2026-08-31 04:02:03,038 - INFO - 第 405 篇论文被 DeepSeek 判定为不相关，已自动过滤。
2026-08-31 04:02:03,039 - INFO - 第 405 篇论文已过滤，未写入结果集
2026-08-31 04:02:06,039 - INFO - 正在处理第 406/597 篇论文
2026-08-31 04:02:06,039 - INFO - 正在评审/翻译第 406 篇论文 (尝试 1/3)
2026-08-31 04:02:06,039 - INFO - 使用模型: DeepSeek Chat
2026-08-31 04:02:06,376 - INFO - HTTP Request: POST https://api.deepseek.com/v1/chat/completions "HTTP/1.1 200 OK"
2026-08-31 04:02:06,960 - INFO - 第 406 篇论文被 DeepSeek 判定为不相关，已自动过滤。
2026-08-31 04:02:06,961 - INFO - 第 406 篇论文已过滤，未写入结果集
2026-08-31 04:02:09,961 - INFO - 正在处理第 407/597 篇论文
2026-08-31 04:02:09,962 - INFO - 正在评审/翻译第 407 篇论文 (尝试 1/3)
2026-08-31 04:02:09,962 - INFO - 使用模型: DeepSeek Chat
2026-08-31 04:02:10,279 - INFO - HTTP Request: POST https://api.deepseek.com/v1/chat/completions "HTTP/1.1 200 OK"
2026-08-31 04:02:10,790 - INFO - 第 407 篇论文被 DeepSeek 判定为不相关，已自动过滤。
2026-08-31 04:02:10,791 - INFO - 第 407 篇论文已过滤，未写入结果集
2026-08-31 04:02:13,791 - INFO - 正在处理第 408/597 篇论文
2026-08-31 04:02:13,791 - INFO - 正在评审/翻译第 408 篇论文 (尝试 1/3)
2026-08-31 04:02:13,792 - INFO - 使用模型: DeepSeek Chat
2026-08-31 04:02:14,129 - INFO - HTTP Request: POST https://api.deepseek.com/v1/chat/completions "HTTP/1.1 200 OK"
2026-08-31 04:02:14,879 - INFO - 第 408 篇论文被 DeepSeek 判定为不相关，已自动过滤。
2026-08-31 04:02:14,880 - INFO - 第 408 篇论文已过滤，未写入结果集
2026-08-31 04:02:17,880 - INFO - 正在处理第 409/597 篇论文
2026-08-31 04:02:17,880 - INFO - 正在评审/翻译第 409 篇论文 (尝试 1/3)
2026-08-31 04:02:17,880 - INFO - 使用模型: DeepSeek Chat
2026-08-31 04:02:18,227 - INFO - HTTP Request: POST https://api.deepseek.com/v1/chat/completions "HTTP/1.1 200 OK"
2026-08-31 04:02:18,790 - INFO - 第 409 篇论文被 DeepSeek 判定为不相关，已自动过滤。
2026-08-31 04:02:18,791 - INFO - 第 409 篇论文已过滤，未写入结果集
2026-08-31 04:02:21,791 - INFO - 正在处理第 410/597 篇论文
2026-08-31 04:02:21,791 - INFO - 正在评审/翻译第 410 篇论文 (尝试 1/3)
2026-08-31 04:02:21,791 - INFO - 使用模型: DeepSeek Chat
2026-08-31 04:02:22,114 - INFO - HTTP Request: POST https://api.deepseek.com/v1/chat/completions "HTTP/1.1 200 OK"
2026-08-31 04:02:22,806 - INFO - 第 410 篇论文被 DeepSeek 判定为不相关，已自动过滤。
2026-08-31 04:02:22,807 - INFO - 第 410 篇论文已过滤，未写入结果集
2026-08-31 04:02:25,807 - INFO - 正在处理第 411/597 篇论文
2026-08-31 04:02:25,807 - INFO - 正在评审/翻译第 411 篇论文 (尝试 1/3)
2026-08-31 04:02:25,807 - INFO - 使用模型: DeepSeek Chat
2026-08-31 04:02:26,136 - INFO - HTTP Request: POST https://api.deepseek.com/v1/chat/completions "HTTP/1.1 200 OK"
2026-08-31 04:02:29,979 - INFO - 第 411 篇论文处理成功
2026-08-31 04:02:32,979 - INFO - 正在处理第 412/597 篇论文
2026-08-31 04:02:32,980 - INFO - 正在评审/翻译第 412 篇论文 (尝试 1/3)
2026-08-31 04:02:32,980 - INFO - 使用模型: DeepSeek Chat
2026-08-31 04:02:33,313 - INFO - HTTP Request: POST https://api.deepseek.com/v1/chat/completions "HTTP/1.1 200 OK"
2026-08-31 04:02:33,746 - INFO - 第 412 篇论文被 DeepSeek 判定为不相关，已自动过滤。
2026-08-31 04:02:33,747 - INFO - 第 412 篇论文已过滤，未写入结果集
2026-08-31 04:02:36,747 - INFO - 正在处理第 413/597 篇论文
2026-08-31 04:02:36,747 - INFO - 正在评审/翻译第 413 篇论文 (尝试 1/3)
2026-08-31 04:02:36,747 - INFO - 使用模型: DeepSeek Chat
2026-08-31 04:02:37,087 - INFO - HTTP Request: POST https://api.deepseek.com/v1/chat/completions "HTTP/1.1 200 OK"
2026-08-31 04:02:37,676 - INFO - 第 413 篇论文被 DeepSeek 判定为不相关，已自动过滤。
2026-08-31 04:02:37,677 - INFO - 第 413 篇论文已过滤，未写入结果集
2026-08-31 04:02:40,677 - INFO - 正在处理第 414/597 篇论文
2026-08-31 04:02:40,677 - INFO - 正在评审/翻译第 414 篇论文 (尝试 1/3)
2026-08-31 04:02:40,677 - INFO - 使用模型: DeepSeek Chat
2026-08-31 04:02:41,009 - INFO - HTTP Request: POST https://api.deepseek.com/v1/chat/completions "HTTP/1.1 200 OK"
2026-08-31 04:02:41,709 - INFO - 第 414 篇论文被 DeepSeek 判定为不相关，已自动过滤。
2026-08-31 04:02:41,710 - INFO - 第 414 篇论文已过滤，未写入结果集
2026-08-31 04:02:44,710 - INFO - 正在处理第 415/597 篇论文
2026-08-31 04:02:44,710 - INFO - 正在评审/翻译第 415 篇论文 (尝试 1/3)
2026-08-31 04:02:44,711 - INFO - 使用模型: DeepSeek Chat
2026-08-31 04:02:45,028 - INFO - HTTP Request: POST https://api.deepseek.com/v1/chat/completions "HTTP/1.1 200 OK"
2026-08-31 04:02:45,719 - INFO - 第 415 篇论文被 DeepSeek 判定为不相关，已自动过滤。
2026-08-31 04:02:45,720 - INFO - 第 415 篇论文已过滤，未写入结果集
2026-08-31 04:02:48,720 - INFO - 正在处理第 416/597 篇论文
2026-08-31 04:02:48,720 - INFO - 正在评审/翻译第 416 篇论文 (尝试 1/3)
2026-08-31 04:02:48,720 - INFO - 使用模型: DeepSeek Chat
2026-08-31 04:02:49,085 - INFO - HTTP Request: POST https://api.deepseek.com/v1/chat/completions "HTTP/1.1 200 OK"
2026-08-31 04:02:49,378 - INFO - 第 416 篇论文被 DeepSeek 判定为不相关，已自动过滤。
2026-08-31 04:02:49,379 - INFO - 第 416 篇论文已过滤，未写入结果集
2026-08-31 04:02:52,379 - INFO - 正在处理第 417/597 篇论文
2026-08-31 04:02:52,380 - INFO - 正在评审/翻译第 417 篇论文 (尝试 1/3)
2026-08-31 04:02:52,380 - INFO - 使用模型: DeepSeek Chat
2026-08-31 04:02:52,728 - INFO - HTTP Request: POST https://api.deepseek.com/v1/chat/completions "HTTP/1.1 200 OK"
2026-08-31 04:02:53,286 - INFO - 第 417 篇论文被 DeepSeek 判定为不相关，已自动过滤。
2026-08-31 04:02:53,287 - INFO - 第 417 篇论文已过滤，未写入结果集
2026-08-31 04:02:56,287 - INFO - 正在处理第 418/597 篇论文
2026-08-31 04:02:56,287 - INFO - 正在评审/翻译第 418 篇论文 (尝试 1/3)
2026-08-31 04:02:56,287 - INFO - 使用模型: DeepSeek Chat
2026-08-31 04:02:56,612 - INFO - HTTP Request: POST https://api.deepseek.com/v1/chat/completions "HTTP/1.1 200 OK"
2026-08-31 04:03:00,530 - INFO - 第 418 篇论文处理成功
2026-08-31 04:03:03,530 - INFO - 正在处理第 419/597 篇论文
2026-08-31 04:03:03,531 - INFO - 正在评审/翻译第 419 篇论文 (尝试 1/3)
2026-08-31 04:03:03,531 - INFO - 使用模型: DeepSeek Chat
2026-08-31 04:03:03,867 - INFO - HTTP Request: POST https://api.deepseek.com/v1/chat/completions "HTTP/1.1 200 OK"
2026-08-31 04:03:04,388 - INFO - 第 419 篇论文被 DeepSeek 判定为不相关，已自动过滤。
2026-08-31 04:03:04,389 - INFO - 第 419 篇论文已过滤，未写入结果集
2026-08-31 04:03:07,389 - INFO - 正在处理第 420/597 篇论文
2026-08-31 04:03:07,389 - INFO - 正在评审/翻译第 420 篇论文 (尝试 1/3)
2026-08-31 04:03:07,389 - INFO - 使用模型: DeepSeek Chat
2026-08-31 04:03:07,732 - INFO - HTTP Request: POST https://api.deepseek.com/v1/chat/completions "HTTP/1.1 200 OK"
2026-08-31 04:03:07,990 - INFO - 第 420 篇论文被 DeepSeek 判定为不相关，已自动过滤。
2026-08-31 04:03:07,991 - INFO - 第 420 篇论文已过滤，未写入结果集
2026-08-31 04:03:10,991 - INFO - 正在处理第 421/597 篇论文
2026-08-31 04:03:10,991 - INFO - 正在评审/翻译第 421 篇论文 (尝试 1/3)
2026-08-31 04:03:10,991 - INFO - 使用模型: DeepSeek Chat
2026-08-31 04:03:11,339 - INFO - HTTP Request: POST https://api.deepseek.com/v1/chat/completions "HTTP/1.1 200 OK"
2026-08-31 04:03:11,956 - INFO - 第 421 篇论文被 DeepSeek 判定为不相关，已自动过滤。
2026-08-31 04:03:11,957 - INFO - 第 421 篇论文已过滤，未写入结果集
2026-08-31 04:03:14,957 - INFO - 正在处理第 422/597 篇论文
2026-08-31 04:03:14,957 - INFO - 正在评审/翻译第 422 篇论文 (尝试 1/3)
2026-08-31 04:03:14,957 - INFO - 使用模型: DeepSeek Chat
2026-08-31 04:03:15,299 - INFO - HTTP Request: POST https://api.deepseek.com/v1/chat/completions "HTTP/1.1 200 OK"
2026-08-31 04:03:15,720 - INFO - 第 422 篇论文被 DeepSeek 判定为不相关，已自动过滤。
2026-08-31 04:03:15,721 - INFO - 第 422 篇论文已过滤，未写入结果集
2026-08-31 04:03:18,721 - INFO - 正在处理第 423/597 篇论文
2026-08-31 04:03:18,721 - INFO - 正在评审/翻译第 423 篇论文 (尝试 1/3)
2026-08-31 04:03:18,722 - INFO - 使用模型: DeepSeek Chat
2026-08-31 04:03:19,056 - INFO - HTTP Request: POST https://api.deepseek.com/v1/chat/completions "HTTP/1.1 200 OK"
2026-08-31 04:03:21,718 - INFO - 第 423 篇论文处理成功
2026-08-31 04:03:24,718 - INFO - 正在处理第 424/597 篇论文
2026-08-31 04:03:24,718 - INFO - 正在评审/翻译第 424 篇论文 (尝试 1/3)
2026-08-31 04:03:24,718 - INFO - 使用模型: DeepSeek Chat
2026-08-31 04:03:25,039 - INFO - HTTP Request: POST https://api.deepseek.com/v1/chat/completions "HTTP/1.1 200 OK"
2026-08-31 04:03:25,300 - INFO - 第 424 篇论文被 DeepSeek 判定为不相关，已自动过滤。
2026-08-31 04:03:25,301 - INFO - 第 424 篇论文已过滤，未写入结果集
2026-08-31 04:03:28,301 - INFO - 正在处理第 425/597 篇论文
2026-08-31 04:03:28,301 - INFO - 正在评审/翻译第 425 篇论文 (尝试 1/3)
2026-08-31 04:03:28,301 - INFO - 使用模型: DeepSeek Chat
2026-08-31 04:03:28,621 - INFO - HTTP Request: POST https://api.deepseek.com/v1/chat/completions "HTTP/1.1 200 OK"
2026-08-31 04:03:28,964 - INFO - 第 425 篇论文被 DeepSeek 判定为不相关，已自动过滤。
2026-08-31 04:03:28,965 - INFO - 第 425 篇论文已过滤，未写入结果集
2026-08-31 04:03:31,965 - INFO - 正在处理第 426/597 篇论文
2026-08-31 04:03:31,965 - INFO - 正在评审/翻译第 426 篇论文 (尝试 1/3)
2026-08-31 04:03:31,965 - INFO - 使用模型: DeepSeek Chat
2026-08-31 04:03:32,302 - INFO - HTTP Request: POST https://api.deepseek.com/v1/chat/completions "HTTP/1.1 200 OK"
2026-08-31 04:03:35,987 - INFO - 第 426 篇论文处理成功
2026-08-31 04:03:38,987 - INFO - 正在处理第 427/597 篇论文
2026-08-31 04:03:38,987 - INFO - 正在评审/翻译第 427 篇论文 (尝试 1/3)
2026-08-31 04:03:38,987 - INFO - 使用模型: DeepSeek Chat
2026-08-31 04:03:39,326 - INFO - HTTP Request: POST https://api.deepseek.com/v1/chat/completions "HTTP/1.1 200 OK"
2026-08-31 04:03:39,826 - INFO - 第 427 篇论文被 DeepSeek 判定为不相关，已自动过滤。
2026-08-31 04:03:39,827 - INFO - 第 427 篇论文已过滤，未写入结果集
2026-08-31 04:03:42,828 - INFO - 正在处理第 428/597 篇论文
2026-08-31 04:03:42,828 - INFO - 正在评审/翻译第 428 篇论文 (尝试 1/3)
2026-08-31 04:03:42,828 - INFO - 使用模型: DeepSeek Chat
2026-08-31 04:03:43,148 - INFO - HTTP Request: POST https://api.deepseek.com/v1/chat/completions "HTTP/1.1 200 OK"
2026-08-31 04:03:43,709 - INFO - 第 428 篇论文被 DeepSeek 判定为不相关，已自动过滤。
2026-08-31 04:03:43,710 - INFO - 第 428 篇论文已过滤，未写入结果集
2026-08-31 04:03:46,710 - INFO - 正在处理第 429/597 篇论文
2026-08-31 04:03:46,710 - INFO - 正在评审/翻译第 429 篇论文 (尝试 1/3)
2026-08-31 04:03:46,710 - INFO - 使用模型: DeepSeek Chat
2026-08-31 04:03:47,032 - INFO - HTTP Request: POST https://api.deepseek.com/v1/chat/completions "HTTP/1.1 200 OK"
2026-08-31 04:03:47,597 - INFO - 第 429 篇论文被 DeepSeek 判定为不相关，已自动过滤。
2026-08-31 04:03:47,598 - INFO - 第 429 篇论文已过滤，未写入结果集
2026-08-31 04:03:50,598 - INFO - 正在处理第 430/597 篇论文
2026-08-31 04:03:50,598 - INFO - 正在评审/翻译第 430 篇论文 (尝试 1/3)
2026-08-31 04:03:50,598 - INFO - 使用模型: DeepSeek Chat
2026-08-31 04:03:50,930 - INFO - HTTP Request: POST https://api.deepseek.com/v1/chat/completions "HTTP/1.1 200 OK"
2026-08-31 04:03:51,349 - INFO - 第 430 篇论文被 DeepSeek 判定为不相关，已自动过滤。
2026-08-31 04:03:51,349 - INFO - 第 430 篇论文已过滤，未写入结果集
2026-08-31 04:03:54,350 - INFO - 正在处理第 431/597 篇论文
2026-08-31 04:03:54,350 - INFO - 正在评审/翻译第 431 篇论文 (尝试 1/3)
2026-08-31 04:03:54,350 - INFO - 使用模型: DeepSeek Chat
2026-08-31 04:03:54,676 - INFO - HTTP Request: POST https://api.deepseek.com/v1/chat/completions "HTTP/1.1 200 OK"
2026-08-31 04:03:54,957 - INFO - 第 431 篇论文被 DeepSeek 判定为不相关，已自动过滤。
2026-08-31 04:03:54,958 - INFO - 第 431 篇论文已过滤，未写入结果集
2026-08-31 04:03:57,959 - INFO - 正在处理第 432/597 篇论文
2026-08-31 04:03:57,959 - INFO - 正在评审/翻译第 432 篇论文 (尝试 1/3)
2026-08-31 04:03:57,959 - INFO - 使用模型: DeepSeek Chat
2026-08-31 04:03:58,289 - INFO - HTTP Request: POST https://api.deepseek.com/v1/chat/completions "HTTP/1.1 200 OK"
2026-08-31 04:03:58,697 - INFO - 第 432 篇论文被 DeepSeek 判定为不相关，已自动过滤。
2026-08-31 04:03:58,698 - INFO - 第 432 篇论文已过滤，未写入结果集
2026-08-31 04:04:01,698 - INFO - 正在处理第 433/597 篇论文
2026-08-31 04:04:01,698 - INFO - 正在评审/翻译第 433 篇论文 (尝试 1/3)
2026-08-31 04:04:01,698 - INFO - 使用模型: DeepSeek Chat
2026-08-31 04:04:02,036 - INFO - HTTP Request: POST https://api.deepseek.com/v1/chat/completions "HTTP/1.1 200 OK"
2026-08-31 04:04:06,027 - INFO - 第 433 篇论文处理成功
2026-08-31 04:04:09,027 - INFO - 正在处理第 434/597 篇论文
2026-08-31 04:04:09,027 - INFO - 正在评审/翻译第 434 篇论文 (尝试 1/3)
2026-08-31 04:04:09,027 - INFO - 使用模型: DeepSeek Chat
2026-08-31 04:04:09,356 - INFO - HTTP Request: POST https://api.deepseek.com/v1/chat/completions "HTTP/1.1 200 OK"
2026-08-31 04:04:10,179 - INFO - 第 434 篇论文被 DeepSeek 判定为不相关，已自动过滤。
2026-08-31 04:04:10,180 - INFO - 第 434 篇论文已过滤，未写入结果集
2026-08-31 04:04:13,180 - INFO - 正在处理第 435/597 篇论文
2026-08-31 04:04:13,180 - INFO - 正在评审/翻译第 435 篇论文 (尝试 1/3)
2026-08-31 04:04:13,180 - INFO - 使用模型: DeepSeek Chat
2026-08-31 04:04:13,516 - INFO - HTTP Request: POST https://api.deepseek.com/v1/chat/completions "HTTP/1.1 200 OK"
2026-08-31 04:04:13,903 - INFO - 第 435 篇论文被 DeepSeek 判定为不相关，已自动过滤。
2026-08-31 04:04:13,904 - INFO - 第 435 篇论文已过滤，未写入结果集
2026-08-31 04:04:16,904 - INFO - 正在处理第 436/597 篇论文
2026-08-31 04:04:16,904 - INFO - 正在评审/翻译第 436 篇论文 (尝试 1/3)
2026-08-31 04:04:16,904 - INFO - 使用模型: DeepSeek Chat
2026-08-31 04:04:17,233 - INFO - HTTP Request: POST https://api.deepseek.com/v1/chat/completions "HTTP/1.1 200 OK"
2026-08-31 04:04:17,516 - INFO - 第 436 篇论文被 DeepSeek 判定为不相关，已自动过滤。
2026-08-31 04:04:17,517 - INFO - 第 436 篇论文已过滤，未写入结果集
2026-08-31 04:04:20,517 - INFO - 正在处理第 437/597 篇论文
2026-08-31 04:04:20,518 - INFO - 正在评审/翻译第 437 篇论文 (尝试 1/3)
2026-08-31 04:04:20,518 - INFO - 使用模型: DeepSeek Chat
2026-08-31 04:04:21,015 - INFO - HTTP Request: POST https://api.deepseek.com/v1/chat/completions "HTTP/1.1 200 OK"
2026-08-31 04:04:21,497 - INFO - 第 437 篇论文被 DeepSeek 判定为不相关，已自动过滤。
2026-08-31 04:04:21,498 - INFO - 第 437 篇论文已过滤，未写入结果集
2026-08-31 04:04:24,498 - INFO - 正在处理第 438/597 篇论文
2026-08-31 04:04:24,498 - INFO - 正在评审/翻译第 438 篇论文 (尝试 1/3)
2026-08-31 04:04:24,498 - INFO - 使用模型: DeepSeek Chat
2026-08-31 04:04:24,829 - INFO - HTTP Request: POST https://api.deepseek.com/v1/chat/completions "HTTP/1.1 200 OK"
2026-08-31 04:04:25,466 - INFO - 第 438 篇论文被 DeepSeek 判定为不相关，已自动过滤。
2026-08-31 04:04:25,467 - INFO - 第 438 篇论文已过滤，未写入结果集
2026-08-31 04:04:28,467 - INFO - 正在处理第 439/597 篇论文
2026-08-31 04:04:28,467 - INFO - 正在评审/翻译第 439 篇论文 (尝试 1/3)
2026-08-31 04:04:28,467 - INFO - 使用模型: DeepSeek Chat
2026-08-31 04:04:28,802 - INFO - HTTP Request: POST https://api.deepseek.com/v1/chat/completions "HTTP/1.1 200 OK"
2026-08-31 04:04:29,226 - INFO - 第 439 篇论文被 DeepSeek 判定为不相关，已自动过滤。
2026-08-31 04:04:29,227 - INFO - 第 439 篇论文已过滤，未写入结果集
2026-08-31 04:04:32,227 - INFO - 正在处理第 440/597 篇论文
2026-08-31 04:04:32,227 - INFO - 正在评审/翻译第 440 篇论文 (尝试 1/3)
2026-08-31 04:04:32,227 - INFO - 使用模型: DeepSeek Chat
2026-08-31 04:04:32,570 - INFO - HTTP Request: POST https://api.deepseek.com/v1/chat/completions "HTTP/1.1 200 OK"
2026-08-31 04:04:32,960 - INFO - 第 440 篇论文被 DeepSeek 判定为不相关，已自动过滤。
2026-08-31 04:04:32,961 - INFO - 第 440 篇论文已过滤，未写入结果集
2026-08-31 04:04:35,961 - INFO - 正在处理第 441/597 篇论文
2026-08-31 04:04:35,961 - INFO - 正在评审/翻译第 441 篇论文 (尝试 1/3)
2026-08-31 04:04:35,961 - INFO - 使用模型: DeepSeek Chat
2026-08-31 04:04:36,307 - INFO - HTTP Request: POST https://api.deepseek.com/v1/chat/completions "HTTP/1.1 200 OK"
2026-08-31 04:04:36,636 - INFO - 第 441 篇论文被 DeepSeek 判定为不相关，已自动过滤。
2026-08-31 04:04:36,637 - INFO - 第 441 篇论文已过滤，未写入结果集
2026-08-31 04:04:39,637 - INFO - 正在处理第 442/597 篇论文
2026-08-31 04:04:39,637 - INFO - 正在评审/翻译第 442 篇论文 (尝试 1/3)
2026-08-31 04:04:39,637 - INFO - 使用模型: DeepSeek Chat
2026-08-31 04:04:39,964 - INFO - HTTP Request: POST https://api.deepseek.com/v1/chat/completions "HTTP/1.1 200 OK"
2026-08-31 04:04:40,482 - INFO - 第 442 篇论文被 DeepSeek 判定为不相关，已自动过滤。
2026-08-31 04:04:40,483 - INFO - 第 442 篇论文已过滤，未写入结果集
2026-08-31 04:04:43,483 - INFO - 正在处理第 443/597 篇论文
2026-08-31 04:04:43,484 - INFO - 正在评审/翻译第 443 篇论文 (尝试 1/3)
2026-08-31 04:04:43,484 - INFO - 使用模型: DeepSeek Chat
2026-08-31 04:04:43,813 - INFO - HTTP Request: POST https://api.deepseek.com/v1/chat/completions "HTTP/1.1 200 OK"
2026-08-31 04:04:44,220 - INFO - 第 443 篇论文被 DeepSeek 判定为不相关，已自动过滤。
2026-08-31 04:04:44,221 - INFO - 第 443 篇论文已过滤，未写入结果集
2026-08-31 04:04:47,221 - INFO - 正在处理第 444/597 篇论文
2026-08-31 04:04:47,221 - INFO - 正在评审/翻译第 444 篇论文 (尝试 1/3)
2026-08-31 04:04:47,221 - INFO - 使用模型: DeepSeek Chat
2026-08-31 04:04:47,553 - INFO - HTTP Request: POST https://api.deepseek.com/v1/chat/completions "HTTP/1.1 200 OK"
2026-08-31 04:04:47,920 - INFO - 第 444 篇论文被 DeepSeek 判定为不相关，已自动过滤。
2026-08-31 04:04:47,921 - INFO - 第 444 篇论文已过滤，未写入结果集
2026-08-31 04:04:50,921 - INFO - 正在处理第 445/597 篇论文
2026-08-31 04:04:50,921 - INFO - 正在评审/翻译第 445 篇论文 (尝试 1/3)
2026-08-31 04:04:50,921 - INFO - 使用模型: DeepSeek Chat
2026-08-31 04:04:51,250 - INFO - HTTP Request: POST https://api.deepseek.com/v1/chat/completions "HTTP/1.1 200 OK"
2026-08-31 04:04:51,632 - INFO - 第 445 篇论文被 DeepSeek 判定为不相关，已自动过滤。
2026-08-31 04:04:51,633 - INFO - 第 445 篇论文已过滤，未写入结果集
2026-08-31 04:04:54,633 - INFO - 正在处理第 446/597 篇论文
2026-08-31 04:04:54,634 - INFO - 正在评审/翻译第 446 篇论文 (尝试 1/3)
2026-08-31 04:04:54,634 - INFO - 使用模型: DeepSeek Chat
2026-08-31 04:04:54,967 - INFO - HTTP Request: POST https://api.deepseek.com/v1/chat/completions "HTTP/1.1 200 OK"
2026-08-31 04:04:55,323 - INFO - 第 446 篇论文被 DeepSeek 判定为不相关，已自动过滤。
2026-08-31 04:04:55,324 - INFO - 第 446 篇论文已过滤，未写入结果集
2026-08-31 04:04:58,324 - INFO - 正在处理第 447/597 篇论文
2026-08-31 04:04:58,324 - INFO - 正在评审/翻译第 447 篇论文 (尝试 1/3)
2026-08-31 04:04:58,324 - INFO - 使用模型: DeepSeek Chat
2026-08-31 04:04:58,694 - INFO - HTTP Request: POST https://api.deepseek.com/v1/chat/completions "HTTP/1.1 200 OK"
2026-08-31 04:04:59,000 - INFO - 第 447 篇论文被 DeepSeek 判定为不相关，已自动过滤。
2026-08-31 04:04:59,001 - INFO - 第 447 篇论文已过滤，未写入结果集
2026-08-31 04:05:02,001 - INFO - 正在处理第 448/597 篇论文
2026-08-31 04:05:02,001 - INFO - 正在评审/翻译第 448 篇论文 (尝试 1/3)
2026-08-31 04:05:02,002 - INFO - 使用模型: DeepSeek Chat
2026-08-31 04:05:02,335 - INFO - HTTP Request: POST https://api.deepseek.com/v1/chat/completions "HTTP/1.1 200 OK"
2026-08-31 04:05:02,572 - INFO - 第 448 篇论文被 DeepSeek 判定为不相关，已自动过滤。
2026-08-31 04:05:02,573 - INFO - 第 448 篇论文已过滤，未写入结果集
2026-08-31 04:05:05,573 - INFO - 正在处理第 449/597 篇论文
2026-08-31 04:05:05,573 - INFO - 正在评审/翻译第 449 篇论文 (尝试 1/3)
2026-08-31 04:05:05,573 - INFO - 使用模型: DeepSeek Chat
2026-08-31 04:05:05,943 - INFO - HTTP Request: POST https://api.deepseek.com/v1/chat/completions "HTTP/1.1 200 OK"
2026-08-31 04:05:06,292 - INFO - 第 449 篇论文被 DeepSeek 判定为不相关，已自动过滤。
2026-08-31 04:05:06,293 - INFO - 第 449 篇论文已过滤，未写入结果集
2026-08-31 04:05:09,294 - INFO - 正在处理第 450/597 篇论文
2026-08-31 04:05:09,294 - INFO - 正在评审/翻译第 450 篇论文 (尝试 1/3)
2026-08-31 04:05:09,294 - INFO - 使用模型: DeepSeek Chat
2026-08-31 04:05:09,636 - INFO - HTTP Request: POST https://api.deepseek.com/v1/chat/completions "HTTP/1.1 200 OK"
2026-08-31 04:05:09,930 - INFO - 第 450 篇论文被 DeepSeek 判定为不相关，已自动过滤。
2026-08-31 04:05:09,931 - INFO - 第 450 篇论文已过滤，未写入结果集
2026-08-31 04:05:12,931 - INFO - 正在处理第 451/597 篇论文
2026-08-31 04:05:12,932 - INFO - 正在评审/翻译第 451 篇论文 (尝试 1/3)
2026-08-31 04:05:12,932 - INFO - 使用模型: DeepSeek Chat
2026-08-31 04:05:13,264 - INFO - HTTP Request: POST https://api.deepseek.com/v1/chat/completions "HTTP/1.1 200 OK"
2026-08-31 04:05:13,746 - INFO - 第 451 篇论文被 DeepSeek 判定为不相关，已自动过滤。
2026-08-31 04:05:13,747 - INFO - 第 451 篇论文已过滤，未写入结果集
2026-08-31 04:05:16,747 - INFO - 正在处理第 452/597 篇论文
2026-08-31 04:05:16,747 - INFO - 正在评审/翻译第 452 篇论文 (尝试 1/3)
2026-08-31 04:05:16,747 - INFO - 使用模型: DeepSeek Chat
2026-08-31 04:05:17,071 - INFO - HTTP Request: POST https://api.deepseek.com/v1/chat/completions "HTTP/1.1 200 OK"
2026-08-31 04:05:17,469 - INFO - 第 452 篇论文被 DeepSeek 判定为不相关，已自动过滤。
2026-08-31 04:05:17,470 - INFO - 第 452 篇论文已过滤，未写入结果集
2026-08-31 04:05:20,470 - INFO - 正在处理第 453/597 篇论文
2026-08-31 04:05:20,470 - INFO - 正在评审/翻译第 453 篇论文 (尝试 1/3)
2026-08-31 04:05:20,470 - INFO - 使用模型: DeepSeek Chat
2026-08-31 04:05:20,826 - INFO - HTTP Request: POST https://api.deepseek.com/v1/chat/completions "HTTP/1.1 200 OK"
2026-08-31 04:05:21,164 - INFO - 第 453 篇论文被 DeepSeek 判定为不相关，已自动过滤。
2026-08-31 04:05:21,165 - INFO - 第 453 篇论文已过滤，未写入结果集
2026-08-31 04:05:24,165 - INFO - 正在处理第 454/597 篇论文
2026-08-31 04:05:24,165 - INFO - 正在评审/翻译第 454 篇论文 (尝试 1/3)
2026-08-31 04:05:24,165 - INFO - 使用模型: DeepSeek Chat
2026-08-31 04:05:24,488 - INFO - HTTP Request: POST https://api.deepseek.com/v1/chat/completions "HTTP/1.1 200 OK"
2026-08-31 04:05:25,138 - INFO - 第 454 篇论文被 DeepSeek 判定为不相关，已自动过滤。
2026-08-31 04:05:25,139 - INFO - 第 454 篇论文已过滤，未写入结果集
2026-08-31 04:05:28,139 - INFO - 正在处理第 455/597 篇论文
2026-08-31 04:05:28,139 - INFO - 正在评审/翻译第 455 篇论文 (尝试 1/3)
2026-08-31 04:05:28,139 - INFO - 使用模型: DeepSeek Chat
2026-08-31 04:05:28,470 - INFO - HTTP Request: POST https://api.deepseek.com/v1/chat/completions "HTTP/1.1 200 OK"
2026-08-31 04:05:29,096 - INFO - 第 455 篇论文被 DeepSeek 判定为不相关，已自动过滤。
2026-08-31 04:05:29,096 - INFO - 第 455 篇论文已过滤，未写入结果集
2026-08-31 04:05:32,097 - INFO - 正在处理第 456/597 篇论文
2026-08-31 04:05:32,097 - INFO - 正在评审/翻译第 456 篇论文 (尝试 1/3)
2026-08-31 04:05:32,097 - INFO - 使用模型: DeepSeek Chat
2026-08-31 04:05:32,462 - INFO - HTTP Request: POST https://api.deepseek.com/v1/chat/completions "HTTP/1.1 200 OK"
2026-08-31 04:05:32,806 - INFO - 第 456 篇论文被 DeepSeek 判定为不相关，已自动过滤。
2026-08-31 04:05:32,807 - INFO - 第 456 篇论文已过滤，未写入结果集
2026-08-31 04:05:35,808 - INFO - 正在处理第 457/597 篇论文
2026-08-31 04:05:35,808 - INFO - 正在评审/翻译第 457 篇论文 (尝试 1/3)
2026-08-31 04:05:35,808 - INFO - 使用模型: DeepSeek Chat
2026-08-31 04:05:36,149 - INFO - HTTP Request: POST https://api.deepseek.com/v1/chat/completions "HTTP/1.1 200 OK"
2026-08-31 04:05:36,915 - INFO - 第 457 篇论文被 DeepSeek 判定为不相关，已自动过滤。
2026-08-31 04:05:36,916 - INFO - 第 457 篇论文已过滤，未写入结果集
2026-08-31 04:05:39,916 - INFO - 正在处理第 458/597 篇论文
2026-08-31 04:05:39,916 - INFO - 正在评审/翻译第 458 篇论文 (尝试 1/3)
2026-08-31 04:05:39,916 - INFO - 使用模型: DeepSeek Chat
2026-08-31 04:05:40,249 - INFO - HTTP Request: POST https://api.deepseek.com/v1/chat/completions "HTTP/1.1 200 OK"
2026-08-31 04:05:40,965 - INFO - 第 458 篇论文被 DeepSeek 判定为不相关，已自动过滤。
2026-08-31 04:05:40,966 - INFO - 第 458 篇论文已过滤，未写入结果集
2026-08-31 04:05:43,967 - INFO - 正在处理第 459/597 篇论文
2026-08-31 04:05:43,967 - INFO - 正在评审/翻译第 459 篇论文 (尝试 1/3)
2026-08-31 04:05:43,967 - INFO - 使用模型: DeepSeek Chat
2026-08-31 04:05:44,300 - INFO - HTTP Request: POST https://api.deepseek.com/v1/chat/completions "HTTP/1.1 200 OK"
2026-08-31 04:05:44,968 - INFO - 第 459 篇论文被 DeepSeek 判定为不相关，已自动过滤。
2026-08-31 04:05:44,969 - INFO - 第 459 篇论文已过滤，未写入结果集
2026-08-31 04:05:47,969 - INFO - 正在处理第 460/597 篇论文
2026-08-31 04:05:47,969 - INFO - 正在评审/翻译第 460 篇论文 (尝试 1/3)
2026-08-31 04:05:47,969 - INFO - 使用模型: DeepSeek Chat
2026-08-31 04:05:48,291 - INFO - HTTP Request: POST https://api.deepseek.com/v1/chat/completions "HTTP/1.1 200 OK"
2026-08-31 04:05:48,626 - INFO - 第 460 篇论文被 DeepSeek 判定为不相关，已自动过滤。
2026-08-31 04:05:48,627 - INFO - 第 460 篇论文已过滤，未写入结果集
2026-08-31 04:05:51,627 - INFO - 正在处理第 461/597 篇论文
2026-08-31 04:05:51,627 - INFO - 正在评审/翻译第 461 篇论文 (尝试 1/3)
2026-08-31 04:05:51,627 - INFO - 使用模型: DeepSeek Chat
2026-08-31 04:05:51,951 - INFO - HTTP Request: POST https://api.deepseek.com/v1/chat/completions "HTTP/1.1 200 OK"
2026-08-31 04:05:52,682 - INFO - 第 461 篇论文被 DeepSeek 判定为不相关，已自动过滤。
2026-08-31 04:05:52,683 - INFO - 第 461 篇论文已过滤，未写入结果集
2026-08-31 04:05:55,683 - INFO - 正在处理第 462/597 篇论文
2026-08-31 04:05:55,683 - INFO - 正在评审/翻译第 462 篇论文 (尝试 1/3)
2026-08-31 04:05:55,683 - INFO - 使用模型: DeepSeek Chat
2026-08-31 04:05:56,063 - INFO - HTTP Request: POST https://api.deepseek.com/v1/chat/completions "HTTP/1.1 200 OK"
2026-08-31 04:05:56,406 - INFO - 第 462 篇论文被 DeepSeek 判定为不相关，已自动过滤。
2026-08-31 04:05:56,407 - INFO - 第 462 篇论文已过滤，未写入结果集
2026-08-31 04:05:59,407 - INFO - 正在处理第 463/597 篇论文
2026-08-31 04:05:59,408 - INFO - 正在评审/翻译第 463 篇论文 (尝试 1/3)
2026-08-31 04:05:59,408 - INFO - 使用模型: DeepSeek Chat
2026-08-31 04:05:59,726 - INFO - HTTP Request: POST https://api.deepseek.com/v1/chat/completions "HTTP/1.1 200 OK"
2026-08-31 04:06:00,261 - INFO - 第 463 篇论文被 DeepSeek 判定为不相关，已自动过滤。
2026-08-31 04:06:00,262 - INFO - 第 463 篇论文已过滤，未写入结果集
2026-08-31 04:06:03,262 - INFO - 正在处理第 464/597 篇论文
2026-08-31 04:06:03,263 - INFO - 正在评审/翻译第 464 篇论文 (尝试 1/3)
2026-08-31 04:06:03,263 - INFO - 使用模型: DeepSeek Chat
2026-08-31 04:06:03,610 - INFO - HTTP Request: POST https://api.deepseek.com/v1/chat/completions "HTTP/1.1 200 OK"
2026-08-31 04:06:04,077 - INFO - 第 464 篇论文被 DeepSeek 判定为不相关，已自动过滤。
2026-08-31 04:06:04,078 - INFO - 第 464 篇论文已过滤，未写入结果集
2026-08-31 04:06:07,078 - INFO - 正在处理第 465/597 篇论文
2026-08-31 04:06:07,078 - INFO - 正在评审/翻译第 465 篇论文 (尝试 1/3)
2026-08-31 04:06:07,078 - INFO - 使用模型: DeepSeek Chat
2026-08-31 04:06:07,423 - INFO - HTTP Request: POST https://api.deepseek.com/v1/chat/completions "HTTP/1.1 200 OK"
2026-08-31 04:06:10,381 - INFO - 第 465 篇论文处理成功
2026-08-31 04:06:13,382 - INFO - 正在处理第 466/597 篇论文
2026-08-31 04:06:13,382 - INFO - 正在评审/翻译第 466 篇论文 (尝试 1/3)
2026-08-31 04:06:13,382 - INFO - 使用模型: DeepSeek Chat
2026-08-31 04:06:13,798 - INFO - HTTP Request: POST https://api.deepseek.com/v1/chat/completions "HTTP/1.1 200 OK"
2026-08-31 04:06:17,783 - INFO - 第 466 篇论文处理成功
2026-08-31 04:06:20,784 - INFO - 正在处理第 467/597 篇论文
2026-08-31 04:06:20,784 - INFO - 正在评审/翻译第 467 篇论文 (尝试 1/3)
2026-08-31 04:06:20,784 - INFO - 使用模型: DeepSeek Chat
2026-08-31 04:06:21,115 - INFO - HTTP Request: POST https://api.deepseek.com/v1/chat/completions "HTTP/1.1 200 OK"
2026-08-31 04:06:24,798 - INFO - 第 467 篇论文处理成功
2026-08-31 04:06:27,799 - INFO - 正在处理第 468/597 篇论文
2026-08-31 04:06:27,799 - INFO - 正在评审/翻译第 468 篇论文 (尝试 1/3)
2026-08-31 04:06:27,799 - INFO - 使用模型: DeepSeek Chat
2026-08-31 04:06:28,128 - INFO - HTTP Request: POST https://api.deepseek.com/v1/chat/completions "HTTP/1.1 200 OK"
2026-08-31 04:06:28,725 - INFO - 第 468 篇论文被 DeepSeek 判定为不相关，已自动过滤。
2026-08-31 04:06:28,726 - INFO - 第 468 篇论文已过滤，未写入结果集
2026-08-31 04:06:31,726 - INFO - 正在处理第 469/597 篇论文
2026-08-31 04:06:31,726 - INFO - 正在评审/翻译第 469 篇论文 (尝试 1/3)
2026-08-31 04:06:31,727 - INFO - 使用模型: DeepSeek Chat
2026-08-31 04:06:32,107 - INFO - HTTP Request: POST https://api.deepseek.com/v1/chat/completions "HTTP/1.1 200 OK"
2026-08-31 04:06:32,729 - INFO - 第 469 篇论文被 DeepSeek 判定为不相关，已自动过滤。
2026-08-31 04:06:32,730 - INFO - 第 469 篇论文已过滤，未写入结果集
2026-08-31 04:06:35,730 - INFO - 正在处理第 470/597 篇论文
2026-08-31 04:06:35,730 - INFO - 正在评审/翻译第 470 篇论文 (尝试 1/3)
2026-08-31 04:06:35,730 - INFO - 使用模型: DeepSeek Chat
2026-08-31 04:06:36,145 - INFO - HTTP Request: POST https://api.deepseek.com/v1/chat/completions "HTTP/1.1 200 OK"
2026-08-31 04:06:36,369 - INFO - 第 470 篇论文被 DeepSeek 判定为不相关，已自动过滤。
2026-08-31 04:06:36,370 - INFO - 第 470 篇论文已过滤，未写入结果集
2026-08-31 04:06:39,370 - INFO - 正在处理第 471/597 篇论文
2026-08-31 04:06:39,371 - INFO - 正在评审/翻译第 471 篇论文 (尝试 1/3)
2026-08-31 04:06:39,371 - INFO - 使用模型: DeepSeek Chat
2026-08-31 04:06:39,712 - INFO - HTTP Request: POST https://api.deepseek.com/v1/chat/completions "HTTP/1.1 200 OK"
2026-08-31 04:06:40,009 - INFO - 第 471 篇论文被 DeepSeek 判定为不相关，已自动过滤。
2026-08-31 04:06:40,010 - INFO - 第 471 篇论文已过滤，未写入结果集
2026-08-31 04:06:43,010 - INFO - 正在处理第 472/597 篇论文
2026-08-31 04:06:43,011 - INFO - 正在评审/翻译第 472 篇论文 (尝试 1/3)
2026-08-31 04:06:43,011 - INFO - 使用模型: DeepSeek Chat
2026-08-31 04:06:43,336 - INFO - HTTP Request: POST https://api.deepseek.com/v1/chat/completions "HTTP/1.1 200 OK"
2026-08-31 04:06:43,822 - INFO - 第 472 篇论文被 DeepSeek 判定为不相关，已自动过滤。
2026-08-31 04:06:43,823 - INFO - 第 472 篇论文已过滤，未写入结果集
2026-08-31 04:06:46,823 - INFO - 正在处理第 473/597 篇论文
2026-08-31 04:06:46,823 - INFO - 正在评审/翻译第 473 篇论文 (尝试 1/3)
2026-08-31 04:06:46,824 - INFO - 使用模型: DeepSeek Chat
2026-08-31 04:06:47,137 - INFO - HTTP Request: POST https://api.deepseek.com/v1/chat/completions "HTTP/1.1 200 OK"
2026-08-31 04:06:47,520 - INFO - 第 473 篇论文被 DeepSeek 判定为不相关，已自动过滤。
2026-08-31 04:06:47,521 - INFO - 第 473 篇论文已过滤，未写入结果集
2026-08-31 04:06:50,521 - INFO - 正在处理第 474/597 篇论文
2026-08-31 04:06:50,521 - INFO - 正在评审/翻译第 474 篇论文 (尝试 1/3)
2026-08-31 04:06:50,521 - INFO - 使用模型: DeepSeek Chat
2026-08-31 04:06:50,847 - INFO - HTTP Request: POST https://api.deepseek.com/v1/chat/completions "HTTP/1.1 200 OK"
2026-08-31 04:06:51,118 - INFO - 第 474 篇论文被 DeepSeek 判定为不相关，已自动过滤。
2026-08-31 04:06:51,119 - INFO - 第 474 篇论文已过滤，未写入结果集
2026-08-31 04:06:54,120 - INFO - 正在处理第 475/597 篇论文
2026-08-31 04:06:54,120 - INFO - 正在评审/翻译第 475 篇论文 (尝试 1/3)
2026-08-31 04:06:54,120 - INFO - 使用模型: DeepSeek Chat
2026-08-31 04:06:54,448 - INFO - HTTP Request: POST https://api.deepseek.com/v1/chat/completions "HTTP/1.1 200 OK"
2026-08-31 04:06:54,950 - INFO - 第 475 篇论文被 DeepSeek 判定为不相关，已自动过滤。
2026-08-31 04:06:54,951 - INFO - 第 475 篇论文已过滤，未写入结果集
2026-08-31 04:06:57,951 - INFO - 正在处理第 476/597 篇论文
2026-08-31 04:06:57,951 - INFO - 正在评审/翻译第 476 篇论文 (尝试 1/3)
2026-08-31 04:06:57,951 - INFO - 使用模型: DeepSeek Chat
2026-08-31 04:06:58,374 - INFO - HTTP Request: POST https://api.deepseek.com/v1/chat/completions "HTTP/1.1 200 OK"
2026-08-31 04:06:58,743 - INFO - 第 476 篇论文被 DeepSeek 判定为不相关，已自动过滤。
2026-08-31 04:06:58,744 - INFO - 第 476 篇论文已过滤，未写入结果集
2026-08-31 04:07:01,744 - INFO - 正在处理第 477/597 篇论文
2026-08-31 04:07:01,745 - INFO - 正在评审/翻译第 477 篇论文 (尝试 1/3)
2026-08-31 04:07:01,745 - INFO - 使用模型: DeepSeek Chat
2026-08-31 04:07:02,071 - INFO - HTTP Request: POST https://api.deepseek.com/v1/chat/completions "HTTP/1.1 200 OK"
2026-08-31 04:07:02,734 - INFO - 第 477 篇论文被 DeepSeek 判定为不相关，已自动过滤。
2026-08-31 04:07:02,735 - INFO - 第 477 篇论文已过滤，未写入结果集
2026-08-31 04:07:05,736 - INFO - 正在处理第 478/597 篇论文
2026-08-31 04:07:05,736 - INFO - 正在评审/翻译第 478 篇论文 (尝试 1/3)
2026-08-31 04:07:05,736 - INFO - 使用模型: DeepSeek Chat
2026-08-31 04:07:06,080 - INFO - HTTP Request: POST https://api.deepseek.com/v1/chat/completions "HTTP/1.1 200 OK"
2026-08-31 04:07:06,697 - INFO - 第 478 篇论文被 DeepSeek 判定为不相关，已自动过滤。
2026-08-31 04:07:06,698 - INFO - 第 478 篇论文已过滤，未写入结果集
2026-08-31 04:07:09,698 - INFO - 正在处理第 479/597 篇论文
2026-08-31 04:07:09,698 - INFO - 正在评审/翻译第 479 篇论文 (尝试 1/3)
2026-08-31 04:07:09,698 - INFO - 使用模型: DeepSeek Chat
2026-08-31 04:07:10,031 - INFO - HTTP Request: POST https://api.deepseek.com/v1/chat/completions "HTTP/1.1 200 OK"
2026-08-31 04:07:10,407 - INFO - 第 479 篇论文被 DeepSeek 判定为不相关，已自动过滤。
2026-08-31 04:07:10,408 - INFO - 第 479 篇论文已过滤，未写入结果集
2026-08-31 04:07:13,408 - INFO - 正在处理第 480/597 篇论文
2026-08-31 04:07:13,408 - INFO - 正在评审/翻译第 480 篇论文 (尝试 1/3)
2026-08-31 04:07:13,408 - INFO - 使用模型: DeepSeek Chat
2026-08-31 04:07:13,758 - INFO - HTTP Request: POST https://api.deepseek.com/v1/chat/completions "HTTP/1.1 200 OK"
2026-08-31 04:07:14,358 - INFO - 第 480 篇论文被 DeepSeek 判定为不相关，已自动过滤。
2026-08-31 04:07:14,359 - INFO - 第 480 篇论文已过滤，未写入结果集
2026-08-31 04:07:17,359 - INFO - 正在处理第 481/597 篇论文
2026-08-31 04:07:17,359 - INFO - 正在评审/翻译第 481 篇论文 (尝试 1/3)
2026-08-31 04:07:17,359 - INFO - 使用模型: DeepSeek Chat
2026-08-31 04:07:17,710 - INFO - HTTP Request: POST https://api.deepseek.com/v1/chat/completions "HTTP/1.1 200 OK"
2026-08-31 04:07:18,216 - INFO - 第 481 篇论文被 DeepSeek 判定为不相关，已自动过滤。
2026-08-31 04:07:18,217 - INFO - 第 481 篇论文已过滤，未写入结果集
2026-08-31 04:07:21,217 - INFO - 正在处理第 482/597 篇论文
2026-08-31 04:07:21,218 - INFO - 正在评审/翻译第 482 篇论文 (尝试 1/3)
2026-08-31 04:07:21,218 - INFO - 使用模型: DeepSeek Chat
2026-08-31 04:07:21,626 - INFO - HTTP Request: POST https://api.deepseek.com/v1/chat/completions "HTTP/1.1 200 OK"
2026-08-31 04:07:22,039 - INFO - 第 482 篇论文被 DeepSeek 判定为不相关，已自动过滤。
2026-08-31 04:07:22,040 - INFO - 第 482 篇论文已过滤，未写入结果集
2026-08-31 04:07:25,040 - INFO - 正在处理第 483/597 篇论文
2026-08-31 04:07:25,040 - INFO - 正在评审/翻译第 483 篇论文 (尝试 1/3)
2026-08-31 04:07:25,040 - INFO - 使用模型: DeepSeek Chat
2026-08-31 04:07:25,374 - INFO - HTTP Request: POST https://api.deepseek.com/v1/chat/completions "HTTP/1.1 200 OK"
2026-08-31 04:07:26,094 - INFO - 第 483 篇论文被 DeepSeek 判定为不相关，已自动过滤。
2026-08-31 04:07:26,095 - INFO - 第 483 篇论文已过滤，未写入结果集
2026-08-31 04:07:29,096 - INFO - 正在处理第 484/597 篇论文
2026-08-31 04:07:29,096 - INFO - 正在评审/翻译第 484 篇论文 (尝试 1/3)
2026-08-31 04:07:29,096 - INFO - 使用模型: DeepSeek Chat
2026-08-31 04:07:29,442 - INFO - HTTP Request: POST https://api.deepseek.com/v1/chat/completions "HTTP/1.1 200 OK"
2026-08-31 04:07:30,015 - INFO - 第 484 篇论文被 DeepSeek 判定为不相关，已自动过滤。
2026-08-31 04:07:30,016 - INFO - 第 484 篇论文已过滤，未写入结果集
2026-08-31 04:07:33,016 - INFO - 正在处理第 485/597 篇论文
2026-08-31 04:07:33,017 - INFO - 正在评审/翻译第 485 篇论文 (尝试 1/3)
2026-08-31 04:07:33,017 - INFO - 使用模型: DeepSeek Chat
2026-08-31 04:07:33,342 - INFO - HTTP Request: POST https://api.deepseek.com/v1/chat/completions "HTTP/1.1 200 OK"
2026-08-31 04:07:33,632 - INFO - 第 485 篇论文被 DeepSeek 判定为不相关，已自动过滤。
2026-08-31 04:07:33,633 - INFO - 第 485 篇论文已过滤，未写入结果集
2026-08-31 04:07:36,633 - INFO - 正在处理第 486/597 篇论文
2026-08-31 04:07:36,633 - INFO - 正在评审/翻译第 486 篇论文 (尝试 1/3)
2026-08-31 04:07:36,634 - INFO - 使用模型: DeepSeek Chat
2026-08-31 04:07:36,968 - INFO - HTTP Request: POST https://api.deepseek.com/v1/chat/completions "HTTP/1.1 200 OK"
2026-08-31 04:07:40,828 - INFO - 第 486 篇论文处理成功
2026-08-31 04:07:43,828 - INFO - 正在处理第 487/597 篇论文
2026-08-31 04:07:43,828 - INFO - 正在评审/翻译第 487 篇论文 (尝试 1/3)
2026-08-31 04:07:43,828 - INFO - 使用模型: DeepSeek Chat
2026-08-31 04:07:44,155 - INFO - HTTP Request: POST https://api.deepseek.com/v1/chat/completions "HTTP/1.1 200 OK"
2026-08-31 04:07:44,646 - INFO - 第 487 篇论文被 DeepSeek 判定为不相关，已自动过滤。
2026-08-31 04:07:44,647 - INFO - 第 487 篇论文已过滤，未写入结果集
2026-08-31 04:07:47,647 - INFO - 正在处理第 488/597 篇论文
2026-08-31 04:07:47,647 - INFO - 正在评审/翻译第 488 篇论文 (尝试 1/3)
2026-08-31 04:07:47,647 - INFO - 使用模型: DeepSeek Chat
2026-08-31 04:07:47,970 - INFO - HTTP Request: POST https://api.deepseek.com/v1/chat/completions "HTTP/1.1 200 OK"
2026-08-31 04:07:48,396 - INFO - 第 488 篇论文被 DeepSeek 判定为不相关，已自动过滤。
2026-08-31 04:07:48,397 - INFO - 第 488 篇论文已过滤，未写入结果集
2026-08-31 04:07:51,397 - INFO - 正在处理第 489/597 篇论文
2026-08-31 04:07:51,397 - INFO - 正在评审/翻译第 489 篇论文 (尝试 1/3)
2026-08-31 04:07:51,397 - INFO - 使用模型: DeepSeek Chat
2026-08-31 04:07:51,732 - INFO - HTTP Request: POST https://api.deepseek.com/v1/chat/completions "HTTP/1.1 200 OK"
2026-08-31 04:07:52,128 - INFO - 第 489 篇论文被 DeepSeek 判定为不相关，已自动过滤。
2026-08-31 04:07:52,129 - INFO - 第 489 篇论文已过滤，未写入结果集
2026-08-31 04:07:55,129 - INFO - 正在处理第 490/597 篇论文
2026-08-31 04:07:55,129 - INFO - 正在评审/翻译第 490 篇论文 (尝试 1/3)
2026-08-31 04:07:55,129 - INFO - 使用模型: DeepSeek Chat
2026-08-31 04:07:55,464 - INFO - HTTP Request: POST https://api.deepseek.com/v1/chat/completions "HTTP/1.1 200 OK"
2026-08-31 04:07:55,869 - INFO - 第 490 篇论文被 DeepSeek 判定为不相关，已自动过滤。
2026-08-31 04:07:55,870 - INFO - 第 490 篇论文已过滤，未写入结果集
2026-08-31 04:07:58,870 - INFO - 正在处理第 491/597 篇论文
2026-08-31 04:07:58,870 - INFO - 正在评审/翻译第 491 篇论文 (尝试 1/3)
2026-08-31 04:07:58,871 - INFO - 使用模型: DeepSeek Chat
2026-08-31 04:07:59,201 - INFO - HTTP Request: POST https://api.deepseek.com/v1/chat/completions "HTTP/1.1 200 OK"
2026-08-31 04:08:02,498 - INFO - 第 491 篇论文处理成功
2026-08-31 04:08:05,499 - INFO - 正在处理第 492/597 篇论文
2026-08-31 04:08:05,499 - INFO - 正在评审/翻译第 492 篇论文 (尝试 1/3)
2026-08-31 04:08:05,499 - INFO - 使用模型: DeepSeek Chat
2026-08-31 04:08:05,842 - INFO - HTTP Request: POST https://api.deepseek.com/v1/chat/completions "HTTP/1.1 200 OK"
2026-08-31 04:08:06,367 - INFO - 第 492 篇论文被 DeepSeek 判定为不相关，已自动过滤。
2026-08-31 04:08:06,368 - INFO - 第 492 篇论文已过滤，未写入结果集
2026-08-31 04:08:09,368 - INFO - 正在处理第 493/597 篇论文
2026-08-31 04:08:09,368 - INFO - 正在评审/翻译第 493 篇论文 (尝试 1/3)
2026-08-31 04:08:09,368 - INFO - 使用模型: DeepSeek Chat
2026-08-31 04:08:09,696 - INFO - HTTP Request: POST https://api.deepseek.com/v1/chat/completions "HTTP/1.1 200 OK"
2026-08-31 04:08:10,141 - INFO - 第 493 篇论文被 DeepSeek 判定为不相关，已自动过滤。
2026-08-31 04:08:10,142 - INFO - 第 493 篇论文已过滤，未写入结果集
2026-08-31 04:08:13,143 - INFO - 正在处理第 494/597 篇论文
2026-08-31 04:08:13,143 - INFO - 正在评审/翻译第 494 篇论文 (尝试 1/3)
2026-08-31 04:08:13,143 - INFO - 使用模型: DeepSeek Chat
2026-08-31 04:08:13,490 - INFO - HTTP Request: POST https://api.deepseek.com/v1/chat/completions "HTTP/1.1 200 OK"
2026-08-31 04:08:13,907 - INFO - 第 494 篇论文被 DeepSeek 判定为不相关，已自动过滤。
2026-08-31 04:08:13,908 - INFO - 第 494 篇论文已过滤，未写入结果集
2026-08-31 04:08:16,908 - INFO - 正在处理第 495/597 篇论文
2026-08-31 04:08:16,908 - INFO - 正在评审/翻译第 495 篇论文 (尝试 1/3)
2026-08-31 04:08:16,908 - INFO - 使用模型: DeepSeek Chat
2026-08-31 04:08:17,237 - INFO - HTTP Request: POST https://api.deepseek.com/v1/chat/completions "HTTP/1.1 200 OK"
2026-08-31 04:08:20,033 - INFO - 第 495 篇论文处理成功
2026-08-31 04:08:23,034 - INFO - 正在处理第 496/597 篇论文
2026-08-31 04:08:23,034 - INFO - 正在评审/翻译第 496 篇论文 (尝试 1/3)
2026-08-31 04:08:23,034 - INFO - 使用模型: DeepSeek Chat
2026-08-31 04:08:23,365 - INFO - HTTP Request: POST https://api.deepseek.com/v1/chat/completions "HTTP/1.1 200 OK"
2026-08-31 04:08:23,784 - INFO - 第 496 篇论文被 DeepSeek 判定为不相关，已自动过滤。
2026-08-31 04:08:23,785 - INFO - 第 496 篇论文已过滤，未写入结果集
2026-08-31 04:08:26,785 - INFO - 正在处理第 497/597 篇论文
2026-08-31 04:08:26,785 - INFO - 正在评审/翻译第 497 篇论文 (尝试 1/3)
2026-08-31 04:08:26,785 - INFO - 使用模型: DeepSeek Chat
2026-08-31 04:08:27,129 - INFO - HTTP Request: POST https://api.deepseek.com/v1/chat/completions "HTTP/1.1 200 OK"
2026-08-31 04:08:27,452 - INFO - 第 497 篇论文被 DeepSeek 判定为不相关，已自动过滤。
2026-08-31 04:08:27,453 - INFO - 第 497 篇论文已过滤，未写入结果集
2026-08-31 04:08:30,454 - INFO - 正在处理第 498/597 篇论文
2026-08-31 04:08:30,454 - INFO - 正在评审/翻译第 498 篇论文 (尝试 1/3)
2026-08-31 04:08:30,454 - INFO - 使用模型: DeepSeek Chat
2026-08-31 04:08:30,783 - INFO - HTTP Request: POST https://api.deepseek.com/v1/chat/completions "HTTP/1.1 200 OK"
2026-08-31 04:08:31,286 - INFO - 第 498 篇论文被 DeepSeek 判定为不相关，已自动过滤。
2026-08-31 04:08:31,287 - INFO - 第 498 篇论文已过滤，未写入结果集
2026-08-31 04:08:34,287 - INFO - 正在处理第 499/597 篇论文
2026-08-31 04:08:34,287 - INFO - 正在评审/翻译第 499 篇论文 (尝试 1/3)
2026-08-31 04:08:34,287 - INFO - 使用模型: DeepSeek Chat
2026-08-31 04:08:34,626 - INFO - HTTP Request: POST https://api.deepseek.com/v1/chat/completions "HTTP/1.1 200 OK"
2026-08-31 04:08:34,892 - INFO - 第 499 篇论文被 DeepSeek 判定为不相关，已自动过滤。
2026-08-31 04:08:34,893 - INFO - 第 499 篇论文已过滤，未写入结果集
2026-08-31 04:08:37,893 - INFO - 正在处理第 500/597 篇论文
2026-08-31 04:08:37,893 - INFO - 正在评审/翻译第 500 篇论文 (尝试 1/3)
2026-08-31 04:08:37,893 - INFO - 使用模型: DeepSeek Chat
2026-08-31 04:08:38,237 - INFO - HTTP Request: POST https://api.deepseek.com/v1/chat/completions "HTTP/1.1 200 OK"
2026-08-31 04:08:38,868 - INFO - 第 500 篇论文被 DeepSeek 判定为不相关，已自动过滤。
2026-08-31 04:08:38,869 - INFO - 第 500 篇论文已过滤，未写入结果集
2026-08-31 04:08:41,870 - INFO - 正在处理第 501/597 篇论文
2026-08-31 04:08:41,870 - INFO - 正在评审/翻译第 501 篇论文 (尝试 1/3)
2026-08-31 04:08:41,870 - INFO - 使用模型: DeepSeek Chat
2026-08-31 04:08:42,202 - INFO - HTTP Request: POST https://api.deepseek.com/v1/chat/completions "HTTP/1.1 200 OK"
2026-08-31 04:08:42,770 - INFO - 第 501 篇论文被 DeepSeek 判定为不相关，已自动过滤。
2026-08-31 04:08:42,771 - INFO - 第 501 篇论文已过滤，未写入结果集
2026-08-31 04:08:45,771 - INFO - 正在处理第 502/597 篇论文
2026-08-31 04:08:45,772 - INFO - 正在评审/翻译第 502 篇论文 (尝试 1/3)
2026-08-31 04:08:45,772 - INFO - 使用模型: DeepSeek Chat
2026-08-31 04:08:46,097 - INFO - HTTP Request: POST https://api.deepseek.com/v1/chat/completions "HTTP/1.1 200 OK"
2026-08-31 04:08:46,376 - INFO - 第 502 篇论文被 DeepSeek 判定为不相关，已自动过滤。
2026-08-31 04:08:46,377 - INFO - 第 502 篇论文已过滤，未写入结果集
2026-08-31 04:08:49,377 - INFO - 正在处理第 503/597 篇论文
2026-08-31 04:08:49,378 - INFO - 正在评审/翻译第 503 篇论文 (尝试 1/3)
2026-08-31 04:08:49,378 - INFO - 使用模型: DeepSeek Chat
2026-08-31 04:08:49,717 - INFO - HTTP Request: POST https://api.deepseek.com/v1/chat/completions "HTTP/1.1 200 OK"
2026-08-31 04:08:49,967 - INFO - 第 503 篇论文被 DeepSeek 判定为不相关，已自动过滤。
2026-08-31 04:08:49,968 - INFO - 第 503 篇论文已过滤，未写入结果集
2026-08-31 04:08:52,968 - INFO - 正在处理第 504/597 篇论文
2026-08-31 04:08:52,969 - INFO - 正在评审/翻译第 504 篇论文 (尝试 1/3)
2026-08-31 04:08:52,969 - INFO - 使用模型: DeepSeek Chat
2026-08-31 04:08:53,307 - INFO - HTTP Request: POST https://api.deepseek.com/v1/chat/completions "HTTP/1.1 200 OK"
2026-08-31 04:08:53,745 - INFO - 第 504 篇论文被 DeepSeek 判定为不相关，已自动过滤。
2026-08-31 04:08:53,746 - INFO - 第 504 篇论文已过滤，未写入结果集
2026-08-31 04:08:56,747 - INFO - 正在处理第 505/597 篇论文
2026-08-31 04:08:56,747 - INFO - 正在评审/翻译第 505 篇论文 (尝试 1/3)
2026-08-31 04:08:56,747 - INFO - 使用模型: DeepSeek Chat
2026-08-31 04:08:57,071 - INFO - HTTP Request: POST https://api.deepseek.com/v1/chat/completions "HTTP/1.1 200 OK"
2026-08-31 04:08:57,318 - INFO - 第 505 篇论文被 DeepSeek 判定为不相关，已自动过滤。
2026-08-31 04:08:57,319 - INFO - 第 505 篇论文已过滤，未写入结果集
2026-08-31 04:09:00,319 - INFO - 正在处理第 506/597 篇论文
2026-08-31 04:09:00,319 - INFO - 正在评审/翻译第 506 篇论文 (尝试 1/3)
2026-08-31 04:09:00,319 - INFO - 使用模型: DeepSeek Chat
2026-08-31 04:09:00,650 - INFO - HTTP Request: POST https://api.deepseek.com/v1/chat/completions "HTTP/1.1 200 OK"
2026-08-31 04:09:00,875 - INFO - 第 506 篇论文被 DeepSeek 判定为不相关，已自动过滤。
2026-08-31 04:09:00,876 - INFO - 第 506 篇论文已过滤，未写入结果集
2026-08-31 04:09:03,876 - INFO - 正在处理第 507/597 篇论文
2026-08-31 04:09:03,876 - INFO - 正在评审/翻译第 507 篇论文 (尝试 1/3)
2026-08-31 04:09:03,876 - INFO - 使用模型: DeepSeek Chat
2026-08-31 04:09:04,211 - INFO - HTTP Request: POST https://api.deepseek.com/v1/chat/completions "HTTP/1.1 200 OK"
2026-08-31 04:09:04,462 - INFO - 第 507 篇论文被 DeepSeek 判定为不相关，已自动过滤。
2026-08-31 04:09:04,463 - INFO - 第 507 篇论文已过滤，未写入结果集
2026-08-31 04:09:07,463 - INFO - 正在处理第 508/597 篇论文
2026-08-31 04:09:07,463 - INFO - 正在评审/翻译第 508 篇论文 (尝试 1/3)
2026-08-31 04:09:07,463 - INFO - 使用模型: DeepSeek Chat
2026-08-31 04:09:07,806 - INFO - HTTP Request: POST https://api.deepseek.com/v1/chat/completions "HTTP/1.1 200 OK"
2026-08-31 04:09:08,137 - INFO - 第 508 篇论文被 DeepSeek 判定为不相关，已自动过滤。
2026-08-31 04:09:08,138 - INFO - 第 508 篇论文已过滤，未写入结果集
2026-08-31 04:09:11,138 - INFO - 正在处理第 509/597 篇论文
2026-08-31 04:09:11,138 - INFO - 正在评审/翻译第 509 篇论文 (尝试 1/3)
2026-08-31 04:09:11,138 - INFO - 使用模型: DeepSeek Chat
2026-08-31 04:09:11,478 - INFO - HTTP Request: POST https://api.deepseek.com/v1/chat/completions "HTTP/1.1 200 OK"
2026-08-31 04:09:11,751 - INFO - 第 509 篇论文被 DeepSeek 判定为不相关，已自动过滤。
2026-08-31 04:09:11,752 - INFO - 第 509 篇论文已过滤，未写入结果集
2026-08-31 04:09:14,752 - INFO - 正在处理第 510/597 篇论文
2026-08-31 04:09:14,752 - INFO - 正在评审/翻译第 510 篇论文 (尝试 1/3)
2026-08-31 04:09:14,752 - INFO - 使用模型: DeepSeek Chat
2026-08-31 04:09:15,083 - INFO - HTTP Request: POST https://api.deepseek.com/v1/chat/completions "HTTP/1.1 200 OK"
2026-08-31 04:09:15,726 - INFO - 第 510 篇论文被 DeepSeek 判定为不相关，已自动过滤。
2026-08-31 04:09:15,727 - INFO - 第 510 篇论文已过滤，未写入结果集
2026-08-31 04:09:18,727 - INFO - 正在处理第 511/597 篇论文
2026-08-31 04:09:18,727 - INFO - 正在评审/翻译第 511 篇论文 (尝试 1/3)
2026-08-31 04:09:18,727 - INFO - 使用模型: DeepSeek Chat
2026-08-31 04:09:19,056 - INFO - HTTP Request: POST https://api.deepseek.com/v1/chat/completions "HTTP/1.1 200 OK"
2026-08-31 04:09:19,334 - INFO - 第 511 篇论文被 DeepSeek 判定为不相关，已自动过滤。
2026-08-31 04:09:19,335 - INFO - 第 511 篇论文已过滤，未写入结果集
2026-08-31 04:09:22,335 - INFO - 正在处理第 512/597 篇论文
2026-08-31 04:09:22,335 - INFO - 正在评审/翻译第 512 篇论文 (尝试 1/3)
2026-08-31 04:09:22,335 - INFO - 使用模型: DeepSeek Chat
2026-08-31 04:09:22,666 - INFO - HTTP Request: POST https://api.deepseek.com/v1/chat/completions "HTTP/1.1 200 OK"
2026-08-31 04:09:23,165 - INFO - 第 512 篇论文被 DeepSeek 判定为不相关，已自动过滤。
2026-08-31 04:09:23,166 - INFO - 第 512 篇论文已过滤，未写入结果集
2026-08-31 04:09:26,166 - INFO - 正在处理第 513/597 篇论文
2026-08-31 04:09:26,167 - INFO - 正在评审/翻译第 513 篇论文 (尝试 1/3)
2026-08-31 04:09:26,167 - INFO - 使用模型: DeepSeek Chat
2026-08-31 04:09:26,481 - INFO - HTTP Request: POST https://api.deepseek.com/v1/chat/completions "HTTP/1.1 200 OK"
2026-08-31 04:09:26,769 - INFO - 第 513 篇论文被 DeepSeek 判定为不相关，已自动过滤。
2026-08-31 04:09:26,770 - INFO - 第 513 篇论文已过滤，未写入结果集
2026-08-31 04:09:29,771 - INFO - 正在处理第 514/597 篇论文
2026-08-31 04:09:29,771 - INFO - 正在评审/翻译第 514 篇论文 (尝试 1/3)
2026-08-31 04:09:29,771 - INFO - 使用模型: DeepSeek Chat
2026-08-31 04:09:30,098 - INFO - HTTP Request: POST https://api.deepseek.com/v1/chat/completions "HTTP/1.1 200 OK"
2026-08-31 04:09:32,679 - INFO - 第 514 篇论文处理成功
2026-08-31 04:09:35,680 - INFO - 正在处理第 515/597 篇论文
2026-08-31 04:09:35,680 - INFO - 正在评审/翻译第 515 篇论文 (尝试 1/3)
2026-08-31 04:09:35,680 - INFO - 使用模型: DeepSeek Chat
2026-08-31 04:09:36,017 - INFO - HTTP Request: POST https://api.deepseek.com/v1/chat/completions "HTTP/1.1 200 OK"
2026-08-31 04:09:39,245 - INFO - 第 515 篇论文处理成功
2026-08-31 04:09:42,245 - INFO - 正在处理第 516/597 篇论文
2026-08-31 04:09:42,245 - INFO - 正在评审/翻译第 516 篇论文 (尝试 1/3)
2026-08-31 04:09:42,245 - INFO - 使用模型: DeepSeek Chat
2026-08-31 04:09:42,579 - INFO - HTTP Request: POST https://api.deepseek.com/v1/chat/completions "HTTP/1.1 200 OK"
2026-08-31 04:09:43,229 - INFO - 第 516 篇论文被 DeepSeek 判定为不相关，已自动过滤。
2026-08-31 04:09:43,230 - INFO - 第 516 篇论文已过滤，未写入结果集
2026-08-31 04:09:46,230 - INFO - 正在处理第 517/597 篇论文
2026-08-31 04:09:46,230 - INFO - 正在评审/翻译第 517 篇论文 (尝试 1/3)
2026-08-31 04:09:46,230 - INFO - 使用模型: DeepSeek Chat
2026-08-31 04:09:46,566 - INFO - HTTP Request: POST https://api.deepseek.com/v1/chat/completions "HTTP/1.1 200 OK"
2026-08-31 04:09:47,178 - INFO - 第 517 篇论文被 DeepSeek 判定为不相关，已自动过滤。
2026-08-31 04:09:47,179 - INFO - 第 517 篇论文已过滤，未写入结果集
2026-08-31 04:09:50,180 - INFO - 正在处理第 518/597 篇论文
2026-08-31 04:09:50,180 - INFO - 正在评审/翻译第 518 篇论文 (尝试 1/3)
2026-08-31 04:09:50,180 - INFO - 使用模型: DeepSeek Chat
2026-08-31 04:09:50,512 - INFO - HTTP Request: POST https://api.deepseek.com/v1/chat/completions "HTTP/1.1 200 OK"
2026-08-31 04:09:54,270 - INFO - 第 518 篇论文处理成功
2026-08-31 04:09:57,270 - INFO - 正在处理第 519/597 篇论文
2026-08-31 04:09:57,270 - INFO - 正在评审/翻译第 519 篇论文 (尝试 1/3)
2026-08-31 04:09:57,271 - INFO - 使用模型: DeepSeek Chat
2026-08-31 04:09:57,659 - INFO - HTTP Request: POST https://api.deepseek.com/v1/chat/completions "HTTP/1.1 200 OK"
2026-08-31 04:09:58,021 - INFO - 第 519 篇论文被 DeepSeek 判定为不相关，已自动过滤。
2026-08-31 04:09:58,022 - INFO - 第 519 篇论文已过滤，未写入结果集
2026-08-31 04:10:01,022 - INFO - 正在处理第 520/597 篇论文
2026-08-31 04:10:01,022 - INFO - 正在评审/翻译第 520 篇论文 (尝试 1/3)
2026-08-31 04:10:01,022 - INFO - 使用模型: DeepSeek Chat
2026-08-31 04:10:01,398 - INFO - HTTP Request: POST https://api.deepseek.com/v1/chat/completions "HTTP/1.1 200 OK"
2026-08-31 04:10:01,762 - INFO - 第 520 篇论文被 DeepSeek 判定为不相关，已自动过滤。
2026-08-31 04:10:01,763 - INFO - 第 520 篇论文已过滤，未写入结果集
2026-08-31 04:10:04,763 - INFO - 正在处理第 521/597 篇论文
2026-08-31 04:10:04,764 - INFO - 正在评审/翻译第 521 篇论文 (尝试 1/3)
2026-08-31 04:10:04,764 - INFO - 使用模型: DeepSeek Chat
2026-08-31 04:10:05,094 - INFO - HTTP Request: POST https://api.deepseek.com/v1/chat/completions "HTTP/1.1 200 OK"
2026-08-31 04:10:05,667 - INFO - 第 521 篇论文被 DeepSeek 判定为不相关，已自动过滤。
2026-08-31 04:10:05,668 - INFO - 第 521 篇论文已过滤，未写入结果集
2026-08-31 04:10:08,668 - INFO - 正在处理第 522/597 篇论文
2026-08-31 04:10:08,668 - INFO - 正在评审/翻译第 522 篇论文 (尝试 1/3)
2026-08-31 04:10:08,669 - INFO - 使用模型: DeepSeek Chat
2026-08-31 04:10:08,988 - INFO - HTTP Request: POST https://api.deepseek.com/v1/chat/completions "HTTP/1.1 200 OK"
2026-08-31 04:10:09,234 - INFO - 第 522 篇论文被 DeepSeek 判定为不相关，已自动过滤。
2026-08-31 04:10:09,234 - INFO - 第 522 篇论文已过滤，未写入结果集
2026-08-31 04:10:12,235 - INFO - 正在处理第 523/597 篇论文
2026-08-31 04:10:12,235 - INFO - 正在评审/翻译第 523 篇论文 (尝试 1/3)
2026-08-31 04:10:12,235 - INFO - 使用模型: DeepSeek Chat
2026-08-31 04:10:12,566 - INFO - HTTP Request: POST https://api.deepseek.com/v1/chat/completions "HTTP/1.1 200 OK"
2026-08-31 04:10:12,914 - INFO - 第 523 篇论文被 DeepSeek 判定为不相关，已自动过滤。
2026-08-31 04:10:12,915 - INFO - 第 523 篇论文已过滤，未写入结果集
2026-08-31 04:10:15,915 - INFO - 正在处理第 524/597 篇论文
2026-08-31 04:10:15,915 - INFO - 正在评审/翻译第 524 篇论文 (尝试 1/3)
2026-08-31 04:10:15,915 - INFO - 使用模型: DeepSeek Chat
2026-08-31 04:10:16,238 - INFO - HTTP Request: POST https://api.deepseek.com/v1/chat/completions "HTTP/1.1 200 OK"
2026-08-31 04:10:16,653 - INFO - 第 524 篇论文被 DeepSeek 判定为不相关，已自动过滤。
2026-08-31 04:10:16,654 - INFO - 第 524 篇论文已过滤，未写入结果集
2026-08-31 04:10:19,655 - INFO - 正在处理第 525/597 篇论文
2026-08-31 04:10:19,655 - INFO - 正在评审/翻译第 525 篇论文 (尝试 1/3)
2026-08-31 04:10:19,655 - INFO - 使用模型: DeepSeek Chat
2026-08-31 04:10:19,990 - INFO - HTTP Request: POST https://api.deepseek.com/v1/chat/completions "HTTP/1.1 200 OK"
2026-08-31 04:10:20,414 - INFO - 第 525 篇论文被 DeepSeek 判定为不相关，已自动过滤。
2026-08-31 04:10:20,415 - INFO - 第 525 篇论文已过滤，未写入结果集
2026-08-31 04:10:23,415 - INFO - 正在处理第 526/597 篇论文
2026-08-31 04:10:23,415 - INFO - 正在评审/翻译第 526 篇论文 (尝试 1/3)
2026-08-31 04:10:23,416 - INFO - 使用模型: DeepSeek Chat
2026-08-31 04:10:23,895 - INFO - HTTP Request: POST https://api.deepseek.com/v1/chat/completions "HTTP/1.1 200 OK"
2026-08-31 04:10:24,709 - INFO - 第 526 篇论文被 DeepSeek 判定为不相关，已自动过滤。
2026-08-31 04:10:24,710 - INFO - 第 526 篇论文已过滤，未写入结果集
2026-08-31 04:10:27,710 - INFO - 正在处理第 527/597 篇论文
2026-08-31 04:10:27,710 - INFO - 正在评审/翻译第 527 篇论文 (尝试 1/3)
2026-08-31 04:10:27,710 - INFO - 使用模型: DeepSeek Chat
2026-08-31 04:10:28,048 - INFO - HTTP Request: POST https://api.deepseek.com/v1/chat/completions "HTTP/1.1 200 OK"
2026-08-31 04:10:28,369 - INFO - 第 527 篇论文被 DeepSeek 判定为不相关，已自动过滤。
2026-08-31 04:10:28,370 - INFO - 第 527 篇论文已过滤，未写入结果集
2026-08-31 04:10:31,370 - INFO - 正在处理第 528/597 篇论文
2026-08-31 04:10:31,370 - INFO - 正在评审/翻译第 528 篇论文 (尝试 1/3)
2026-08-31 04:10:31,370 - INFO - 使用模型: DeepSeek Chat
2026-08-31 04:10:31,715 - INFO - HTTP Request: POST https://api.deepseek.com/v1/chat/completions "HTTP/1.1 200 OK"
2026-08-31 04:10:32,187 - INFO - 第 528 篇论文被 DeepSeek 判定为不相关，已自动过滤。
2026-08-31 04:10:32,188 - INFO - 第 528 篇论文已过滤，未写入结果集
2026-08-31 04:10:35,188 - INFO - 正在处理第 529/597 篇论文
2026-08-31 04:10:35,188 - INFO - 正在评审/翻译第 529 篇论文 (尝试 1/3)
2026-08-31 04:10:35,188 - INFO - 使用模型: DeepSeek Chat
2026-08-31 04:10:35,522 - INFO - HTTP Request: POST https://api.deepseek.com/v1/chat/completions "HTTP/1.1 200 OK"
2026-08-31 04:10:35,822 - INFO - 第 529 篇论文被 DeepSeek 判定为不相关，已自动过滤。
2026-08-31 04:10:35,823 - INFO - 第 529 篇论文已过滤，未写入结果集
2026-08-31 04:10:38,823 - INFO - 正在处理第 530/597 篇论文
2026-08-31 04:10:38,823 - INFO - 正在评审/翻译第 530 篇论文 (尝试 1/3)
2026-08-31 04:10:38,823 - INFO - 使用模型: DeepSeek Chat
2026-08-31 04:10:39,252 - INFO - HTTP Request: POST https://api.deepseek.com/v1/chat/completions "HTTP/1.1 200 OK"
2026-08-31 04:10:39,598 - INFO - 第 530 篇论文被 DeepSeek 判定为不相关，已自动过滤。
2026-08-31 04:10:39,599 - INFO - 第 530 篇论文已过滤，未写入结果集
2026-08-31 04:10:42,599 - INFO - 正在处理第 531/597 篇论文
2026-08-31 04:10:42,599 - INFO - 正在评审/翻译第 531 篇论文 (尝试 1/3)
2026-08-31 04:10:42,599 - INFO - 使用模型: DeepSeek Chat
2026-08-31 04:10:42,930 - INFO - HTTP Request: POST https://api.deepseek.com/v1/chat/completions "HTTP/1.1 200 OK"
2026-08-31 04:10:43,291 - INFO - 第 531 篇论文被 DeepSeek 判定为不相关，已自动过滤。
2026-08-31 04:10:43,292 - INFO - 第 531 篇论文已过滤，未写入结果集
2026-08-31 04:10:46,292 - INFO - 正在处理第 532/597 篇论文
2026-08-31 04:10:46,292 - INFO - 正在评审/翻译第 532 篇论文 (尝试 1/3)
2026-08-31 04:10:46,292 - INFO - 使用模型: DeepSeek Chat
2026-08-31 04:10:46,619 - INFO - HTTP Request: POST https://api.deepseek.com/v1/chat/completions "HTTP/1.1 200 OK"
2026-08-31 04:10:46,825 - INFO - 第 532 篇论文被 DeepSeek 判定为不相关，已自动过滤。
2026-08-31 04:10:46,826 - INFO - 第 532 篇论文已过滤，未写入结果集
2026-08-31 04:10:49,826 - INFO - 正在处理第 533/597 篇论文
2026-08-31 04:10:49,827 - INFO - 正在评审/翻译第 533 篇论文 (尝试 1/3)
2026-08-31 04:10:49,827 - INFO - 使用模型: DeepSeek Chat
2026-08-31 04:10:50,166 - INFO - HTTP Request: POST https://api.deepseek.com/v1/chat/completions "HTTP/1.1 200 OK"
2026-08-31 04:10:50,523 - INFO - 第 533 篇论文被 DeepSeek 判定为不相关，已自动过滤。
2026-08-31 04:10:50,524 - INFO - 第 533 篇论文已过滤，未写入结果集
2026-08-31 04:10:53,524 - INFO - 正在处理第 534/597 篇论文
2026-08-31 04:10:53,524 - INFO - 正在评审/翻译第 534 篇论文 (尝试 1/3)
2026-08-31 04:10:53,525 - INFO - 使用模型: DeepSeek Chat
2026-08-31 04:10:53,872 - INFO - HTTP Request: POST https://api.deepseek.com/v1/chat/completions "HTTP/1.1 200 OK"
2026-08-31 04:10:54,408 - INFO - 第 534 篇论文被 DeepSeek 判定为不相关，已自动过滤。
2026-08-31 04:10:54,409 - INFO - 第 534 篇论文已过滤，未写入结果集
2026-08-31 04:10:57,409 - INFO - 正在处理第 535/597 篇论文
2026-08-31 04:10:57,409 - INFO - 正在评审/翻译第 535 篇论文 (尝试 1/3)
2026-08-31 04:10:57,409 - INFO - 使用模型: DeepSeek Chat
2026-08-31 04:10:57,738 - INFO - HTTP Request: POST https://api.deepseek.com/v1/chat/completions "HTTP/1.1 200 OK"
2026-08-31 04:10:58,126 - INFO - 第 535 篇论文被 DeepSeek 判定为不相关，已自动过滤。
2026-08-31 04:10:58,127 - INFO - 第 535 篇论文已过滤，未写入结果集
2026-08-31 04:11:01,127 - INFO - 正在处理第 536/597 篇论文
2026-08-31 04:11:01,127 - INFO - 正在评审/翻译第 536 篇论文 (尝试 1/3)
2026-08-31 04:11:01,128 - INFO - 使用模型: DeepSeek Chat
2026-08-31 04:11:01,450 - INFO - HTTP Request: POST https://api.deepseek.com/v1/chat/completions "HTTP/1.1 200 OK"
2026-08-31 04:11:02,032 - INFO - 第 536 篇论文被 DeepSeek 判定为不相关，已自动过滤。
2026-08-31 04:11:02,033 - INFO - 第 536 篇论文已过滤，未写入结果集
2026-08-31 04:11:05,034 - INFO - 正在处理第 537/597 篇论文
2026-08-31 04:11:05,034 - INFO - 正在评审/翻译第 537 篇论文 (尝试 1/3)
2026-08-31 04:11:05,034 - INFO - 使用模型: DeepSeek Chat
2026-08-31 04:11:05,362 - INFO - HTTP Request: POST https://api.deepseek.com/v1/chat/completions "HTTP/1.1 200 OK"
2026-08-31 04:11:05,638 - INFO - 第 537 篇论文被 DeepSeek 判定为不相关，已自动过滤。
2026-08-31 04:11:05,639 - INFO - 第 537 篇论文已过滤，未写入结果集
2026-08-31 04:11:08,639 - INFO - 正在处理第 538/597 篇论文
2026-08-31 04:11:08,640 - INFO - 正在评审/翻译第 538 篇论文 (尝试 1/3)
2026-08-31 04:11:08,640 - INFO - 使用模型: DeepSeek Chat
2026-08-31 04:11:08,960 - INFO - HTTP Request: POST https://api.deepseek.com/v1/chat/completions "HTTP/1.1 200 OK"
2026-08-31 04:11:09,423 - INFO - 第 538 篇论文被 DeepSeek 判定为不相关，已自动过滤。
2026-08-31 04:11:09,424 - INFO - 第 538 篇论文已过滤，未写入结果集
2026-08-31 04:11:12,424 - INFO - 正在处理第 539/597 篇论文
2026-08-31 04:11:12,425 - INFO - 正在评审/翻译第 539 篇论文 (尝试 1/3)
2026-08-31 04:11:12,425 - INFO - 使用模型: DeepSeek Chat
2026-08-31 04:11:12,762 - INFO - HTTP Request: POST https://api.deepseek.com/v1/chat/completions "HTTP/1.1 200 OK"
2026-08-31 04:11:13,420 - INFO - 第 539 篇论文被 DeepSeek 判定为不相关，已自动过滤。
2026-08-31 04:11:13,421 - INFO - 第 539 篇论文已过滤，未写入结果集
2026-08-31 04:11:16,421 - INFO - 正在处理第 540/597 篇论文
2026-08-31 04:11:16,422 - INFO - 正在评审/翻译第 540 篇论文 (尝试 1/3)
2026-08-31 04:11:16,422 - INFO - 使用模型: DeepSeek Chat
2026-08-31 04:11:16,759 - INFO - HTTP Request: POST https://api.deepseek.com/v1/chat/completions "HTTP/1.1 200 OK"
2026-08-31 04:11:17,003 - INFO - 第 540 篇论文被 DeepSeek 判定为不相关，已自动过滤。
2026-08-31 04:11:17,004 - INFO - 第 540 篇论文已过滤，未写入结果集
2026-08-31 04:11:20,004 - INFO - 正在处理第 541/597 篇论文
2026-08-31 04:11:20,004 - INFO - 正在评审/翻译第 541 篇论文 (尝试 1/3)
2026-08-31 04:11:20,005 - INFO - 使用模型: DeepSeek Chat
2026-08-31 04:11:20,354 - INFO - HTTP Request: POST https://api.deepseek.com/v1/chat/completions "HTTP/1.1 200 OK"
2026-08-31 04:11:20,767 - INFO - 第 541 篇论文被 DeepSeek 判定为不相关，已自动过滤。
2026-08-31 04:11:20,768 - INFO - 第 541 篇论文已过滤，未写入结果集
2026-08-31 04:11:23,768 - INFO - 正在处理第 542/597 篇论文
2026-08-31 04:11:23,768 - INFO - 正在评审/翻译第 542 篇论文 (尝试 1/3)
2026-08-31 04:11:23,768 - INFO - 使用模型: DeepSeek Chat
2026-08-31 04:11:24,117 - INFO - HTTP Request: POST https://api.deepseek.com/v1/chat/completions "HTTP/1.1 200 OK"
2026-08-31 04:11:27,960 - INFO - 第 542 篇论文处理成功
2026-08-31 04:11:30,960 - INFO - 正在处理第 543/597 篇论文
2026-08-31 04:11:30,960 - INFO - 正在评审/翻译第 543 篇论文 (尝试 1/3)
2026-08-31 04:11:30,961 - INFO - 使用模型: DeepSeek Chat
2026-08-31 04:11:31,284 - INFO - HTTP Request: POST https://api.deepseek.com/v1/chat/completions "HTTP/1.1 200 OK"
2026-08-31 04:11:31,726 - INFO - 第 543 篇论文被 DeepSeek 判定为不相关，已自动过滤。
2026-08-31 04:11:31,727 - INFO - 第 543 篇论文已过滤，未写入结果集
2026-08-31 04:11:34,727 - INFO - 正在处理第 544/597 篇论文
2026-08-31 04:11:34,727 - INFO - 正在评审/翻译第 544 篇论文 (尝试 1/3)
2026-08-31 04:11:34,727 - INFO - 使用模型: DeepSeek Chat
2026-08-31 04:11:35,065 - INFO - HTTP Request: POST https://api.deepseek.com/v1/chat/completions "HTTP/1.1 200 OK"
2026-08-31 04:11:35,318 - INFO - 第 544 篇论文被 DeepSeek 判定为不相关，已自动过滤。
2026-08-31 04:11:35,319 - INFO - 第 544 篇论文已过滤，未写入结果集
2026-08-31 04:11:38,319 - INFO - 正在处理第 545/597 篇论文
2026-08-31 04:11:38,319 - INFO - 正在评审/翻译第 545 篇论文 (尝试 1/3)
2026-08-31 04:11:38,319 - INFO - 使用模型: DeepSeek Chat
2026-08-31 04:11:38,652 - INFO - HTTP Request: POST https://api.deepseek.com/v1/chat/completions "HTTP/1.1 200 OK"
2026-08-31 04:11:39,137 - INFO - 第 545 篇论文被 DeepSeek 判定为不相关，已自动过滤。
2026-08-31 04:11:39,138 - INFO - 第 545 篇论文已过滤，未写入结果集
2026-08-31 04:11:42,138 - INFO - 正在处理第 546/597 篇论文
2026-08-31 04:11:42,138 - INFO - 正在评审/翻译第 546 篇论文 (尝试 1/3)
2026-08-31 04:11:42,139 - INFO - 使用模型: DeepSeek Chat
2026-08-31 04:11:42,492 - INFO - HTTP Request: POST https://api.deepseek.com/v1/chat/completions "HTTP/1.1 200 OK"
2026-08-31 04:11:46,538 - INFO - 第 546 篇论文处理成功
2026-08-31 04:11:49,538 - INFO - 正在处理第 547/597 篇论文
2026-08-31 04:11:49,539 - INFO - 正在评审/翻译第 547 篇论文 (尝试 1/3)
2026-08-31 04:11:49,539 - INFO - 使用模型: DeepSeek Chat
2026-08-31 04:11:49,878 - INFO - HTTP Request: POST https://api.deepseek.com/v1/chat/completions "HTTP/1.1 200 OK"
2026-08-31 04:11:50,476 - INFO - 第 547 篇论文被 DeepSeek 判定为不相关，已自动过滤。
2026-08-31 04:11:50,477 - INFO - 第 547 篇论文已过滤，未写入结果集
2026-08-31 04:11:53,477 - INFO - 正在处理第 548/597 篇论文
2026-08-31 04:11:53,477 - INFO - 正在评审/翻译第 548 篇论文 (尝试 1/3)
2026-08-31 04:11:53,478 - INFO - 使用模型: DeepSeek Chat
2026-08-31 04:11:53,796 - INFO - HTTP Request: POST https://api.deepseek.com/v1/chat/completions "HTTP/1.1 200 OK"
2026-08-31 04:11:57,856 - INFO - 第 548 篇论文处理成功
2026-08-31 04:12:00,856 - INFO - 正在处理第 549/597 篇论文
2026-08-31 04:12:00,856 - INFO - 正在评审/翻译第 549 篇论文 (尝试 1/3)
2026-08-31 04:12:00,856 - INFO - 使用模型: DeepSeek Chat
2026-08-31 04:12:01,198 - INFO - HTTP Request: POST https://api.deepseek.com/v1/chat/completions "HTTP/1.1 200 OK"
2026-08-31 04:12:01,757 - INFO - 第 549 篇论文被 DeepSeek 判定为不相关，已自动过滤。
2026-08-31 04:12:01,759 - INFO - 第 549 篇论文已过滤，未写入结果集
2026-08-31 04:12:04,759 - INFO - 正在处理第 550/597 篇论文
2026-08-31 04:12:04,759 - INFO - 正在评审/翻译第 550 篇论文 (尝试 1/3)
2026-08-31 04:12:04,759 - INFO - 使用模型: DeepSeek Chat
2026-08-31 04:12:05,090 - INFO - HTTP Request: POST https://api.deepseek.com/v1/chat/completions "HTTP/1.1 200 OK"
2026-08-31 04:12:08,075 - INFO - 第 550 篇论文处理成功
2026-08-31 04:12:11,076 - INFO - 正在处理第 551/597 篇论文
2026-08-31 04:12:11,076 - INFO - 正在评审/翻译第 551 篇论文 (尝试 1/3)
2026-08-31 04:12:11,076 - INFO - 使用模型: DeepSeek Chat
2026-08-31 04:12:11,403 - INFO - HTTP Request: POST https://api.deepseek.com/v1/chat/completions "HTTP/1.1 200 OK"
2026-08-31 04:12:14,479 - INFO - 第 551 篇论文处理成功
2026-08-31 04:12:17,479 - INFO - 正在处理第 552/597 篇论文
2026-08-31 04:12:17,479 - INFO - 正在评审/翻译第 552 篇论文 (尝试 1/3)
2026-08-31 04:12:17,480 - INFO - 使用模型: DeepSeek Chat
2026-08-31 04:12:17,802 - INFO - HTTP Request: POST https://api.deepseek.com/v1/chat/completions "HTTP/1.1 200 OK"
2026-08-31 04:12:18,223 - INFO - 第 552 篇论文被 DeepSeek 判定为不相关，已自动过滤。
2026-08-31 04:12:18,224 - INFO - 第 552 篇论文已过滤，未写入结果集
2026-08-31 04:12:21,224 - INFO - 正在处理第 553/597 篇论文
2026-08-31 04:12:21,224 - INFO - 正在评审/翻译第 553 篇论文 (尝试 1/3)
2026-08-31 04:12:21,224 - INFO - 使用模型: DeepSeek Chat
2026-08-31 04:12:21,557 - INFO - HTTP Request: POST https://api.deepseek.com/v1/chat/completions "HTTP/1.1 200 OK"
2026-08-31 04:12:21,969 - INFO - 第 553 篇论文被 DeepSeek 判定为不相关，已自动过滤。
2026-08-31 04:12:21,970 - INFO - 第 553 篇论文已过滤，未写入结果集
2026-08-31 04:12:24,970 - INFO - 正在处理第 554/597 篇论文
2026-08-31 04:12:24,970 - INFO - 正在评审/翻译第 554 篇论文 (尝试 1/3)
2026-08-31 04:12:24,970 - INFO - 使用模型: DeepSeek Chat
2026-08-31 04:12:25,297 - INFO - HTTP Request: POST https://api.deepseek.com/v1/chat/completions "HTTP/1.1 200 OK"
2026-08-31 04:12:25,641 - INFO - 第 554 篇论文被 DeepSeek 判定为不相关，已自动过滤。
2026-08-31 04:12:25,642 - INFO - 第 554 篇论文已过滤，未写入结果集
2026-08-31 04:12:28,642 - INFO - 正在处理第 555/597 篇论文
2026-08-31 04:12:28,642 - INFO - 正在评审/翻译第 555 篇论文 (尝试 1/3)
2026-08-31 04:12:28,642 - INFO - 使用模型: DeepSeek Chat
2026-08-31 04:12:28,979 - INFO - HTTP Request: POST https://api.deepseek.com/v1/chat/completions "HTTP/1.1 200 OK"
2026-08-31 04:12:32,453 - INFO - 第 555 篇论文处理成功
2026-08-31 04:12:35,454 - INFO - 正在处理第 556/597 篇论文
2026-08-31 04:12:35,454 - INFO - 正在评审/翻译第 556 篇论文 (尝试 1/3)
2026-08-31 04:12:35,454 - INFO - 使用模型: DeepSeek Chat
2026-08-31 04:12:35,794 - INFO - HTTP Request: POST https://api.deepseek.com/v1/chat/completions "HTTP/1.1 200 OK"
2026-08-31 04:12:36,406 - INFO - 第 556 篇论文被 DeepSeek 判定为不相关，已自动过滤。
2026-08-31 04:12:36,407 - INFO - 第 556 篇论文已过滤，未写入结果集
2026-08-31 04:12:39,407 - INFO - 正在处理第 557/597 篇论文
2026-08-31 04:12:39,407 - INFO - 正在评审/翻译第 557 篇论文 (尝试 1/3)
2026-08-31 04:12:39,408 - INFO - 使用模型: DeepSeek Chat
2026-08-31 04:12:39,725 - INFO - HTTP Request: POST https://api.deepseek.com/v1/chat/completions "HTTP/1.1 200 OK"
2026-08-31 04:12:40,397 - INFO - 第 557 篇论文被 DeepSeek 判定为不相关，已自动过滤。
2026-08-31 04:12:40,398 - INFO - 第 557 篇论文已过滤，未写入结果集
2026-08-31 04:12:43,398 - INFO - 正在处理第 558/597 篇论文
2026-08-31 04:12:43,398 - INFO - 正在评审/翻译第 558 篇论文 (尝试 1/3)
2026-08-31 04:12:43,398 - INFO - 使用模型: DeepSeek Chat
2026-08-31 04:12:43,737 - INFO - HTTP Request: POST https://api.deepseek.com/v1/chat/completions "HTTP/1.1 200 OK"
2026-08-31 04:12:44,041 - INFO - 第 558 篇论文被 DeepSeek 判定为不相关，已自动过滤。
2026-08-31 04:12:44,041 - INFO - 第 558 篇论文已过滤，未写入结果集
2026-08-31 04:12:47,042 - INFO - 正在处理第 559/597 篇论文
2026-08-31 04:12:47,042 - INFO - 正在评审/翻译第 559 篇论文 (尝试 1/3)
2026-08-31 04:12:47,042 - INFO - 使用模型: DeepSeek Chat
2026-08-31 04:12:47,379 - INFO - HTTP Request: POST https://api.deepseek.com/v1/chat/completions "HTTP/1.1 200 OK"
2026-08-31 04:12:47,733 - INFO - 第 559 篇论文被 DeepSeek 判定为不相关，已自动过滤。
2026-08-31 04:12:47,734 - INFO - 第 559 篇论文已过滤，未写入结果集
2026-08-31 04:12:50,734 - INFO - 正在处理第 560/597 篇论文
2026-08-31 04:12:50,734 - INFO - 正在评审/翻译第 560 篇论文 (尝试 1/3)
2026-08-31 04:12:50,735 - INFO - 使用模型: DeepSeek Chat
2026-08-31 04:12:51,067 - INFO - HTTP Request: POST https://api.deepseek.com/v1/chat/completions "HTTP/1.1 200 OK"
2026-08-31 04:12:55,761 - INFO - 第 560 篇论文处理成功
2026-08-31 04:12:58,761 - INFO - 正在处理第 561/597 篇论文
2026-08-31 04:12:58,761 - INFO - 正在评审/翻译第 561 篇论文 (尝试 1/3)
2026-08-31 04:12:58,761 - INFO - 使用模型: DeepSeek Chat
2026-08-31 04:12:59,100 - INFO - HTTP Request: POST https://api.deepseek.com/v1/chat/completions "HTTP/1.1 200 OK"
2026-08-31 04:12:59,566 - INFO - 第 561 篇论文被 DeepSeek 判定为不相关，已自动过滤。
2026-08-31 04:12:59,567 - INFO - 第 561 篇论文已过滤，未写入结果集
2026-08-31 04:13:02,567 - INFO - 正在处理第 562/597 篇论文
2026-08-31 04:13:02,568 - INFO - 正在评审/翻译第 562 篇论文 (尝试 1/3)
2026-08-31 04:13:02,568 - INFO - 使用模型: DeepSeek Chat
2026-08-31 04:13:02,899 - INFO - HTTP Request: POST https://api.deepseek.com/v1/chat/completions "HTTP/1.1 200 OK"
2026-08-31 04:13:03,313 - INFO - 第 562 篇论文被 DeepSeek 判定为不相关，已自动过滤。
2026-08-31 04:13:03,314 - INFO - 第 562 篇论文已过滤，未写入结果集
2026-08-31 04:13:06,314 - INFO - 正在处理第 563/597 篇论文
2026-08-31 04:13:06,314 - INFO - 正在评审/翻译第 563 篇论文 (尝试 1/3)
2026-08-31 04:13:06,314 - INFO - 使用模型: DeepSeek Chat
2026-08-31 04:13:06,644 - INFO - HTTP Request: POST https://api.deepseek.com/v1/chat/completions "HTTP/1.1 200 OK"
2026-08-31 04:13:07,237 - INFO - 第 563 篇论文被 DeepSeek 判定为不相关，已自动过滤。
2026-08-31 04:13:07,238 - INFO - 第 563 篇论文已过滤，未写入结果集
2026-08-31 04:13:10,238 - INFO - 正在处理第 564/597 篇论文
2026-08-31 04:13:10,238 - INFO - 正在评审/翻译第 564 篇论文 (尝试 1/3)
2026-08-31 04:13:10,238 - INFO - 使用模型: DeepSeek Chat
2026-08-31 04:13:10,571 - INFO - HTTP Request: POST https://api.deepseek.com/v1/chat/completions "HTTP/1.1 200 OK"
2026-08-31 04:13:11,160 - INFO - 第 564 篇论文被 DeepSeek 判定为不相关，已自动过滤。
2026-08-31 04:13:11,161 - INFO - 第 564 篇论文已过滤，未写入结果集
2026-08-31 04:13:14,161 - INFO - 正在处理第 565/597 篇论文
2026-08-31 04:13:14,161 - INFO - 正在评审/翻译第 565 篇论文 (尝试 1/3)
2026-08-31 04:13:14,161 - INFO - 使用模型: DeepSeek Chat
2026-08-31 04:13:14,500 - INFO - HTTP Request: POST https://api.deepseek.com/v1/chat/completions "HTTP/1.1 200 OK"
2026-08-31 04:13:14,886 - INFO - 第 565 篇论文被 DeepSeek 判定为不相关，已自动过滤。
2026-08-31 04:13:14,887 - INFO - 第 565 篇论文已过滤，未写入结果集
2026-08-31 04:13:17,887 - INFO - 正在处理第 566/597 篇论文
2026-08-31 04:13:17,887 - INFO - 正在评审/翻译第 566 篇论文 (尝试 1/3)
2026-08-31 04:13:17,887 - INFO - 使用模型: DeepSeek Chat
2026-08-31 04:13:18,229 - INFO - HTTP Request: POST https://api.deepseek.com/v1/chat/completions "HTTP/1.1 200 OK"
2026-08-31 04:13:18,541 - INFO - 第 566 篇论文被 DeepSeek 判定为不相关，已自动过滤。
2026-08-31 04:13:18,542 - INFO - 第 566 篇论文已过滤，未写入结果集
2026-08-31 04:13:21,542 - INFO - 正在处理第 567/597 篇论文
2026-08-31 04:13:21,542 - INFO - 正在评审/翻译第 567 篇论文 (尝试 1/3)
2026-08-31 04:13:21,542 - INFO - 使用模型: DeepSeek Chat
2026-08-31 04:13:21,875 - INFO - HTTP Request: POST https://api.deepseek.com/v1/chat/completions "HTTP/1.1 200 OK"
2026-08-31 04:13:22,433 - INFO - 第 567 篇论文被 DeepSeek 判定为不相关，已自动过滤。
2026-08-31 04:13:22,434 - INFO - 第 567 篇论文已过滤，未写入结果集
2026-08-31 04:13:25,434 - INFO - 正在处理第 568/597 篇论文
2026-08-31 04:13:25,434 - INFO - 正在评审/翻译第 568 篇论文 (尝试 1/3)
2026-08-31 04:13:25,434 - INFO - 使用模型: DeepSeek Chat
2026-08-31 04:13:25,756 - INFO - HTTP Request: POST https://api.deepseek.com/v1/chat/completions "HTTP/1.1 200 OK"
2026-08-31 04:13:26,116 - INFO - 第 568 篇论文被 DeepSeek 判定为不相关，已自动过滤。
2026-08-31 04:13:26,117 - INFO - 第 568 篇论文已过滤，未写入结果集
2026-08-31 04:13:29,118 - INFO - 正在处理第 569/597 篇论文
2026-08-31 04:13:29,118 - INFO - 正在评审/翻译第 569 篇论文 (尝试 1/3)
2026-08-31 04:13:29,118 - INFO - 使用模型: DeepSeek Chat
2026-08-31 04:13:29,541 - INFO - HTTP Request: POST https://api.deepseek.com/v1/chat/completions "HTTP/1.1 200 OK"
2026-08-31 04:13:29,940 - INFO - 第 569 篇论文被 DeepSeek 判定为不相关，已自动过滤。
2026-08-31 04:13:29,941 - INFO - 第 569 篇论文已过滤，未写入结果集
2026-08-31 04:13:32,941 - INFO - 正在处理第 570/597 篇论文
2026-08-31 04:13:32,941 - INFO - 正在评审/翻译第 570 篇论文 (尝试 1/3)
2026-08-31 04:13:32,942 - INFO - 使用模型: DeepSeek Chat
2026-08-31 04:13:33,275 - INFO - HTTP Request: POST https://api.deepseek.com/v1/chat/completions "HTTP/1.1 200 OK"
2026-08-31 04:13:33,602 - INFO - 第 570 篇论文被 DeepSeek 判定为不相关，已自动过滤。
2026-08-31 04:13:33,603 - INFO - 第 570 篇论文已过滤，未写入结果集
2026-08-31 04:13:36,603 - INFO - 正在处理第 571/597 篇论文
2026-08-31 04:13:36,604 - INFO - 正在评审/翻译第 571 篇论文 (尝试 1/3)
2026-08-31 04:13:36,604 - INFO - 使用模型: DeepSeek Chat
2026-08-31 04:13:36,949 - INFO - HTTP Request: POST https://api.deepseek.com/v1/chat/completions "HTTP/1.1 200 OK"
2026-08-31 04:13:37,399 - INFO - 第 571 篇论文被 DeepSeek 判定为不相关，已自动过滤。
2026-08-31 04:13:37,400 - INFO - 第 571 篇论文已过滤，未写入结果集
2026-08-31 04:13:40,401 - INFO - 正在处理第 572/597 篇论文
2026-08-31 04:13:40,401 - INFO - 正在评审/翻译第 572 篇论文 (尝试 1/3)
2026-08-31 04:13:40,401 - INFO - 使用模型: DeepSeek Chat
2026-08-31 04:13:40,725 - INFO - HTTP Request: POST https://api.deepseek.com/v1/chat/completions "HTTP/1.1 200 OK"
2026-08-31 04:13:43,393 - INFO - 第 572 篇论文处理成功
2026-08-31 04:13:46,393 - INFO - 正在处理第 573/597 篇论文
2026-08-31 04:13:46,393 - INFO - 正在评审/翻译第 573 篇论文 (尝试 1/3)
2026-08-31 04:13:46,393 - INFO - 使用模型: DeepSeek Chat
2026-08-31 04:13:46,724 - INFO - HTTP Request: POST https://api.deepseek.com/v1/chat/completions "HTTP/1.1 200 OK"
2026-08-31 04:13:47,295 - INFO - 第 573 篇论文被 DeepSeek 判定为不相关，已自动过滤。
2026-08-31 04:13:47,296 - INFO - 第 573 篇论文已过滤，未写入结果集
2026-08-31 04:13:50,296 - INFO - 正在处理第 574/597 篇论文
2026-08-31 04:13:50,296 - INFO - 正在评审/翻译第 574 篇论文 (尝试 1/3)
2026-08-31 04:13:50,296 - INFO - 使用模型: DeepSeek Chat
2026-08-31 04:13:50,648 - INFO - HTTP Request: POST https://api.deepseek.com/v1/chat/completions "HTTP/1.1 200 OK"
2026-08-31 04:13:54,297 - INFO - 第 574 篇论文处理成功
2026-08-31 04:13:57,297 - INFO - 正在处理第 575/597 篇论文
2026-08-31 04:13:57,297 - INFO - 正在评审/翻译第 575 篇论文 (尝试 1/3)
2026-08-31 04:13:57,297 - INFO - 使用模型: DeepSeek Chat
2026-08-31 04:13:57,634 - INFO - HTTP Request: POST https://api.deepseek.com/v1/chat/completions "HTTP/1.1 200 OK"
2026-08-31 04:13:58,156 - INFO - 第 575 篇论文被 DeepSeek 判定为不相关，已自动过滤。
2026-08-31 04:13:58,157 - INFO - 第 575 篇论文已过滤，未写入结果集
2026-08-31 04:14:01,157 - INFO - 正在处理第 576/597 篇论文
2026-08-31 04:14:01,157 - INFO - 正在评审/翻译第 576 篇论文 (尝试 1/3)
2026-08-31 04:14:01,158 - INFO - 使用模型: DeepSeek Chat
2026-08-31 04:14:01,487 - INFO - HTTP Request: POST https://api.deepseek.com/v1/chat/completions "HTTP/1.1 200 OK"
2026-08-31 04:14:01,999 - INFO - 第 576 篇论文被 DeepSeek 判定为不相关，已自动过滤。
2026-08-31 04:14:02,000 - INFO - 第 576 篇论文已过滤，未写入结果集
2026-08-31 04:14:05,000 - INFO - 正在处理第 577/597 篇论文
2026-08-31 04:14:05,001 - INFO - 正在评审/翻译第 577 篇论文 (尝试 1/3)
2026-08-31 04:14:05,001 - INFO - 使用模型: DeepSeek Chat
2026-08-31 04:14:05,328 - INFO - HTTP Request: POST https://api.deepseek.com/v1/chat/completions "HTTP/1.1 200 OK"
2026-08-31 04:14:05,815 - INFO - 第 577 篇论文被 DeepSeek 判定为不相关，已自动过滤。
2026-08-31 04:14:05,816 - INFO - 第 577 篇论文已过滤，未写入结果集
2026-08-31 04:14:08,816 - INFO - 正在处理第 578/597 篇论文
2026-08-31 04:14:08,816 - INFO - 正在评审/翻译第 578 篇论文 (尝试 1/3)
2026-08-31 04:14:08,817 - INFO - 使用模型: DeepSeek Chat
2026-08-31 04:14:09,150 - INFO - HTTP Request: POST https://api.deepseek.com/v1/chat/completions "HTTP/1.1 200 OK"
2026-08-31 04:14:09,890 - INFO - 第 578 篇论文被 DeepSeek 判定为不相关，已自动过滤。
2026-08-31 04:14:09,891 - INFO - 第 578 篇论文已过滤，未写入结果集
2026-08-31 04:14:12,892 - INFO - 正在处理第 579/597 篇论文
2026-08-31 04:14:12,892 - INFO - 正在评审/翻译第 579 篇论文 (尝试 1/3)
2026-08-31 04:14:12,892 - INFO - 使用模型: DeepSeek Chat
2026-08-31 04:14:13,225 - INFO - HTTP Request: POST https://api.deepseek.com/v1/chat/completions "HTTP/1.1 200 OK"
2026-08-31 04:14:16,615 - INFO - 第 579 篇论文处理成功
2026-08-31 04:14:19,615 - INFO - 正在处理第 580/597 篇论文
2026-08-31 04:14:19,616 - INFO - 正在评审/翻译第 580 篇论文 (尝试 1/3)
2026-08-31 04:14:19,616 - INFO - 使用模型: DeepSeek Chat
2026-08-31 04:14:19,933 - INFO - HTTP Request: POST https://api.deepseek.com/v1/chat/completions "HTTP/1.1 200 OK"
2026-08-31 04:14:22,579 - INFO - 第 580 篇论文处理成功
2026-08-31 04:14:25,579 - INFO - 正在处理第 581/597 篇论文
2026-08-31 04:14:25,580 - INFO - 正在评审/翻译第 581 篇论文 (尝试 1/3)
2026-08-31 04:14:25,580 - INFO - 使用模型: DeepSeek Chat
2026-08-31 04:14:25,905 - INFO - HTTP Request: POST https://api.deepseek.com/v1/chat/completions "HTTP/1.1 200 OK"
2026-08-31 04:14:26,492 - INFO - 第 581 篇论文被 DeepSeek 判定为不相关，已自动过滤。
2026-08-31 04:14:26,493 - INFO - 第 581 篇论文已过滤，未写入结果集
2026-08-31 04:14:29,493 - INFO - 正在处理第 582/597 篇论文
2026-08-31 04:14:29,493 - INFO - 正在评审/翻译第 582 篇论文 (尝试 1/3)
2026-08-31 04:14:29,493 - INFO - 使用模型: DeepSeek Chat
2026-08-31 04:14:29,827 - INFO - HTTP Request: POST https://api.deepseek.com/v1/chat/completions "HTTP/1.1 200 OK"
2026-08-31 04:14:30,199 - INFO - 第 582 篇论文被 DeepSeek 判定为不相关，已自动过滤。
2026-08-31 04:14:30,200 - INFO - 第 582 篇论文已过滤，未写入结果集
2026-08-31 04:14:33,201 - INFO - 正在处理第 583/597 篇论文
2026-08-31 04:14:33,201 - INFO - 正在评审/翻译第 583 篇论文 (尝试 1/3)
2026-08-31 04:14:33,201 - INFO - 使用模型: DeepSeek Chat
2026-08-31 04:14:33,527 - INFO - HTTP Request: POST https://api.deepseek.com/v1/chat/completions "HTTP/1.1 200 OK"
2026-08-31 04:14:33,911 - INFO - 第 583 篇论文被 DeepSeek 判定为不相关，已自动过滤。
2026-08-31 04:14:33,912 - INFO - 第 583 篇论文已过滤，未写入结果集
2026-08-31 04:14:36,912 - INFO - 正在处理第 584/597 篇论文
2026-08-31 04:14:36,913 - INFO - 正在评审/翻译第 584 篇论文 (尝试 1/3)
2026-08-31 04:14:36,913 - INFO - 使用模型: DeepSeek Chat
2026-08-31 04:14:37,242 - INFO - HTTP Request: POST https://api.deepseek.com/v1/chat/completions "HTTP/1.1 200 OK"
2026-08-31 04:14:37,868 - INFO - 第 584 篇论文被 DeepSeek 判定为不相关，已自动过滤。
2026-08-31 04:14:37,869 - INFO - 第 584 篇论文已过滤，未写入结果集
2026-08-31 04:14:40,869 - INFO - 正在处理第 585/597 篇论文
2026-08-31 04:14:40,870 - INFO - 正在评审/翻译第 585 篇论文 (尝试 1/3)
2026-08-31 04:14:40,870 - INFO - 使用模型: DeepSeek Chat
2026-08-31 04:14:41,200 - INFO - HTTP Request: POST https://api.deepseek.com/v1/chat/completions "HTTP/1.1 200 OK"
2026-08-31 04:14:41,447 - INFO - 第 585 篇论文被 DeepSeek 判定为不相关，已自动过滤。
2026-08-31 04:14:41,449 - INFO - 第 585 篇论文已过滤，未写入结果集
2026-08-31 04:14:44,449 - INFO - 正在处理第 586/597 篇论文
2026-08-31 04:14:44,449 - INFO - 正在评审/翻译第 586 篇论文 (尝试 1/3)
2026-08-31 04:14:44,449 - INFO - 使用模型: DeepSeek Chat
2026-08-31 04:14:44,782 - INFO - HTTP Request: POST https://api.deepseek.com/v1/chat/completions "HTTP/1.1 200 OK"
2026-08-31 04:14:45,486 - INFO - 第 586 篇论文被 DeepSeek 判定为不相关，已自动过滤。
2026-08-31 04:14:45,487 - INFO - 第 586 篇论文已过滤，未写入结果集
2026-08-31 04:14:48,488 - INFO - 正在处理第 587/597 篇论文
2026-08-31 04:14:48,488 - INFO - 正在评审/翻译第 587 篇论文 (尝试 1/3)
2026-08-31 04:14:48,488 - INFO - 使用模型: DeepSeek Chat
2026-08-31 04:14:48,833 - INFO - HTTP Request: POST https://api.deepseek.com/v1/chat/completions "HTTP/1.1 200 OK"
2026-08-31 04:14:49,078 - INFO - 第 587 篇论文被 DeepSeek 判定为不相关，已自动过滤。
2026-08-31 04:14:49,079 - INFO - 第 587 篇论文已过滤，未写入结果集
2026-08-31 04:14:52,080 - INFO - 正在处理第 588/597 篇论文
2026-08-31 04:14:52,080 - INFO - 正在评审/翻译第 588 篇论文 (尝试 1/3)
2026-08-31 04:14:52,080 - INFO - 使用模型: DeepSeek Chat
2026-08-31 04:14:52,419 - INFO - HTTP Request: POST https://api.deepseek.com/v1/chat/completions "HTTP/1.1 200 OK"
2026-08-31 04:14:52,941 - INFO - 第 588 篇论文被 DeepSeek 判定为不相关，已自动过滤。
2026-08-31 04:14:52,942 - INFO - 第 588 篇论文已过滤，未写入结果集
2026-08-31 04:14:55,942 - INFO - 正在处理第 589/597 篇论文
2026-08-31 04:14:55,942 - INFO - 正在评审/翻译第 589 篇论文 (尝试 1/3)
2026-08-31 04:14:55,942 - INFO - 使用模型: DeepSeek Chat
2026-08-31 04:14:56,269 - INFO - HTTP Request: POST https://api.deepseek.com/v1/chat/completions "HTTP/1.1 200 OK"
2026-08-31 04:14:58,315 - INFO - 第 589 篇论文处理成功
2026-08-31 04:15:01,315 - INFO - 正在处理第 590/597 篇论文
2026-08-31 04:15:01,315 - INFO - 正在评审/翻译第 590 篇论文 (尝试 1/3)
2026-08-31 04:15:01,315 - INFO - 使用模型: DeepSeek Chat
2026-08-31 04:15:01,662 - INFO - HTTP Request: POST https://api.deepseek.com/v1/chat/completions "HTTP/1.1 200 OK"
2026-08-31 04:15:02,062 - INFO - 第 590 篇论文被 DeepSeek 判定为不相关，已自动过滤。
2026-08-31 04:15:02,064 - INFO - 第 590 篇论文已过滤，未写入结果集
2026-08-31 04:15:05,064 - INFO - 正在处理第 591/597 篇论文
2026-08-31 04:15:05,064 - INFO - 正在评审/翻译第 591 篇论文 (尝试 1/3)
2026-08-31 04:15:05,064 - INFO - 使用模型: DeepSeek Chat
2026-08-31 04:15:05,393 - INFO - HTTP Request: POST https://api.deepseek.com/v1/chat/completions "HTTP/1.1 200 OK"
2026-08-31 04:15:05,953 - INFO - 第 591 篇论文被 DeepSeek 判定为不相关，已自动过滤。
2026-08-31 04:15:05,954 - INFO - 第 591 篇论文已过滤，未写入结果集
2026-08-31 04:15:08,955 - INFO - 正在处理第 592/597 篇论文
2026-08-31 04:15:08,955 - INFO - 正在评审/翻译第 592 篇论文 (尝试 1/3)
2026-08-31 04:15:08,955 - INFO - 使用模型: DeepSeek Chat
2026-08-31 04:15:09,283 - INFO - HTTP Request: POST https://api.deepseek.com/v1/chat/completions "HTTP/1.1 200 OK"
2026-08-31 04:15:09,859 - INFO - 第 592 篇论文被 DeepSeek 判定为不相关，已自动过滤。
2026-08-31 04:15:09,860 - INFO - 第 592 篇论文已过滤，未写入结果集
2026-08-31 04:15:12,861 - INFO - 正在处理第 593/597 篇论文
2026-08-31 04:15:12,861 - INFO - 正在评审/翻译第 593 篇论文 (尝试 1/3)
2026-08-31 04:15:12,861 - INFO - 使用模型: DeepSeek Chat
2026-08-31 04:15:13,195 - INFO - HTTP Request: POST https://api.deepseek.com/v1/chat/completions "HTTP/1.1 200 OK"
2026-08-31 04:15:13,912 - INFO - 第 593 篇论文被 DeepSeek 判定为不相关，已自动过滤。
2026-08-31 04:15:13,913 - INFO - 第 593 篇论文已过滤，未写入结果集
2026-08-31 04:15:16,913 - INFO - 正在处理第 594/597 篇论文
2026-08-31 04:15:16,914 - INFO - 正在评审/翻译第 594 篇论文 (尝试 1/3)
2026-08-31 04:15:16,914 - INFO - 使用模型: DeepSeek Chat
2026-08-31 04:15:17,259 - INFO - HTTP Request: POST https://api.deepseek.com/v1/chat/completions "HTTP/1.1 200 OK"
2026-08-31 04:15:17,779 - INFO - 第 594 篇论文被 DeepSeek 判定为不相关，已自动过滤。
2026-08-31 04:15:17,780 - INFO - 第 594 篇论文已过滤，未写入结果集
2026-08-31 04:15:20,780 - INFO - 正在处理第 595/597 篇论文
2026-08-31 04:15:20,780 - INFO - 正在评审/翻译第 595 篇论文 (尝试 1/3)
2026-08-31 04:15:20,780 - INFO - 使用模型: DeepSeek Chat
2026-08-31 04:15:21,132 - INFO - HTTP Request: POST https://api.deepseek.com/v1/chat/completions "HTTP/1.1 200 OK"
2026-08-31 04:15:21,627 - INFO - 第 595 篇论文被 DeepSeek 判定为不相关，已自动过滤。
2026-08-31 04:15:21,628 - INFO - 第 595 篇论文已过滤，未写入结果集
2026-08-31 04:15:24,628 - INFO - 正在处理第 596/597 篇论文
2026-08-31 04:15:24,628 - INFO - 正在评审/翻译第 596 篇论文 (尝试 1/3)
2026-08-31 04:15:24,628 - INFO - 使用模型: DeepSeek Chat
2026-08-31 04:15:24,970 - INFO - HTTP Request: POST https://api.deepseek.com/v1/chat/completions "HTTP/1.1 200 OK"
2026-08-31 04:15:25,381 - INFO - 第 596 篇论文被 DeepSeek 判定为不相关，已自动过滤。
2026-08-31 04:15:25,382 - INFO - 第 596 篇论文已过滤，未写入结果集
2026-08-31 04:15:28,382 - INFO - 正在处理第 597/597 篇论文
2026-08-31 04:15:28,382 - INFO - 正在评审/翻译第 597 篇论文 (尝试 1/3)
2026-08-31 04:15:28,382 - INFO - 使用模型: DeepSeek Chat
2026-08-31 04:15:28,730 - INFO - HTTP Request: POST https://api.deepseek.com/v1/chat/completions "HTTP/1.1 200 OK"
2026-08-31 04:15:29,230 - INFO - 第 597 篇论文被 DeepSeek 判定为不相关，已自动过滤。
2026-08-31 04:15:29,231 - INFO - 第 597 篇论文已过滤，未写入结果集
2026-08-31 04:15:32,231 - INFO - 论文处理统计：总数 597，成功 98，失败 0
2026-08-31 04:15:48,781 - DEBUG - Building prefix dict from the default dictionary ...
2026-08-31 04:15:49,296 - DEBUG - Dumping model to file cache /tmp/jieba.cache
2026-08-31 04:15:49,332 - DEBUG - Loading model cost 0.551 seconds.
2026-08-31 04:15:49,332 - DEBUG - Prefix dict has been built successfully.
2026-08-31 04:15:53,742 - INFO - 统计图表生成完成
2026-08-31 04:15:53,812 - INFO - 周报已生成：newsletters/2026-08-24_to_2026-08-30_weekly_paper.md
2026-08-31 10:45:58,552 - INFO - 正在处理 2026-08-24 至 2026-08-30 的周报论文数据
2026-08-31 10:45:58,565 - INFO - 读取到 597 篇论文数据
2026-08-31 10:45:58,566 - INFO - 第 1 篇论文已处理过，跳过
2026-08-31 10:45:58,566 - INFO - 第 2 篇论文已处理过，跳过
2026-08-31 10:45:58,566 - INFO - 正在处理第 3/597 篇论文
2026-08-31 10:45:58,566 - INFO - 正在评审/翻译第 3 篇论文 (尝试 1/3)
2026-08-31 10:45:58,566 - INFO - 使用模型: DeepSeek Chat
2026-08-31 10:45:59,390 - INFO - HTTP Request: POST https://api.deepseek.com/v1/chat/completions "HTTP/1.1 200 OK"
2026-08-31 10:45:59,952 - INFO - 第 3 篇论文被 DeepSeek 判定为不相关，已自动过滤。
2026-08-31 10:45:59,953 - INFO - 第 3 篇论文已过滤，未写入结果集
2026-08-31 10:46:02,953 - INFO - 第 4 篇论文已处理过，跳过
2026-08-31 10:46:02,953 - INFO - 第 5 篇论文已处理过，跳过
2026-08-31 10:46:02,953 - INFO - 正在处理第 6/597 篇论文
2026-08-31 10:46:02,953 - INFO - 正在评审/翻译第 6 篇论文 (尝试 1/3)
2026-08-31 10:46:02,954 - INFO - 使用模型: DeepSeek Chat
2026-08-31 10:46:03,294 - INFO - HTTP Request: POST https://api.deepseek.com/v1/chat/completions "HTTP/1.1 200 OK"
2026-08-31 10:46:06,491 - INFO - 第 6 篇论文处理成功
2026-08-31 10:46:09,491 - INFO - 第 7 篇论文已处理过，跳过
2026-08-31 10:46:09,491 - INFO - 第 8 篇论文已处理过，跳过
2026-08-31 10:46:09,491 - INFO - 第 9 篇论文已处理过，跳过
2026-08-31 10:46:09,491 - INFO - 第 10 篇论文已处理过，跳过
2026-08-31 10:46:09,491 - INFO - 第 11 篇论文已处理过，跳过
2026-08-31 10:46:09,491 - INFO - 第 12 篇论文已处理过，跳过
2026-08-31 10:46:09,491 - INFO - 第 13 篇论文已处理过，跳过
2026-08-31 10:46:09,491 - INFO - 第 14 篇论文已处理过，跳过
2026-08-31 10:46:09,492 - INFO - 第 15 篇论文已处理过，跳过
2026-08-31 10:46:09,492 - INFO - 第 16 篇论文已处理过，跳过
2026-08-31 10:46:09,492 - INFO - 正在处理第 17/597 篇论文
2026-08-31 10:46:09,492 - INFO - 正在评审/翻译第 17 篇论文 (尝试 1/3)
2026-08-31 10:46:09,492 - INFO - 使用模型: DeepSeek Chat
2026-08-31 10:46:09,832 - INFO - HTTP Request: POST https://api.deepseek.com/v1/chat/completions "HTTP/1.1 200 OK"
2026-08-31 10:46:10,106 - INFO - 第 17 篇论文被 DeepSeek 判定为不相关，已自动过滤。
2026-08-31 10:46:10,107 - INFO - 第 17 篇论文已过滤，未写入结果集
2026-08-31 10:46:13,107 - INFO - 正在处理第 18/597 篇论文
2026-08-31 10:46:13,107 - INFO - 正在评审/翻译第 18 篇论文 (尝试 1/3)
2026-08-31 10:46:13,107 - INFO - 使用模型: DeepSeek Chat
2026-08-31 10:46:13,476 - INFO - HTTP Request: POST https://api.deepseek.com/v1/chat/completions "HTTP/1.1 200 OK"
2026-08-31 10:46:17,225 - INFO - 第 18 篇论文处理成功
2026-08-31 10:46:20,226 - INFO - 第 19 篇论文已处理过，跳过
2026-08-31 10:46:20,226 - INFO - 正在处理第 20/597 篇论文
2026-08-31 10:46:20,226 - INFO - 正在评审/翻译第 20 篇论文 (尝试 1/3)
2026-08-31 10:46:20,226 - INFO - 使用模型: DeepSeek Chat
2026-08-31 10:46:20,568 - INFO - HTTP Request: POST https://api.deepseek.com/v1/chat/completions "HTTP/1.1 200 OK"
2026-08-31 10:46:23,833 - INFO - 第 20 篇论文处理成功
2026-08-31 10:46:26,833 - INFO - 正在处理第 21/597 篇论文
2026-08-31 10:46:26,833 - INFO - 正在评审/翻译第 21 篇论文 (尝试 1/3)
2026-08-31 10:46:26,833 - INFO - 使用模型: DeepSeek Chat
2026-08-31 10:46:27,177 - INFO - HTTP Request: POST https://api.deepseek.com/v1/chat/completions "HTTP/1.1 200 OK"
2026-08-31 10:46:27,970 - INFO - 第 21 篇论文被 DeepSeek 判定为不相关，已自动过滤。
2026-08-31 10:46:27,971 - INFO - 第 21 篇论文已过滤，未写入结果集
2026-08-31 10:46:30,971 - INFO - 正在处理第 22/597 篇论文
2026-08-31 10:46:30,971 - INFO - 正在评审/翻译第 22 篇论文 (尝试 1/3)
2026-08-31 10:46:30,971 - INFO - 使用模型: DeepSeek Chat
2026-08-31 10:46:31,318 - INFO - HTTP Request: POST https://api.deepseek.com/v1/chat/completions "HTTP/1.1 200 OK"
2026-08-31 10:46:31,605 - INFO - 第 22 篇论文被 DeepSeek 判定为不相关，已自动过滤。
2026-08-31 10:46:31,606 - INFO - 第 22 篇论文已过滤，未写入结果集
2026-08-31 10:46:34,606 - INFO - 第 23 篇论文已处理过，跳过
2026-08-31 10:46:34,606 - INFO - 正在处理第 24/597 篇论文
2026-08-31 10:46:34,606 - INFO - 正在评审/翻译第 24 篇论文 (尝试 1/3)
2026-08-31 10:46:34,606 - INFO - 使用模型: DeepSeek Chat
2026-08-31 10:46:34,942 - INFO - HTTP Request: POST https://api.deepseek.com/v1/chat/completions "HTTP/1.1 200 OK"
2026-08-31 10:46:35,259 - INFO - 第 24 篇论文被 DeepSeek 判定为不相关，已自动过滤。
2026-08-31 10:46:35,261 - INFO - 第 24 篇论文已过滤，未写入结果集
2026-08-31 10:46:38,261 - INFO - 第 25 篇论文已处理过，跳过
2026-08-31 10:46:38,261 - INFO - 第 26 篇论文已处理过，跳过
2026-08-31 10:46:38,261 - INFO - 第 27 篇论文已处理过，跳过
2026-08-31 10:46:38,261 - INFO - 正在处理第 28/597 篇论文
2026-08-31 10:46:38,261 - INFO - 正在评审/翻译第 28 篇论文 (尝试 1/3)
2026-08-31 10:46:38,261 - INFO - 使用模型: DeepSeek Chat
2026-08-31 10:46:38,595 - INFO - HTTP Request: POST https://api.deepseek.com/v1/chat/completions "HTTP/1.1 200 OK"
2026-08-31 10:46:38,964 - INFO - 第 28 篇论文被 DeepSeek 判定为不相关，已自动过滤。
2026-08-31 10:46:38,965 - INFO - 第 28 篇论文已过滤，未写入结果集
2026-08-31 10:46:41,965 - INFO - 第 29 篇论文已处理过，跳过
2026-08-31 10:46:41,966 - INFO - 正在处理第 30/597 篇论文
2026-08-31 10:46:41,966 - INFO - 正在评审/翻译第 30 篇论文 (尝试 1/3)
2026-08-31 10:46:41,966 - INFO - 使用模型: DeepSeek Chat
2026-08-31 10:46:42,310 - INFO - HTTP Request: POST https://api.deepseek.com/v1/chat/completions "HTTP/1.1 200 OK"
2026-08-31 10:46:46,031 - INFO - 第 30 篇论文处理成功
2026-08-31 10:46:49,032 - INFO - 第 31 篇论文已处理过，跳过
2026-08-31 10:46:49,032 - INFO - 第 32 篇论文已处理过，跳过
2026-08-31 10:46:49,032 - INFO - 第 33 篇论文已处理过，跳过
2026-08-31 10:46:49,032 - INFO - 第 34 篇论文已处理过，跳过
2026-08-31 10:46:49,032 - INFO - 正在处理第 35/597 篇论文
2026-08-31 10:46:49,032 - INFO - 正在评审/翻译第 35 篇论文 (尝试 1/3)
2026-08-31 10:46:49,032 - INFO - 使用模型: DeepSeek Chat
2026-08-31 10:46:49,372 - INFO - HTTP Request: POST https://api.deepseek.com/v1/chat/completions "HTTP/1.1 200 OK"
2026-08-31 10:46:53,243 - INFO - 第 35 篇论文处理成功
2026-08-31 10:46:56,243 - INFO - 第 36 篇论文已处理过，跳过
2026-08-31 10:46:56,243 - INFO - 正在处理第 37/597 篇论文
2026-08-31 10:46:56,243 - INFO - 正在评审/翻译第 37 篇论文 (尝试 1/3)
2026-08-31 10:46:56,243 - INFO - 使用模型: DeepSeek Chat
2026-08-31 10:46:56,604 - INFO - HTTP Request: POST https://api.deepseek.com/v1/chat/completions "HTTP/1.1 200 OK"
2026-08-31 10:47:01,348 - INFO - 第 37 篇论文处理成功
2026-08-31 10:47:04,348 - INFO - 第 38 篇论文已处理过，跳过
2026-08-31 10:47:04,348 - INFO - 第 39 篇论文已处理过，跳过
2026-08-31 10:47:04,348 - INFO - 第 40 篇论文已处理过，跳过
2026-08-31 10:47:04,348 - INFO - 第 41 篇论文已处理过，跳过
2026-08-31 10:47:04,348 - INFO - 正在处理第 42/597 篇论文
2026-08-31 10:47:04,348 - INFO - 正在评审/翻译第 42 篇论文 (尝试 1/3)
2026-08-31 10:47:04,348 - INFO - 使用模型: DeepSeek Chat
2026-08-31 10:47:04,692 - INFO - HTTP Request: POST https://api.deepseek.com/v1/chat/completions "HTTP/1.1 200 OK"
2026-08-31 10:47:07,815 - INFO - 第 42 篇论文处理成功
2026-08-31 10:47:10,816 - INFO - 第 43 篇论文已处理过，跳过
2026-08-31 10:47:10,816 - INFO - 第 44 篇论文已处理过，跳过
2026-08-31 10:47:10,816 - INFO - 第 45 篇论文已处理过，跳过
2026-08-31 10:47:10,816 - INFO - 第 46 篇论文已处理过，跳过
2026-08-31 10:47:10,816 - INFO - 第 47 篇论文已处理过，跳过
2026-08-31 10:47:10,816 - INFO - 第 48 篇论文已处理过，跳过
2026-08-31 10:47:10,816 - INFO - 第 49 篇论文已处理过，跳过
2026-08-31 10:47:10,816 - INFO - 第 50 篇论文已处理过，跳过
2026-08-31 10:47:10,816 - INFO - 第 51 篇论文已处理过，跳过
2026-08-31 10:47:10,816 - INFO - 正在处理第 52/597 篇论文
2026-08-31 10:47:10,816 - INFO - 正在评审/翻译第 52 篇论文 (尝试 1/3)
2026-08-31 10:47:10,816 - INFO - 使用模型: DeepSeek Chat
2026-08-31 10:47:11,165 - INFO - HTTP Request: POST https://api.deepseek.com/v1/chat/completions "HTTP/1.1 200 OK"
2026-08-31 10:47:14,264 - INFO - 第 52 篇论文处理成功
2026-08-31 10:47:17,265 - INFO - 第 53 篇论文已处理过，跳过
2026-08-31 10:47:17,265 - INFO - 第 54 篇论文已处理过，跳过
2026-08-31 10:47:17,265 - INFO - 第 55 篇论文已处理过，跳过
2026-08-31 10:47:17,265 - INFO - 第 56 篇论文已处理过，跳过
2026-08-31 10:47:17,265 - INFO - 第 57 篇论文已处理过，跳过
2026-08-31 10:47:17,265 - INFO - 正在处理第 58/597 篇论文
2026-08-31 10:47:17,265 - INFO - 正在评审/翻译第 58 篇论文 (尝试 1/3)
2026-08-31 10:47:17,265 - INFO - 使用模型: DeepSeek Chat
2026-08-31 10:47:17,612 - INFO - HTTP Request: POST https://api.deepseek.com/v1/chat/completions "HTTP/1.1 200 OK"
2026-08-31 10:47:18,176 - INFO - 第 58 篇论文被 DeepSeek 判定为不相关，已自动过滤。
2026-08-31 10:47:18,177 - INFO - 第 58 篇论文已过滤，未写入结果集
2026-08-31 10:47:21,177 - INFO - 第 59 篇论文已处理过，跳过
2026-08-31 10:47:21,177 - INFO - 第 60 篇论文已处理过，跳过
2026-08-31 10:47:21,177 - INFO - 第 61 篇论文已处理过，跳过
2026-08-31 10:47:21,177 - INFO - 正在处理第 62/597 篇论文
2026-08-31 10:47:21,178 - INFO - 正在评审/翻译第 62 篇论文 (尝试 1/3)
2026-08-31 10:47:21,178 - INFO - 使用模型: DeepSeek Chat
2026-08-31 10:47:21,522 - INFO - HTTP Request: POST https://api.deepseek.com/v1/chat/completions "HTTP/1.1 200 OK"
2026-08-31 10:47:21,847 - INFO - 第 62 篇论文被 DeepSeek 判定为不相关，已自动过滤。
2026-08-31 10:47:21,848 - INFO - 第 62 篇论文已过滤，未写入结果集
2026-08-31 10:47:24,848 - INFO - 正在处理第 63/597 篇论文
2026-08-31 10:47:24,849 - INFO - 正在评审/翻译第 63 篇论文 (尝试 1/3)
2026-08-31 10:47:24,849 - INFO - 使用模型: DeepSeek Chat
2026-08-31 10:47:25,191 - INFO - HTTP Request: POST https://api.deepseek.com/v1/chat/completions "HTTP/1.1 200 OK"
2026-08-31 10:47:29,719 - INFO - 第 63 篇论文处理成功
2026-08-31 10:47:32,719 - INFO - 第 64 篇论文已处理过，跳过
2026-08-31 10:47:32,719 - INFO - 第 65 篇论文已处理过，跳过
2026-08-31 10:47:32,720 - INFO - 第 66 篇论文已处理过，跳过
2026-08-31 10:47:32,720 - INFO - 第 67 篇论文已处理过，跳过
2026-08-31 10:47:32,720 - INFO - 第 68 篇论文已处理过，跳过
2026-08-31 10:47:32,720 - INFO - 第 69 篇论文已处理过，跳过
2026-08-31 10:47:32,720 - INFO - 第 70 篇论文已处理过，跳过
2026-08-31 10:47:32,720 - INFO - 第 71 篇论文已处理过，跳过
2026-08-31 10:47:32,720 - INFO - 第 72 篇论文已处理过，跳过
2026-08-31 10:47:32,720 - INFO - 第 73 篇论文已处理过，跳过
2026-08-31 10:47:32,720 - INFO - 第 74 篇论文已处理过，跳过
2026-08-31 10:47:32,720 - INFO - 第 75 篇论文已处理过，跳过
2026-08-31 10:47:32,720 - INFO - 第 76 篇论文已处理过，跳过
2026-08-31 10:47:32,720 - INFO - 第 77 篇论文已处理过，跳过
2026-08-31 10:47:32,720 - INFO - 第 78 篇论文已处理过，跳过
2026-08-31 10:47:32,720 - INFO - 第 79 篇论文已处理过，跳过
2026-08-31 10:47:32,720 - INFO - 第 80 篇论文已处理过，跳过
2026-08-31 10:47:32,720 - INFO - 第 81 篇论文已处理过，跳过
2026-08-31 10:47:32,720 - INFO - 第 82 篇论文已处理过，跳过
2026-08-31 10:47:32,720 - INFO - 第 83 篇论文已处理过，跳过
2026-08-31 10:47:32,720 - INFO - 第 84 篇论文已处理过，跳过
2026-08-31 10:47:32,720 - INFO - 正在处理第 85/597 篇论文
2026-08-31 10:47:32,720 - INFO - 正在评审/翻译第 85 篇论文 (尝试 1/3)
2026-08-31 10:47:32,720 - INFO - 使用模型: DeepSeek Chat
2026-08-31 10:47:33,044 - INFO - HTTP Request: POST https://api.deepseek.com/v1/chat/completions "HTTP/1.1 200 OK"
2026-08-31 10:47:33,416 - INFO - 第 85 篇论文被 DeepSeek 判定为不相关，已自动过滤。
2026-08-31 10:47:33,417 - INFO - 第 85 篇论文已过滤，未写入结果集
2026-08-31 10:47:36,417 - INFO - 第 86 篇论文已处理过，跳过
2026-08-31 10:47:36,418 - INFO - 正在处理第 87/597 篇论文
2026-08-31 10:47:36,418 - INFO - 正在评审/翻译第 87 篇论文 (尝试 1/3)
2026-08-31 10:47:36,418 - INFO - 使用模型: DeepSeek Chat
2026-08-31 10:47:36,769 - INFO - HTTP Request: POST https://api.deepseek.com/v1/chat/completions "HTTP/1.1 200 OK"
2026-08-31 10:47:42,046 - INFO - 第 87 篇论文处理成功
2026-08-31 10:47:45,046 - INFO - 第 88 篇论文已处理过，跳过
2026-08-31 10:47:45,046 - INFO - 第 89 篇论文已处理过，跳过
2026-08-31 10:47:45,046 - INFO - 正在处理第 90/597 篇论文
2026-08-31 10:47:45,046 - INFO - 正在评审/翻译第 90 篇论文 (尝试 1/3)
2026-08-31 10:47:45,046 - INFO - 使用模型: DeepSeek Chat
2026-08-31 10:47:45,390 - INFO - HTTP Request: POST https://api.deepseek.com/v1/chat/completions "HTTP/1.1 200 OK"
2026-08-31 10:47:48,854 - INFO - 第 90 篇论文处理成功
2026-08-31 10:47:51,854 - INFO - 第 91 篇论文已处理过，跳过
2026-08-31 10:47:51,855 - INFO - 第 92 篇论文已处理过，跳过
2026-08-31 10:47:51,855 - INFO - 第 93 篇论文已处理过，跳过
2026-08-31 10:47:51,855 - INFO - 第 94 篇论文已处理过，跳过
2026-08-31 10:47:51,855 - INFO - 第 95 篇论文已处理过，跳过
2026-08-31 10:47:51,855 - INFO - 正在处理第 96/597 篇论文
2026-08-31 10:47:51,855 - INFO - 正在评审/翻译第 96 篇论文 (尝试 1/3)
2026-08-31 10:47:51,855 - INFO - 使用模型: DeepSeek Chat
2026-08-31 10:47:52,196 - INFO - HTTP Request: POST https://api.deepseek.com/v1/chat/completions "HTTP/1.1 200 OK"
2026-08-31 10:47:55,970 - INFO - 第 96 篇论文处理成功
2026-08-31 10:47:58,970 - INFO - 正在处理第 97/597 篇论文
2026-08-31 10:47:58,970 - INFO - 正在评审/翻译第 97 篇论文 (尝试 1/3)
2026-08-31 10:47:58,970 - INFO - 使用模型: DeepSeek Chat
2026-08-31 10:47:59,307 - INFO - HTTP Request: POST https://api.deepseek.com/v1/chat/completions "HTTP/1.1 200 OK"
2026-08-31 10:48:01,587 - INFO - 第 97 篇论文处理成功
2026-08-31 10:48:04,587 - INFO - 第 98 篇论文已处理过，跳过
2026-08-31 10:48:04,587 - INFO - 第 99 篇论文已处理过，跳过
2026-08-31 10:48:04,587 - INFO - 正在处理第 100/597 篇论文
2026-08-31 10:48:04,587 - INFO - 正在评审/翻译第 100 篇论文 (尝试 1/3)
2026-08-31 10:48:04,588 - INFO - 使用模型: DeepSeek Chat
2026-08-31 10:48:04,924 - INFO - HTTP Request: POST https://api.deepseek.com/v1/chat/completions "HTTP/1.1 200 OK"
2026-08-31 10:48:05,576 - INFO - 第 100 篇论文被 DeepSeek 判定为不相关，已自动过滤。
2026-08-31 10:48:05,577 - INFO - 第 100 篇论文已过滤，未写入结果集
2026-08-31 10:48:08,577 - INFO - 第 101 篇论文已处理过，跳过
2026-08-31 10:48:08,577 - INFO - 第 102 篇论文已处理过，跳过
2026-08-31 10:48:08,577 - INFO - 第 103 篇论文已处理过，跳过
2026-08-31 10:48:08,577 - INFO - 第 104 篇论文已处理过，跳过
2026-08-31 10:48:08,577 - INFO - 第 105 篇论文已处理过，跳过
2026-08-31 10:48:08,577 - INFO - 第 106 篇论文已处理过，跳过
2026-08-31 10:48:08,577 - INFO - 第 107 篇论文已处理过，跳过
2026-08-31 10:48:08,577 - INFO - 第 108 篇论文已处理过，跳过
2026-08-31 10:48:08,578 - INFO - 第 109 篇论文已处理过，跳过
2026-08-31 10:48:08,578 - INFO - 正在处理第 110/597 篇论文
2026-08-31 10:48:08,578 - INFO - 正在评审/翻译第 110 篇论文 (尝试 1/3)
2026-08-31 10:48:08,578 - INFO - 使用模型: DeepSeek Chat
2026-08-31 10:48:08,926 - INFO - HTTP Request: POST https://api.deepseek.com/v1/chat/completions "HTTP/1.1 200 OK"
2026-08-31 10:48:09,708 - INFO - 第 110 篇论文被 DeepSeek 判定为不相关，已自动过滤。
2026-08-31 10:48:09,709 - INFO - 第 110 篇论文已过滤，未写入结果集
2026-08-31 10:48:12,709 - INFO - 正在处理第 111/597 篇论文
2026-08-31 10:48:12,709 - INFO - 正在评审/翻译第 111 篇论文 (尝试 1/3)
2026-08-31 10:48:12,709 - INFO - 使用模型: DeepSeek Chat
2026-08-31 10:48:13,043 - INFO - HTTP Request: POST https://api.deepseek.com/v1/chat/completions "HTTP/1.1 200 OK"
2026-08-31 10:48:17,413 - INFO - 第 111 篇论文处理成功
2026-08-31 10:48:20,413 - INFO - 第 112 篇论文已处理过，跳过
2026-08-31 10:48:20,413 - INFO - 第 113 篇论文已处理过，跳过
2026-08-31 10:48:20,414 - INFO - 第 114 篇论文已处理过，跳过
2026-08-31 10:48:20,414 - INFO - 第 115 篇论文已处理过，跳过
2026-08-31 10:48:20,414 - INFO - 第 116 篇论文已处理过，跳过
2026-08-31 10:48:20,414 - INFO - 第 117 篇论文已处理过，跳过
2026-08-31 10:48:20,414 - INFO - 第 118 篇论文已处理过，跳过
2026-08-31 10:48:20,414 - INFO - 正在处理第 119/597 篇论文
2026-08-31 10:48:20,414 - INFO - 正在评审/翻译第 119 篇论文 (尝试 1/3)
2026-08-31 10:48:20,414 - INFO - 使用模型: DeepSeek Chat
2026-08-31 10:48:20,767 - INFO - HTTP Request: POST https://api.deepseek.com/v1/chat/completions "HTTP/1.1 200 OK"
2026-08-31 10:48:25,896 - INFO - 第 119 篇论文处理成功
2026-08-31 10:48:28,897 - INFO - 第 120 篇论文已处理过，跳过
2026-08-31 10:48:28,897 - INFO - 第 121 篇论文已处理过，跳过
2026-08-31 10:48:28,897 - INFO - 第 122 篇论文已处理过，跳过
2026-08-31 10:48:28,897 - INFO - 第 123 篇论文已处理过，跳过
2026-08-31 10:48:28,897 - INFO - 第 124 篇论文已处理过，跳过
2026-08-31 10:48:28,897 - INFO - 第 125 篇论文已处理过，跳过
2026-08-31 10:48:28,897 - INFO - 第 126 篇论文已处理过，跳过
2026-08-31 10:48:28,897 - INFO - 第 127 篇论文已处理过，跳过
2026-08-31 10:48:28,897 - INFO - 第 128 篇论文已处理过，跳过
2026-08-31 10:48:28,897 - INFO - 第 129 篇论文已处理过，跳过
2026-08-31 10:48:28,897 - INFO - 正在处理第 130/597 篇论文
2026-08-31 10:48:28,897 - INFO - 正在评审/翻译第 130 篇论文 (尝试 1/3)
2026-08-31 10:48:28,898 - INFO - 使用模型: DeepSeek Chat
2026-08-31 10:48:29,260 - INFO - HTTP Request: POST https://api.deepseek.com/v1/chat/completions "HTTP/1.1 200 OK"
2026-08-31 10:48:34,293 - INFO - 第 130 篇论文处理成功
2026-08-31 10:48:37,293 - INFO - 第 131 篇论文已处理过，跳过
2026-08-31 10:48:37,293 - INFO - 第 132 篇论文已处理过，跳过
2026-08-31 10:48:37,293 - INFO - 第 133 篇论文已处理过，跳过
2026-08-31 10:48:37,293 - INFO - 正在处理第 134/597 篇论文
2026-08-31 10:48:37,293 - INFO - 正在评审/翻译第 134 篇论文 (尝试 1/3)
2026-08-31 10:48:37,294 - INFO - 使用模型: DeepSeek Chat
2026-08-31 10:48:37,678 - INFO - HTTP Request: POST https://api.deepseek.com/v1/chat/completions "HTTP/1.1 200 OK"
2026-08-31 10:48:43,019 - INFO - 第 134 篇论文处理成功
2026-08-31 10:48:46,019 - INFO - 第 135 篇论文已处理过，跳过
2026-08-31 10:48:46,019 - INFO - 第 136 篇论文已处理过，跳过
2026-08-31 10:48:46,019 - INFO - 第 137 篇论文已处理过，跳过
2026-08-31 10:48:46,019 - INFO - 第 138 篇论文已处理过，跳过
2026-08-31 10:48:46,019 - INFO - 第 139 篇论文已处理过，跳过
2026-08-31 10:48:46,019 - INFO - 正在处理第 140/597 篇论文
2026-08-31 10:48:46,020 - INFO - 正在评审/翻译第 140 篇论文 (尝试 1/3)
2026-08-31 10:48:46,020 - INFO - 使用模型: DeepSeek Chat
2026-08-31 10:48:46,349 - INFO - HTTP Request: POST https://api.deepseek.com/v1/chat/completions "HTTP/1.1 200 OK"
2026-08-31 10:48:46,682 - INFO - 第 140 篇论文被 DeepSeek 判定为不相关，已自动过滤。
2026-08-31 10:48:46,683 - INFO - 第 140 篇论文已过滤，未写入结果集
2026-08-31 10:48:49,684 - INFO - 第 141 篇论文已处理过，跳过
2026-08-31 10:48:49,684 - INFO - 第 142 篇论文已处理过，跳过
2026-08-31 10:48:49,684 - INFO - 第 143 篇论文已处理过，跳过
2026-08-31 10:48:49,684 - INFO - 第 144 篇论文已处理过，跳过
2026-08-31 10:48:49,684 - INFO - 第 145 篇论文已处理过，跳过
2026-08-31 10:48:49,684 - INFO - 第 146 篇论文已处理过，跳过
2026-08-31 10:48:49,684 - INFO - 第 147 篇论文已处理过，跳过
2026-08-31 10:48:49,684 - INFO - 正在处理第 148/597 篇论文
2026-08-31 10:48:49,684 - INFO - 正在评审/翻译第 148 篇论文 (尝试 1/3)
2026-08-31 10:48:49,684 - INFO - 使用模型: DeepSeek Chat
2026-08-31 10:48:50,019 - INFO - HTTP Request: POST https://api.deepseek.com/v1/chat/completions "HTTP/1.1 200 OK"
2026-08-31 10:48:50,285 - INFO - 第 148 篇论文被 DeepSeek 判定为不相关，已自动过滤。
2026-08-31 10:48:50,287 - INFO - 第 148 篇论文已过滤，未写入结果集
2026-08-31 10:48:53,287 - INFO - 正在处理第 149/597 篇论文
2026-08-31 10:48:53,287 - INFO - 正在评审/翻译第 149 篇论文 (尝试 1/3)
2026-08-31 10:48:53,287 - INFO - 使用模型: DeepSeek Chat
2026-08-31 10:48:53,615 - INFO - HTTP Request: POST https://api.deepseek.com/v1/chat/completions "HTTP/1.1 200 OK"
2026-08-31 10:48:57,027 - INFO - 第 149 篇论文处理成功
2026-08-31 10:49:00,028 - INFO - 第 150 篇论文已处理过，跳过
2026-08-31 10:49:00,028 - INFO - 第 151 篇论文已处理过，跳过
2026-08-31 10:49:00,028 - INFO - 第 152 篇论文已处理过，跳过
2026-08-31 10:49:00,028 - INFO - 第 153 篇论文已处理过，跳过
2026-08-31 10:49:00,028 - INFO - 第 154 篇论文已处理过，跳过
2026-08-31 10:49:00,028 - INFO - 第 155 篇论文已处理过，跳过
2026-08-31 10:49:00,028 - INFO - 正在处理第 156/597 篇论文
2026-08-31 10:49:00,028 - INFO - 正在评审/翻译第 156 篇论文 (尝试 1/3)
2026-08-31 10:49:00,028 - INFO - 使用模型: DeepSeek Chat
2026-08-31 10:49:00,364 - INFO - HTTP Request: POST https://api.deepseek.com/v1/chat/completions "HTTP/1.1 200 OK"
2026-08-31 10:49:04,195 - INFO - 第 156 篇论文处理成功
2026-08-31 10:49:07,195 - INFO - 第 157 篇论文已处理过，跳过
2026-08-31 10:49:07,196 - INFO - 正在处理第 158/597 篇论文
2026-08-31 10:49:07,196 - INFO - 正在评审/翻译第 158 篇论文 (尝试 1/3)
2026-08-31 10:49:07,196 - INFO - 使用模型: DeepSeek Chat
2026-08-31 10:49:07,543 - INFO - HTTP Request: POST https://api.deepseek.com/v1/chat/completions "HTTP/1.1 200 OK"
2026-08-31 10:49:11,271 - INFO - 第 158 篇论文处理成功
2026-08-31 10:49:14,271 - INFO - 第 159 篇论文已处理过，跳过
2026-08-31 10:49:14,272 - INFO - 第 160 篇论文已处理过，跳过
2026-08-31 10:49:14,272 - INFO - 第 161 篇论文已处理过，跳过
2026-08-31 10:49:14,272 - INFO - 第 162 篇论文已处理过，跳过
2026-08-31 10:49:14,272 - INFO - 第 163 篇论文已处理过，跳过
2026-08-31 10:49:14,272 - INFO - 正在处理第 164/597 篇论文
2026-08-31 10:49:14,272 - INFO - 正在评审/翻译第 164 篇论文 (尝试 1/3)
2026-08-31 10:49:14,272 - INFO - 使用模型: DeepSeek Chat
2026-08-31 10:49:14,621 - INFO - HTTP Request: POST https://api.deepseek.com/v1/chat/completions "HTTP/1.1 200 OK"
2026-08-31 10:49:18,961 - INFO - 第 164 篇论文处理成功
2026-08-31 10:49:21,961 - INFO - 正在处理第 165/597 篇论文
2026-08-31 10:49:21,961 - INFO - 正在评审/翻译第 165 篇论文 (尝试 1/3)
2026-08-31 10:49:21,961 - INFO - 使用模型: DeepSeek Chat
2026-08-31 10:49:22,310 - INFO - HTTP Request: POST https://api.deepseek.com/v1/chat/completions "HTTP/1.1 200 OK"
2026-08-31 10:49:22,750 - INFO - 第 165 篇论文被 DeepSeek 判定为不相关，已自动过滤。
2026-08-31 10:49:22,751 - INFO - 第 165 篇论文已过滤，未写入结果集
2026-08-31 10:49:25,751 - INFO - 第 166 篇论文已处理过，跳过
2026-08-31 10:49:25,751 - INFO - 第 167 篇论文已处理过，跳过
2026-08-31 10:49:25,751 - INFO - 第 168 篇论文已处理过，跳过
2026-08-31 10:49:25,751 - INFO - 第 169 篇论文已处理过，跳过
2026-08-31 10:49:25,752 - INFO - 第 170 篇论文已处理过，跳过
2026-08-31 10:49:25,752 - INFO - 第 171 篇论文已处理过，跳过
2026-08-31 10:49:25,752 - INFO - 第 172 篇论文已处理过，跳过
2026-08-31 10:49:25,752 - INFO - 第 173 篇论文已处理过，跳过
2026-08-31 10:49:25,752 - INFO - 第 174 篇论文已处理过，跳过
2026-08-31 10:49:25,752 - INFO - 第 175 篇论文已处理过，跳过
2026-08-31 10:49:25,752 - INFO - 第 176 篇论文已处理过，跳过
2026-08-31 10:49:25,752 - INFO - 第 177 篇论文已处理过，跳过
2026-08-31 10:49:25,752 - INFO - 第 178 篇论文已处理过，跳过
2026-08-31 10:49:25,752 - INFO - 第 179 篇论文已处理过，跳过
2026-08-31 10:49:25,752 - INFO - 第 180 篇论文已处理过，跳过
2026-08-31 10:49:25,752 - INFO - 第 181 篇论文已处理过，跳过
2026-08-31 10:49:25,752 - INFO - 第 182 篇论文已处理过，跳过
2026-08-31 10:49:25,752 - INFO - 正在处理第 183/597 篇论文
2026-08-31 10:49:25,753 - INFO - 正在评审/翻译第 183 篇论文 (尝试 1/3)
2026-08-31 10:49:25,753 - INFO - 使用模型: DeepSeek Chat
2026-08-31 10:49:26,090 - INFO - HTTP Request: POST https://api.deepseek.com/v1/chat/completions "HTTP/1.1 200 OK"
2026-08-31 10:49:26,372 - INFO - 第 183 篇论文被 DeepSeek 判定为不相关，已自动过滤。
2026-08-31 10:49:26,373 - INFO - 第 183 篇论文已过滤，未写入结果集
2026-08-31 10:49:29,373 - INFO - 第 184 篇论文已处理过，跳过
2026-08-31 10:49:29,373 - INFO - 第 185 篇论文已处理过，跳过
2026-08-31 10:49:29,373 - INFO - 第 186 篇论文已处理过，跳过
2026-08-31 10:49:29,373 - INFO - 第 187 篇论文已处理过，跳过
2026-08-31 10:49:29,373 - INFO - 第 188 篇论文已处理过，跳过
2026-08-31 10:49:29,374 - INFO - 第 189 篇论文已处理过，跳过
2026-08-31 10:49:29,374 - INFO - 正在处理第 190/597 篇论文
2026-08-31 10:49:29,374 - INFO - 正在评审/翻译第 190 篇论文 (尝试 1/3)
2026-08-31 10:49:29,374 - INFO - 使用模型: DeepSeek Chat
2026-08-31 10:49:29,718 - INFO - HTTP Request: POST https://api.deepseek.com/v1/chat/completions "HTTP/1.1 200 OK"
2026-08-31 10:49:31,829 - INFO - 第 190 篇论文处理成功
2026-08-31 10:49:34,829 - INFO - 第 191 篇论文已处理过，跳过
2026-08-31 10:49:34,829 - INFO - 第 192 篇论文已处理过，跳过
2026-08-31 10:49:34,829 - INFO - 第 193 篇论文已处理过，跳过
2026-08-31 10:49:34,829 - INFO - 第 194 篇论文已处理过，跳过
2026-08-31 10:49:34,829 - INFO - 第 195 篇论文已处理过，跳过
2026-08-31 10:49:34,830 - INFO - 正在处理第 196/597 篇论文
2026-08-31 10:49:34,830 - INFO - 正在评审/翻译第 196 篇论文 (尝试 1/3)
2026-08-31 10:49:34,830 - INFO - 使用模型: DeepSeek Chat
2026-08-31 10:49:35,163 - INFO - HTTP Request: POST https://api.deepseek.com/v1/chat/completions "HTTP/1.1 200 OK"
2026-08-31 10:49:38,522 - INFO - 第 196 篇论文处理成功
2026-08-31 10:49:41,522 - INFO - 正在处理第 197/597 篇论文
2026-08-31 10:49:41,522 - INFO - 正在评审/翻译第 197 篇论文 (尝试 1/3)
2026-08-31 10:49:41,522 - INFO - 使用模型: DeepSeek Chat
2026-08-31 10:49:41,858 - INFO - HTTP Request: POST https://api.deepseek.com/v1/chat/completions "HTTP/1.1 200 OK"
2026-08-31 10:49:42,395 - INFO - 第 197 篇论文被 DeepSeek 判定为不相关，已自动过滤。
2026-08-31 10:49:42,396 - INFO - 第 197 篇论文已过滤，未写入结果集
2026-08-31 10:49:45,396 - INFO - 第 198 篇论文已处理过，跳过
2026-08-31 10:49:45,396 - INFO - 第 199 篇论文已处理过，跳过
2026-08-31 10:49:45,396 - INFO - 第 200 篇论文已处理过，跳过
2026-08-31 10:49:45,396 - INFO - 第 201 篇论文已处理过，跳过
2026-08-31 10:49:45,396 - INFO - 第 202 篇论文已处理过，跳过
2026-08-31 10:49:45,396 - INFO - 第 203 篇论文已处理过，跳过
2026-08-31 10:49:45,397 - INFO - 第 204 篇论文已处理过，跳过
2026-08-31 10:49:45,397 - INFO - 第 205 篇论文已处理过，跳过
2026-08-31 10:49:45,397 - INFO - 第 206 篇论文已处理过，跳过
2026-08-31 10:49:45,397 - INFO - 正在处理第 207/597 篇论文
2026-08-31 10:49:45,397 - INFO - 正在评审/翻译第 207 篇论文 (尝试 1/3)
2026-08-31 10:49:45,397 - INFO - 使用模型: DeepSeek Chat
2026-08-31 10:49:45,747 - INFO - HTTP Request: POST https://api.deepseek.com/v1/chat/completions "HTTP/1.1 200 OK"
2026-08-31 10:49:46,033 - INFO - 第 207 篇论文被 DeepSeek 判定为不相关，已自动过滤。
2026-08-31 10:49:46,034 - INFO - 第 207 篇论文已过滤，未写入结果集
2026-08-31 10:49:49,034 - INFO - 第 208 篇论文已处理过，跳过
2026-08-31 10:49:49,034 - INFO - 第 209 篇论文已处理过，跳过
2026-08-31 10:49:49,034 - INFO - 第 210 篇论文已处理过，跳过
2026-08-31 10:49:49,034 - INFO - 第 211 篇论文已处理过，跳过
2026-08-31 10:49:49,034 - INFO - 第 212 篇论文已处理过，跳过
2026-08-31 10:49:49,034 - INFO - 第 213 篇论文已处理过，跳过
2026-08-31 10:49:49,035 - INFO - 第 214 篇论文已处理过，跳过
2026-08-31 10:49:49,035 - INFO - 第 215 篇论文已处理过，跳过
2026-08-31 10:49:49,035 - INFO - 第 216 篇论文已处理过，跳过
2026-08-31 10:49:49,035 - INFO - 第 217 篇论文已处理过，跳过
2026-08-31 10:49:49,035 - INFO - 正在处理第 218/597 篇论文
2026-08-31 10:49:49,035 - INFO - 正在评审/翻译第 218 篇论文 (尝试 1/3)
2026-08-31 10:49:49,035 - INFO - 使用模型: DeepSeek Chat
2026-08-31 10:49:49,373 - INFO - HTTP Request: POST https://api.deepseek.com/v1/chat/completions "HTTP/1.1 200 OK"
2026-08-31 10:49:53,612 - INFO - 第 218 篇论文处理成功
2026-08-31 10:49:56,612 - INFO - 第 219 篇论文已处理过，跳过
2026-08-31 10:49:56,612 - INFO - 第 220 篇论文已处理过，跳过
2026-08-31 10:49:56,612 - INFO - 正在处理第 221/597 篇论文
2026-08-31 10:49:56,612 - INFO - 正在评审/翻译第 221 篇论文 (尝试 1/3)
2026-08-31 10:49:56,613 - INFO - 使用模型: DeepSeek Chat
2026-08-31 10:49:56,946 - INFO - HTTP Request: POST https://api.deepseek.com/v1/chat/completions "HTTP/1.1 200 OK"
2026-08-31 10:50:01,178 - INFO - 第 221 篇论文处理成功
2026-08-31 10:50:04,178 - INFO - 第 222 篇论文已处理过，跳过
2026-08-31 10:50:04,178 - INFO - 第 223 篇论文已处理过，跳过
2026-08-31 10:50:04,178 - INFO - 第 224 篇论文已处理过，跳过
2026-08-31 10:50:04,178 - INFO - 第 225 篇论文已处理过，跳过
2026-08-31 10:50:04,178 - INFO - 第 226 篇论文已处理过，跳过
2026-08-31 10:50:04,179 - INFO - 正在处理第 227/597 篇论文
2026-08-31 10:50:04,179 - INFO - 正在评审/翻译第 227 篇论文 (尝试 1/3)
2026-08-31 10:50:04,179 - INFO - 使用模型: DeepSeek Chat
2026-08-31 10:50:04,516 - INFO - HTTP Request: POST https://api.deepseek.com/v1/chat/completions "HTTP/1.1 200 OK"
2026-08-31 10:50:08,782 - INFO - 第 227 篇论文处理成功
2026-08-31 10:50:11,783 - INFO - 第 228 篇论文已处理过，跳过
2026-08-31 10:50:11,783 - INFO - 正在处理第 229/597 篇论文
2026-08-31 10:50:11,783 - INFO - 正在评审/翻译第 229 篇论文 (尝试 1/3)
2026-08-31 10:50:11,783 - INFO - 使用模型: DeepSeek Chat
2026-08-31 10:50:12,129 - INFO - HTTP Request: POST https://api.deepseek.com/v1/chat/completions "HTTP/1.1 200 OK"
2026-08-31 10:50:16,049 - INFO - 第 229 篇论文处理成功
2026-08-31 10:50:19,049 - INFO - 第 230 篇论文已处理过，跳过
2026-08-31 10:50:19,050 - INFO - 第 231 篇论文已处理过，跳过
2026-08-31 10:50:19,050 - INFO - 第 232 篇论文已处理过，跳过
2026-08-31 10:50:19,050 - INFO - 第 233 篇论文已处理过，跳过
2026-08-31 10:50:19,050 - INFO - 第 234 篇论文已处理过，跳过
2026-08-31 10:50:19,050 - INFO - 第 235 篇论文已处理过，跳过
2026-08-31 10:50:19,050 - INFO - 正在处理第 236/597 篇论文
2026-08-31 10:50:19,050 - INFO - 正在评审/翻译第 236 篇论文 (尝试 1/3)
2026-08-31 10:50:19,050 - INFO - 使用模型: DeepSeek Chat
2026-08-31 10:50:19,436 - INFO - HTTP Request: POST https://api.deepseek.com/v1/chat/completions "HTTP/1.1 200 OK"
2026-08-31 10:50:19,709 - INFO - 第 236 篇论文被 DeepSeek 判定为不相关，已自动过滤。
2026-08-31 10:50:19,710 - INFO - 第 236 篇论文已过滤，未写入结果集
2026-08-31 10:50:22,710 - INFO - 第 237 篇论文已处理过，跳过
2026-08-31 10:50:22,710 - INFO - 第 238 篇论文已处理过，跳过
2026-08-31 10:50:22,710 - INFO - 第 239 篇论文已处理过，跳过
2026-08-31 10:50:22,710 - INFO - 第 240 篇论文已处理过，跳过
2026-08-31 10:50:22,710 - INFO - 第 241 篇论文已处理过，跳过
2026-08-31 10:50:22,710 - INFO - 第 242 篇论文已处理过，跳过
2026-08-31 10:50:22,710 - INFO - 第 243 篇论文已处理过，跳过
2026-08-31 10:50:22,710 - INFO - 第 244 篇论文已处理过，跳过
2026-08-31 10:50:22,711 - INFO - 第 245 篇论文已处理过，跳过
2026-08-31 10:50:22,711 - INFO - 第 246 篇论文已处理过，跳过
2026-08-31 10:50:22,711 - INFO - 第 247 篇论文已处理过，跳过
2026-08-31 10:50:22,711 - INFO - 第 248 篇论文已处理过，跳过
2026-08-31 10:50:22,711 - INFO - 第 249 篇论文已处理过，跳过
2026-08-31 10:50:22,711 - INFO - 第 250 篇论文已处理过，跳过
2026-08-31 10:50:22,711 - INFO - 第 251 篇论文已处理过，跳过
2026-08-31 10:50:22,711 - INFO - 第 252 篇论文已处理过，跳过
2026-08-31 10:50:22,711 - INFO - 正在处理第 253/597 篇论文
2026-08-31 10:50:22,711 - INFO - 正在评审/翻译第 253 篇论文 (尝试 1/3)
2026-08-31 10:50:22,711 - INFO - 使用模型: DeepSeek Chat
2026-08-31 10:50:23,035 - INFO - HTTP Request: POST https://api.deepseek.com/v1/chat/completions "HTTP/1.1 200 OK"
2026-08-31 10:50:26,263 - INFO - 第 253 篇论文处理成功
2026-08-31 10:50:29,263 - INFO - 正在处理第 254/597 篇论文
2026-08-31 10:50:29,264 - INFO - 正在评审/翻译第 254 篇论文 (尝试 1/3)
2026-08-31 10:50:29,264 - INFO - 使用模型: DeepSeek Chat
2026-08-31 10:50:29,605 - INFO - HTTP Request: POST https://api.deepseek.com/v1/chat/completions "HTTP/1.1 200 OK"
2026-08-31 10:50:33,087 - INFO - 第 254 篇论文处理成功
2026-08-31 10:50:36,087 - INFO - 第 255 篇论文已处理过，跳过
2026-08-31 10:50:36,087 - INFO - 正在处理第 256/597 篇论文
2026-08-31 10:50:36,087 - INFO - 正在评审/翻译第 256 篇论文 (尝试 1/3)
2026-08-31 10:50:36,087 - INFO - 使用模型: DeepSeek Chat
2026-08-31 10:50:36,463 - INFO - HTTP Request: POST https://api.deepseek.com/v1/chat/completions "HTTP/1.1 200 OK"
2026-08-31 10:50:39,770 - INFO - 第 256 篇论文处理成功
2026-08-31 10:50:42,770 - INFO - 第 257 篇论文已处理过，跳过
2026-08-31 10:50:42,770 - INFO - 第 258 篇论文已处理过，跳过
2026-08-31 10:50:42,770 - INFO - 第 259 篇论文已处理过，跳过
2026-08-31 10:50:42,770 - INFO - 正在处理第 260/597 篇论文
2026-08-31 10:50:42,771 - INFO - 正在评审/翻译第 260 篇论文 (尝试 1/3)
2026-08-31 10:50:42,771 - INFO - 使用模型: DeepSeek Chat
2026-08-31 10:50:43,123 - INFO - HTTP Request: POST https://api.deepseek.com/v1/chat/completions "HTTP/1.1 200 OK"
2026-08-31 10:50:47,053 - INFO - 第 260 篇论文处理成功
2026-08-31 10:50:50,053 - INFO - 第 261 篇论文已处理过，跳过
2026-08-31 10:50:50,053 - INFO - 第 262 篇论文已处理过，跳过
2026-08-31 10:50:50,053 - INFO - 第 263 篇论文已处理过，跳过
2026-08-31 10:50:50,053 - INFO - 第 264 篇论文已处理过，跳过
2026-08-31 10:50:50,054 - INFO - 第 265 篇论文已处理过，跳过
2026-08-31 10:50:50,054 - INFO - 第 266 篇论文已处理过，跳过
2026-08-31 10:50:50,054 - INFO - 第 267 篇论文已处理过，跳过
2026-08-31 10:50:50,054 - INFO - 第 268 篇论文已处理过，跳过
2026-08-31 10:50:50,054 - INFO - 第 269 篇论文已处理过，跳过
2026-08-31 10:50:50,054 - INFO - 正在处理第 270/597 篇论文
2026-08-31 10:50:50,054 - INFO - 正在评审/翻译第 270 篇论文 (尝试 1/3)
2026-08-31 10:50:50,054 - INFO - 使用模型: DeepSeek Chat
2026-08-31 10:50:50,385 - INFO - HTTP Request: POST https://api.deepseek.com/v1/chat/completions "HTTP/1.1 200 OK"
2026-08-31 10:50:55,393 - INFO - 第 270 篇论文处理成功
2026-08-31 10:50:58,394 - INFO - 正在处理第 271/597 篇论文
2026-08-31 10:50:58,394 - INFO - 正在评审/翻译第 271 篇论文 (尝试 1/3)
2026-08-31 10:50:58,394 - INFO - 使用模型: DeepSeek Chat
2026-08-31 10:50:58,738 - INFO - HTTP Request: POST https://api.deepseek.com/v1/chat/completions "HTTP/1.1 200 OK"
2026-08-31 10:51:01,127 - INFO - 第 271 篇论文处理成功
2026-08-31 10:51:04,127 - INFO - 第 272 篇论文已处理过，跳过
2026-08-31 10:51:04,127 - INFO - 第 273 篇论文已处理过，跳过
2026-08-31 10:51:04,127 - INFO - 第 274 篇论文已处理过，跳过
2026-08-31 10:51:04,127 - INFO - 第 275 篇论文已处理过，跳过
2026-08-31 10:51:04,127 - INFO - 第 276 篇论文已处理过，跳过
2026-08-31 10:51:04,127 - INFO - 第 277 篇论文已处理过，跳过
2026-08-31 10:51:04,127 - INFO - 第 278 篇论文已处理过，跳过
2026-08-31 10:51:04,128 - INFO - 第 279 篇论文已处理过，跳过
2026-08-31 10:51:04,128 - INFO - 第 280 篇论文已处理过，跳过
2026-08-31 10:51:04,128 - INFO - 第 281 篇论文已处理过，跳过
2026-08-31 10:51:04,128 - INFO - 第 282 篇论文已处理过，跳过
2026-08-31 10:51:04,128 - INFO - 第 283 篇论文已处理过，跳过
2026-08-31 10:51:04,128 - INFO - 第 284 篇论文已处理过，跳过
2026-08-31 10:51:04,128 - INFO - 正在处理第 285/597 篇论文
2026-08-31 10:51:04,128 - INFO - 正在评审/翻译第 285 篇论文 (尝试 1/3)
2026-08-31 10:51:04,128 - INFO - 使用模型: DeepSeek Chat
2026-08-31 10:51:04,501 - INFO - HTTP Request: POST https://api.deepseek.com/v1/chat/completions "HTTP/1.1 200 OK"
2026-08-31 10:51:05,048 - INFO - 第 285 篇论文被 DeepSeek 判定为不相关，已自动过滤。
2026-08-31 10:51:05,050 - INFO - 第 285 篇论文已过滤，未写入结果集
2026-08-31 10:51:08,050 - INFO - 第 286 篇论文已处理过，跳过
2026-08-31 10:51:08,050 - INFO - 第 287 篇论文已处理过，跳过
2026-08-31 10:51:08,050 - INFO - 正在处理第 288/597 篇论文
2026-08-31 10:51:08,050 - INFO - 正在评审/翻译第 288 篇论文 (尝试 1/3)
2026-08-31 10:51:08,050 - INFO - 使用模型: DeepSeek Chat
2026-08-31 10:51:08,402 - INFO - HTTP Request: POST https://api.deepseek.com/v1/chat/completions "HTTP/1.1 200 OK"
2026-08-31 10:51:11,751 - INFO - 第 288 篇论文处理成功
2026-08-31 10:51:14,751 - INFO - 第 289 篇论文已处理过，跳过
2026-08-31 10:51:14,751 - INFO - 第 290 篇论文已处理过，跳过
2026-08-31 10:51:14,751 - INFO - 第 291 篇论文已处理过，跳过
2026-08-31 10:51:14,751 - INFO - 第 292 篇论文已处理过，跳过
2026-08-31 10:51:14,751 - INFO - 第 293 篇论文已处理过，跳过
2026-08-31 10:51:14,752 - INFO - 第 294 篇论文已处理过，跳过
2026-08-31 10:51:14,752 - INFO - 第 295 篇论文已处理过，跳过
2026-08-31 10:51:14,752 - INFO - 正在处理第 296/597 篇论文
2026-08-31 10:51:14,752 - INFO - 正在评审/翻译第 296 篇论文 (尝试 1/3)
2026-08-31 10:51:14,752 - INFO - 使用模型: DeepSeek Chat
2026-08-31 10:51:15,097 - INFO - HTTP Request: POST https://api.deepseek.com/v1/chat/completions "HTTP/1.1 200 OK"
2026-08-31 10:51:20,723 - INFO - 第 296 篇论文处理成功
2026-08-31 10:51:23,723 - INFO - 正在处理第 297/597 篇论文
2026-08-31 10:51:23,723 - INFO - 正在评审/翻译第 297 篇论文 (尝试 1/3)
2026-08-31 10:51:23,724 - INFO - 使用模型: DeepSeek Chat
2026-08-31 10:51:24,064 - INFO - HTTP Request: POST https://api.deepseek.com/v1/chat/completions "HTTP/1.1 200 OK"
2026-08-31 10:51:24,471 - INFO - 第 297 篇论文被 DeepSeek 判定为不相关，已自动过滤。
2026-08-31 10:51:24,472 - INFO - 第 297 篇论文已过滤，未写入结果集
2026-08-31 10:51:27,473 - INFO - 第 298 篇论文已处理过，跳过
2026-08-31 10:51:27,473 - INFO - 第 299 篇论文已处理过，跳过
2026-08-31 10:51:27,473 - INFO - 第 300 篇论文已处理过，跳过
2026-08-31 10:51:27,473 - INFO - 第 301 篇论文已处理过，跳过
2026-08-31 10:51:27,473 - INFO - 第 302 篇论文已处理过，跳过
2026-08-31 10:51:27,473 - INFO - 第 303 篇论文已处理过，跳过
2026-08-31 10:51:27,473 - INFO - 第 304 篇论文已处理过，跳过
2026-08-31 10:51:27,473 - INFO - 第 305 篇论文已处理过，跳过
2026-08-31 10:51:27,473 - INFO - 第 306 篇论文已处理过，跳过
2026-08-31 10:51:27,474 - INFO - 第 307 篇论文已处理过，跳过
2026-08-31 10:51:27,474 - INFO - 第 308 篇论文已处理过，跳过
2026-08-31 10:51:27,474 - INFO - 第 309 篇论文已处理过，跳过
2026-08-31 10:51:27,474 - INFO - 第 310 篇论文已处理过，跳过
2026-08-31 10:51:27,474 - INFO - 第 311 篇论文已处理过，跳过
2026-08-31 10:51:27,474 - INFO - 第 312 篇论文已处理过，跳过
2026-08-31 10:51:27,474 - INFO - 第 313 篇论文已处理过，跳过
2026-08-31 10:51:27,474 - INFO - 第 314 篇论文已处理过，跳过
2026-08-31 10:51:27,474 - INFO - 第 315 篇论文已处理过，跳过
2026-08-31 10:51:27,474 - INFO - 第 316 篇论文已处理过，跳过
2026-08-31 10:51:27,474 - INFO - 第 317 篇论文已处理过，跳过
2026-08-31 10:51:27,474 - INFO - 第 318 篇论文已处理过，跳过
2026-08-31 10:51:27,474 - INFO - 第 319 篇论文已处理过，跳过
2026-08-31 10:51:27,474 - INFO - 第 320 篇论文已处理过，跳过
2026-08-31 10:51:27,474 - INFO - 第 321 篇论文已处理过，跳过
2026-08-31 10:51:27,474 - INFO - 第 322 篇论文已处理过，跳过
2026-08-31 10:51:27,474 - INFO - 第 323 篇论文已处理过，跳过
2026-08-31 10:51:27,474 - INFO - 第 324 篇论文已处理过，跳过
2026-08-31 10:51:27,474 - INFO - 正在处理第 325/597 篇论文
2026-08-31 10:51:27,474 - INFO - 正在评审/翻译第 325 篇论文 (尝试 1/3)
2026-08-31 10:51:27,474 - INFO - 使用模型: DeepSeek Chat
2026-08-31 10:51:27,800 - INFO - HTTP Request: POST https://api.deepseek.com/v1/chat/completions "HTTP/1.1 200 OK"
2026-08-31 10:51:30,593 - INFO - 第 325 篇论文处理成功
2026-08-31 10:51:33,593 - INFO - 第 326 篇论文已处理过，跳过
2026-08-31 10:51:33,594 - INFO - 第 327 篇论文已处理过，跳过
2026-08-31 10:51:33,594 - INFO - 第 328 篇论文已处理过，跳过
2026-08-31 10:51:33,594 - INFO - 第 329 篇论文已处理过，跳过
2026-08-31 10:51:33,594 - INFO - 第 330 篇论文已处理过，跳过
2026-08-31 10:51:33,594 - INFO - 第 331 篇论文已处理过，跳过
2026-08-31 10:51:33,594 - INFO - 第 332 篇论文已处理过，跳过
2026-08-31 10:51:33,594 - INFO - 第 333 篇论文已处理过，跳过
2026-08-31 10:51:33,594 - INFO - 第 334 篇论文已处理过，跳过
2026-08-31 10:51:33,594 - INFO - 正在处理第 335/597 篇论文
2026-08-31 10:51:33,594 - INFO - 正在评审/翻译第 335 篇论文 (尝试 1/3)
2026-08-31 10:51:33,594 - INFO - 使用模型: DeepSeek Chat
2026-08-31 10:51:33,922 - INFO - HTTP Request: POST https://api.deepseek.com/v1/chat/completions "HTTP/1.1 200 OK"
2026-08-31 10:51:34,505 - INFO - 第 335 篇论文被 DeepSeek 判定为不相关，已自动过滤。
2026-08-31 10:51:34,506 - INFO - 第 335 篇论文已过滤，未写入结果集
2026-08-31 10:51:37,506 - INFO - 第 336 篇论文已处理过，跳过
2026-08-31 10:51:37,506 - INFO - 第 337 篇论文已处理过，跳过
2026-08-31 10:51:37,506 - INFO - 第 338 篇论文已处理过，跳过
2026-08-31 10:51:37,506 - INFO - 第 339 篇论文已处理过，跳过
2026-08-31 10:51:37,506 - INFO - 第 340 篇论文已处理过，跳过
2026-08-31 10:51:37,506 - INFO - 第 341 篇论文已处理过，跳过
2026-08-31 10:51:37,506 - INFO - 第 342 篇论文已处理过，跳过
2026-08-31 10:51:37,506 - INFO - 第 343 篇论文已处理过，跳过
2026-08-31 10:51:37,506 - INFO - 第 344 篇论文已处理过，跳过
2026-08-31 10:51:37,506 - INFO - 正在处理第 345/597 篇论文
2026-08-31 10:51:37,507 - INFO - 正在评审/翻译第 345 篇论文 (尝试 1/3)
2026-08-31 10:51:37,507 - INFO - 使用模型: DeepSeek Chat
2026-08-31 10:51:37,850 - INFO - HTTP Request: POST https://api.deepseek.com/v1/chat/completions "HTTP/1.1 200 OK"
2026-08-31 10:51:41,862 - INFO - 第 345 篇论文处理成功
2026-08-31 10:51:44,863 - INFO - 第 346 篇论文已处理过，跳过
2026-08-31 10:51:44,863 - INFO - 第 347 篇论文已处理过，跳过
2026-08-31 10:51:44,863 - INFO - 正在处理第 348/597 篇论文
2026-08-31 10:51:44,863 - INFO - 正在评审/翻译第 348 篇论文 (尝试 1/3)
2026-08-31 10:51:44,863 - INFO - 使用模型: DeepSeek Chat
2026-08-31 10:51:45,204 - INFO - HTTP Request: POST https://api.deepseek.com/v1/chat/completions "HTTP/1.1 200 OK"
2026-08-31 10:51:48,039 - INFO - 第 348 篇论文处理成功
2026-08-31 10:51:51,039 - INFO - 第 349 篇论文已处理过，跳过
2026-08-31 10:51:51,040 - INFO - 第 350 篇论文已处理过，跳过
2026-08-31 10:51:51,040 - INFO - 第 351 篇论文已处理过，跳过
2026-08-31 10:51:51,040 - INFO - 第 352 篇论文已处理过，跳过
2026-08-31 10:51:51,040 - INFO - 第 353 篇论文已处理过，跳过
2026-08-31 10:51:51,040 - INFO - 第 354 篇论文已处理过，跳过
2026-08-31 10:51:51,040 - INFO - 正在处理第 355/597 篇论文
2026-08-31 10:51:51,040 - INFO - 正在评审/翻译第 355 篇论文 (尝试 1/3)
2026-08-31 10:51:51,040 - INFO - 使用模型: DeepSeek Chat
2026-08-31 10:51:51,382 - INFO - HTTP Request: POST https://api.deepseek.com/v1/chat/completions "HTTP/1.1 200 OK"
2026-08-31 10:51:51,857 - INFO - 第 355 篇论文被 DeepSeek 判定为不相关，已自动过滤。
2026-08-31 10:51:51,858 - INFO - 第 355 篇论文已过滤，未写入结果集
2026-08-31 10:51:54,858 - INFO - 第 356 篇论文已处理过，跳过
2026-08-31 10:51:54,858 - INFO - 第 357 篇论文已处理过，跳过
2026-08-31 10:51:54,858 - INFO - 第 358 篇论文已处理过，跳过
2026-08-31 10:51:54,859 - INFO - 正在处理第 359/597 篇论文
2026-08-31 10:51:54,859 - INFO - 正在评审/翻译第 359 篇论文 (尝试 1/3)
2026-08-31 10:51:54,859 - INFO - 使用模型: DeepSeek Chat
2026-08-31 10:51:55,202 - INFO - HTTP Request: POST https://api.deepseek.com/v1/chat/completions "HTTP/1.1 200 OK"
2026-08-31 10:51:58,448 - INFO - 第 359 篇论文处理成功
2026-08-31 10:52:01,448 - INFO - 正在处理第 360/597 篇论文
2026-08-31 10:52:01,448 - INFO - 正在评审/翻译第 360 篇论文 (尝试 1/3)
2026-08-31 10:52:01,448 - INFO - 使用模型: DeepSeek Chat
2026-08-31 10:52:01,820 - INFO - HTTP Request: POST https://api.deepseek.com/v1/chat/completions "HTTP/1.1 200 OK"
2026-08-31 10:52:02,606 - INFO - 第 360 篇论文被 DeepSeek 判定为不相关，已自动过滤。
2026-08-31 10:52:02,607 - INFO - 第 360 篇论文已过滤，未写入结果集
2026-08-31 10:52:05,607 - INFO - 正在处理第 361/597 篇论文
2026-08-31 10:52:05,607 - INFO - 正在评审/翻译第 361 篇论文 (尝试 1/3)
2026-08-31 10:52:05,608 - INFO - 使用模型: DeepSeek Chat
2026-08-31 10:52:05,943 - INFO - HTTP Request: POST https://api.deepseek.com/v1/chat/completions "HTTP/1.1 200 OK"
2026-08-31 10:52:08,859 - INFO - 第 361 篇论文处理成功
2026-08-31 10:52:11,859 - INFO - 第 362 篇论文已处理过，跳过
2026-08-31 10:52:11,860 - INFO - 第 363 篇论文已处理过，跳过
2026-08-31 10:52:11,860 - INFO - 第 364 篇论文已处理过，跳过
2026-08-31 10:52:11,860 - INFO - 正在处理第 365/597 篇论文
2026-08-31 10:52:11,860 - INFO - 正在评审/翻译第 365 篇论文 (尝试 1/3)
2026-08-31 10:52:11,860 - INFO - 使用模型: DeepSeek Chat
2026-08-31 10:52:12,194 - INFO - HTTP Request: POST https://api.deepseek.com/v1/chat/completions "HTTP/1.1 200 OK"
2026-08-31 10:52:12,465 - INFO - 第 365 篇论文被 DeepSeek 判定为不相关，已自动过滤。
2026-08-31 10:52:12,466 - INFO - 第 365 篇论文已过滤，未写入结果集
2026-08-31 10:52:15,466 - INFO - 第 366 篇论文已处理过，跳过
2026-08-31 10:52:15,466 - INFO - 正在处理第 367/597 篇论文
2026-08-31 10:52:15,466 - INFO - 正在评审/翻译第 367 篇论文 (尝试 1/3)
2026-08-31 10:52:15,467 - INFO - 使用模型: DeepSeek Chat
2026-08-31 10:52:15,807 - INFO - HTTP Request: POST https://api.deepseek.com/v1/chat/completions "HTTP/1.1 200 OK"
2026-08-31 10:52:19,016 - INFO - 第 367 篇论文处理成功
2026-08-31 10:52:22,016 - INFO - 第 368 篇论文已处理过，跳过
2026-08-31 10:52:22,017 - INFO - 第 369 篇论文已处理过，跳过
2026-08-31 10:52:22,017 - INFO - 第 370 篇论文已处理过，跳过
2026-08-31 10:52:22,017 - INFO - 第 371 篇论文已处理过，跳过
2026-08-31 10:52:22,017 - INFO - 第 372 篇论文已处理过，跳过
2026-08-31 10:52:22,017 - INFO - 第 373 篇论文已处理过，跳过
2026-08-31 10:52:22,017 - INFO - 第 374 篇论文已处理过，跳过
2026-08-31 10:52:22,017 - INFO - 第 375 篇论文已处理过，跳过
2026-08-31 10:52:22,017 - INFO - 第 376 篇论文已处理过，跳过
2026-08-31 10:52:22,017 - INFO - 第 377 篇论文已处理过，跳过
2026-08-31 10:52:22,017 - INFO - 第 378 篇论文已处理过，跳过
2026-08-31 10:52:22,017 - INFO - 第 379 篇论文已处理过，跳过
2026-08-31 10:52:22,017 - INFO - 第 380 篇论文已处理过，跳过
2026-08-31 10:52:22,017 - INFO - 第 381 篇论文已处理过，跳过
2026-08-31 10:52:22,017 - INFO - 第 382 篇论文已处理过，跳过
2026-08-31 10:52:22,017 - INFO - 第 383 篇论文已处理过，跳过
2026-08-31 10:52:22,017 - INFO - 第 384 篇论文已处理过，跳过
2026-08-31 10:52:22,018 - INFO - 第 385 篇论文已处理过，跳过
2026-08-31 10:52:22,018 - INFO - 第 386 篇论文已处理过，跳过
2026-08-31 10:52:22,018 - INFO - 正在处理第 387/597 篇论文
2026-08-31 10:52:22,018 - INFO - 正在评审/翻译第 387 篇论文 (尝试 1/3)
2026-08-31 10:52:22,018 - INFO - 使用模型: DeepSeek Chat
2026-08-31 10:52:22,356 - INFO - HTTP Request: POST https://api.deepseek.com/v1/chat/completions "HTTP/1.1 200 OK"
2026-08-31 10:52:22,812 - INFO - 第 387 篇论文被 DeepSeek 判定为不相关，已自动过滤。
2026-08-31 10:52:22,813 - INFO - 第 387 篇论文已过滤，未写入结果集
2026-08-31 10:52:25,813 - INFO - 第 388 篇论文已处理过，跳过
2026-08-31 10:52:25,813 - INFO - 第 389 篇论文已处理过，跳过
2026-08-31 10:52:25,813 - INFO - 正在处理第 390/597 篇论文
2026-08-31 10:52:25,813 - INFO - 正在评审/翻译第 390 篇论文 (尝试 1/3)
2026-08-31 10:52:25,814 - INFO - 使用模型: DeepSeek Chat
2026-08-31 10:52:26,162 - INFO - HTTP Request: POST https://api.deepseek.com/v1/chat/completions "HTTP/1.1 200 OK"
2026-08-31 10:52:29,544 - INFO - 第 390 篇论文处理成功
2026-08-31 10:52:32,544 - INFO - 第 391 篇论文已处理过，跳过
2026-08-31 10:52:32,544 - INFO - 正在处理第 392/597 篇论文
2026-08-31 10:52:32,544 - INFO - 正在评审/翻译第 392 篇论文 (尝试 1/3)
2026-08-31 10:52:32,544 - INFO - 使用模型: DeepSeek Chat
2026-08-31 10:52:32,887 - INFO - HTTP Request: POST https://api.deepseek.com/v1/chat/completions "HTTP/1.1 200 OK"
2026-08-31 10:52:35,645 - INFO - 第 392 篇论文处理成功
2026-08-31 10:52:38,645 - INFO - 第 393 篇论文已处理过，跳过
2026-08-31 10:52:38,645 - INFO - 正在处理第 394/597 篇论文
2026-08-31 10:52:38,645 - INFO - 正在评审/翻译第 394 篇论文 (尝试 1/3)
2026-08-31 10:52:38,646 - INFO - 使用模型: DeepSeek Chat
2026-08-31 10:52:38,975 - INFO - HTTP Request: POST https://api.deepseek.com/v1/chat/completions "HTTP/1.1 200 OK"
2026-08-31 10:52:43,170 - INFO - 第 394 篇论文处理成功
2026-08-31 10:52:46,170 - INFO - 第 395 篇论文已处理过，跳过
2026-08-31 10:52:46,170 - INFO - 第 396 篇论文已处理过，跳过
2026-08-31 10:52:46,170 - INFO - 第 397 篇论文已处理过，跳过
2026-08-31 10:52:46,170 - INFO - 正在处理第 398/597 篇论文
2026-08-31 10:52:46,170 - INFO - 正在评审/翻译第 398 篇论文 (尝试 1/3)
2026-08-31 10:52:46,170 - INFO - 使用模型: DeepSeek Chat
2026-08-31 10:52:46,536 - INFO - HTTP Request: POST https://api.deepseek.com/v1/chat/completions "HTTP/1.1 200 OK"
2026-08-31 10:52:50,292 - INFO - 第 398 篇论文处理成功
2026-08-31 10:52:53,292 - INFO - 第 399 篇论文已处理过，跳过
2026-08-31 10:52:53,292 - INFO - 第 400 篇论文已处理过，跳过
2026-08-31 10:52:53,292 - INFO - 正在处理第 401/597 篇论文
2026-08-31 10:52:53,293 - INFO - 正在评审/翻译第 401 篇论文 (尝试 1/3)
2026-08-31 10:52:53,293 - INFO - 使用模型: DeepSeek Chat
2026-08-31 10:52:53,629 - INFO - HTTP Request: POST https://api.deepseek.com/v1/chat/completions "HTTP/1.1 200 OK"
2026-08-31 10:52:57,424 - INFO - 第 401 篇论文处理成功
2026-08-31 10:53:00,424 - INFO - 正在处理第 402/597 篇论文
2026-08-31 10:53:00,424 - INFO - 正在评审/翻译第 402 篇论文 (尝试 1/3)
2026-08-31 10:53:00,424 - INFO - 使用模型: DeepSeek Chat
2026-08-31 10:53:00,762 - INFO - HTTP Request: POST https://api.deepseek.com/v1/chat/completions "HTTP/1.1 200 OK"
2026-08-31 10:53:04,787 - INFO - 第 402 篇论文处理成功
2026-08-31 10:53:07,787 - INFO - 第 403 篇论文已处理过，跳过
2026-08-31 10:53:07,787 - INFO - 第 404 篇论文已处理过，跳过
2026-08-31 10:53:07,787 - INFO - 第 405 篇论文已处理过，跳过
2026-08-31 10:53:07,787 - INFO - 第 406 篇论文已处理过，跳过
2026-08-31 10:53:07,787 - INFO - 第 407 篇论文已处理过，跳过
2026-08-31 10:53:07,787 - INFO - 第 408 篇论文已处理过，跳过
2026-08-31 10:53:07,787 - INFO - 第 409 篇论文已处理过，跳过
2026-08-31 10:53:07,787 - INFO - 第 410 篇论文已处理过，跳过
2026-08-31 10:53:07,787 - INFO - 正在处理第 411/597 篇论文
2026-08-31 10:53:07,787 - INFO - 正在评审/翻译第 411 篇论文 (尝试 1/3)
2026-08-31 10:53:07,788 - INFO - 使用模型: DeepSeek Chat
2026-08-31 10:53:08,118 - INFO - HTTP Request: POST https://api.deepseek.com/v1/chat/completions "HTTP/1.1 200 OK"
2026-08-31 10:53:11,598 - INFO - 第 411 篇论文处理成功
2026-08-31 10:53:14,598 - INFO - 第 412 篇论文已处理过，跳过
2026-08-31 10:53:14,598 - INFO - 第 413 篇论文已处理过，跳过
2026-08-31 10:53:14,598 - INFO - 第 414 篇论文已处理过，跳过
2026-08-31 10:53:14,598 - INFO - 第 415 篇论文已处理过，跳过
2026-08-31 10:53:14,598 - INFO - 第 416 篇论文已处理过，跳过
2026-08-31 10:53:14,598 - INFO - 第 417 篇论文已处理过，跳过
2026-08-31 10:53:14,598 - INFO - 正在处理第 418/597 篇论文
2026-08-31 10:53:14,599 - INFO - 正在评审/翻译第 418 篇论文 (尝试 1/3)
2026-08-31 10:53:14,599 - INFO - 使用模型: DeepSeek Chat
2026-08-31 10:53:14,940 - INFO - HTTP Request: POST https://api.deepseek.com/v1/chat/completions "HTTP/1.1 200 OK"
2026-08-31 10:53:15,660 - INFO - 第 418 篇论文被 DeepSeek 判定为不相关，已自动过滤。
2026-08-31 10:53:15,661 - INFO - 第 418 篇论文已过滤，未写入结果集
2026-08-31 10:53:18,661 - INFO - 第 419 篇论文已处理过，跳过
2026-08-31 10:53:18,661 - INFO - 第 420 篇论文已处理过，跳过
2026-08-31 10:53:18,661 - INFO - 第 421 篇论文已处理过，跳过
2026-08-31 10:53:18,661 - INFO - 第 422 篇论文已处理过，跳过
2026-08-31 10:53:18,661 - INFO - 正在处理第 423/597 篇论文
2026-08-31 10:53:18,661 - INFO - 正在评审/翻译第 423 篇论文 (尝试 1/3)
2026-08-31 10:53:18,661 - INFO - 使用模型: DeepSeek Chat
2026-08-31 10:53:19,096 - INFO - HTTP Request: POST https://api.deepseek.com/v1/chat/completions "HTTP/1.1 200 OK"
2026-08-31 10:53:21,871 - INFO - 第 423 篇论文处理成功
2026-08-31 10:53:24,871 - INFO - 第 424 篇论文已处理过，跳过
2026-08-31 10:53:24,871 - INFO - 第 425 篇论文已处理过，跳过
2026-08-31 10:53:24,871 - INFO - 正在处理第 426/597 篇论文
2026-08-31 10:53:24,871 - INFO - 正在评审/翻译第 426 篇论文 (尝试 1/3)
2026-08-31 10:53:24,872 - INFO - 使用模型: DeepSeek Chat
2026-08-31 10:53:25,218 - INFO - HTTP Request: POST https://api.deepseek.com/v1/chat/completions "HTTP/1.1 200 OK"
2026-08-31 10:53:29,080 - INFO - 第 426 篇论文处理成功
2026-08-31 10:53:32,080 - INFO - 第 427 篇论文已处理过，跳过
2026-08-31 10:53:32,080 - INFO - 第 428 篇论文已处理过，跳过
2026-08-31 10:53:32,080 - INFO - 第 429 篇论文已处理过，跳过
2026-08-31 10:53:32,080 - INFO - 第 430 篇论文已处理过，跳过
2026-08-31 10:53:32,080 - INFO - 第 431 篇论文已处理过，跳过
2026-08-31 10:53:32,080 - INFO - 第 432 篇论文已处理过，跳过
2026-08-31 10:53:32,080 - INFO - 正在处理第 433/597 篇论文
2026-08-31 10:53:32,080 - INFO - 正在评审/翻译第 433 篇论文 (尝试 1/3)
2026-08-31 10:53:32,081 - INFO - 使用模型: DeepSeek Chat
2026-08-31 10:53:32,426 - INFO - HTTP Request: POST https://api.deepseek.com/v1/chat/completions "HTTP/1.1 200 OK"
2026-08-31 10:53:32,985 - INFO - 第 433 篇论文被 DeepSeek 判定为不相关，已自动过滤。
2026-08-31 10:53:32,986 - INFO - 第 433 篇论文已过滤，未写入结果集
2026-08-31 10:53:35,986 - INFO - 第 434 篇论文已处理过，跳过
2026-08-31 10:53:35,987 - INFO - 第 435 篇论文已处理过，跳过
2026-08-31 10:53:35,987 - INFO - 第 436 篇论文已处理过，跳过
2026-08-31 10:53:35,987 - INFO - 第 437 篇论文已处理过，跳过
2026-08-31 10:53:35,987 - INFO - 第 438 篇论文已处理过，跳过
2026-08-31 10:53:35,987 - INFO - 第 439 篇论文已处理过，跳过
2026-08-31 10:53:35,987 - INFO - 第 440 篇论文已处理过，跳过
2026-08-31 10:53:35,987 - INFO - 第 441 篇论文已处理过，跳过
2026-08-31 10:53:35,987 - INFO - 第 442 篇论文已处理过，跳过
2026-08-31 10:53:35,987 - INFO - 第 443 篇论文已处理过，跳过
2026-08-31 10:53:35,987 - INFO - 第 444 篇论文已处理过，跳过
2026-08-31 10:53:35,987 - INFO - 第 445 篇论文已处理过，跳过
2026-08-31 10:53:35,987 - INFO - 第 446 篇论文已处理过，跳过
2026-08-31 10:53:35,987 - INFO - 第 447 篇论文已处理过，跳过
2026-08-31 10:53:35,988 - INFO - 第 448 篇论文已处理过，跳过
2026-08-31 10:53:35,988 - INFO - 第 449 篇论文已处理过，跳过
2026-08-31 10:53:35,988 - INFO - 第 450 篇论文已处理过，跳过
2026-08-31 10:53:35,988 - INFO - 第 451 篇论文已处理过，跳过
2026-08-31 10:53:35,988 - INFO - 第 452 篇论文已处理过，跳过
2026-08-31 10:53:35,988 - INFO - 第 453 篇论文已处理过，跳过
2026-08-31 10:53:35,988 - INFO - 第 454 篇论文已处理过，跳过
2026-08-31 10:53:35,988 - INFO - 第 455 篇论文已处理过，跳过
2026-08-31 10:53:35,988 - INFO - 第 456 篇论文已处理过，跳过
2026-08-31 10:53:35,988 - INFO - 第 457 篇论文已处理过，跳过
2026-08-31 10:53:35,988 - INFO - 第 458 篇论文已处理过，跳过
2026-08-31 10:53:35,988 - INFO - 第 459 篇论文已处理过，跳过
2026-08-31 10:53:35,988 - INFO - 第 460 篇论文已处理过，跳过
2026-08-31 10:53:35,988 - INFO - 第 461 篇论文已处理过，跳过
2026-08-31 10:53:35,988 - INFO - 第 462 篇论文已处理过，跳过
2026-08-31 10:53:35,988 - INFO - 第 463 篇论文已处理过，跳过
2026-08-31 10:53:35,988 - INFO - 第 464 篇论文已处理过，跳过
2026-08-31 10:53:35,988 - INFO - 正在处理第 465/597 篇论文
2026-08-31 10:53:35,988 - INFO - 正在评审/翻译第 465 篇论文 (尝试 1/3)
2026-08-31 10:53:35,988 - INFO - 使用模型: DeepSeek Chat
2026-08-31 10:53:36,340 - INFO - HTTP Request: POST https://api.deepseek.com/v1/chat/completions "HTTP/1.1 200 OK"
2026-08-31 10:53:37,026 - INFO - 第 465 篇论文被 DeepSeek 判定为不相关，已自动过滤。
2026-08-31 10:53:37,027 - INFO - 第 465 篇论文已过滤，未写入结果集
2026-08-31 10:53:40,027 - INFO - 正在处理第 466/597 篇论文
2026-08-31 10:53:40,027 - INFO - 正在评审/翻译第 466 篇论文 (尝试 1/3)
2026-08-31 10:53:40,027 - INFO - 使用模型: DeepSeek Chat
2026-08-31 10:53:40,381 - INFO - HTTP Request: POST https://api.deepseek.com/v1/chat/completions "HTTP/1.1 200 OK"
2026-08-31 10:53:44,286 - INFO - 第 466 篇论文处理成功
2026-08-31 10:53:47,286 - INFO - 正在处理第 467/597 篇论文
2026-08-31 10:53:47,286 - INFO - 正在评审/翻译第 467 篇论文 (尝试 1/3)
2026-08-31 10:53:47,286 - INFO - 使用模型: DeepSeek Chat
2026-08-31 10:53:47,628 - INFO - HTTP Request: POST https://api.deepseek.com/v1/chat/completions "HTTP/1.1 200 OK"
2026-08-31 10:53:51,988 - INFO - 第 467 篇论文处理成功
2026-08-31 10:53:54,988 - INFO - 第 468 篇论文已处理过，跳过
2026-08-31 10:53:54,988 - INFO - 第 469 篇论文已处理过，跳过
2026-08-31 10:53:54,988 - INFO - 第 470 篇论文已处理过，跳过
2026-08-31 10:53:54,988 - INFO - 第 471 篇论文已处理过，跳过
2026-08-31 10:53:54,989 - INFO - 第 472 篇论文已处理过，跳过
2026-08-31 10:53:54,989 - INFO - 第 473 篇论文已处理过，跳过
2026-08-31 10:53:54,989 - INFO - 第 474 篇论文已处理过，跳过
2026-08-31 10:53:54,989 - INFO - 第 475 篇论文已处理过，跳过
2026-08-31 10:53:54,989 - INFO - 第 476 篇论文已处理过，跳过
2026-08-31 10:53:54,989 - INFO - 第 477 篇论文已处理过，跳过
2026-08-31 10:53:54,989 - INFO - 第 478 篇论文已处理过，跳过
2026-08-31 10:53:54,989 - INFO - 第 479 篇论文已处理过，跳过
2026-08-31 10:53:54,989 - INFO - 第 480 篇论文已处理过，跳过
2026-08-31 10:53:54,989 - INFO - 第 481 篇论文已处理过，跳过
2026-08-31 10:53:54,989 - INFO - 第 482 篇论文已处理过，跳过
2026-08-31 10:53:54,989 - INFO - 第 483 篇论文已处理过，跳过
2026-08-31 10:53:54,989 - INFO - 第 484 篇论文已处理过，跳过
2026-08-31 10:53:54,989 - INFO - 第 485 篇论文已处理过，跳过
2026-08-31 10:53:54,989 - INFO - 正在处理第 486/597 篇论文
2026-08-31 10:53:54,990 - INFO - 正在评审/翻译第 486 篇论文 (尝试 1/3)
2026-08-31 10:53:54,990 - INFO - 使用模型: DeepSeek Chat
2026-08-31 10:53:55,337 - INFO - HTTP Request: POST https://api.deepseek.com/v1/chat/completions "HTTP/1.1 200 OK"
2026-08-31 10:53:59,885 - INFO - 第 486 篇论文处理成功
2026-08-31 10:54:02,885 - INFO - 第 487 篇论文已处理过，跳过
2026-08-31 10:54:02,885 - INFO - 第 488 篇论文已处理过，跳过
2026-08-31 10:54:02,885 - INFO - 第 489 篇论文已处理过，跳过
2026-08-31 10:54:02,885 - INFO - 第 490 篇论文已处理过，跳过
2026-08-31 10:54:02,885 - INFO - 正在处理第 491/597 篇论文
2026-08-31 10:54:02,885 - INFO - 正在评审/翻译第 491 篇论文 (尝试 1/3)
2026-08-31 10:54:02,886 - INFO - 使用模型: DeepSeek Chat
2026-08-31 10:54:03,225 - INFO - HTTP Request: POST https://api.deepseek.com/v1/chat/completions "HTTP/1.1 200 OK"
2026-08-31 10:54:03,715 - INFO - 第 491 篇论文被 DeepSeek 判定为不相关，已自动过滤。
2026-08-31 10:54:03,716 - INFO - 第 491 篇论文已过滤，未写入结果集
2026-08-31 10:54:06,717 - INFO - 第 492 篇论文已处理过，跳过
2026-08-31 10:54:06,717 - INFO - 第 493 篇论文已处理过，跳过
2026-08-31 10:54:06,717 - INFO - 第 494 篇论文已处理过，跳过
2026-08-31 10:54:06,717 - INFO - 正在处理第 495/597 篇论文
2026-08-31 10:54:06,717 - INFO - 正在评审/翻译第 495 篇论文 (尝试 1/3)
2026-08-31 10:54:06,717 - INFO - 使用模型: DeepSeek Chat
2026-08-31 10:54:07,052 - INFO - HTTP Request: POST https://api.deepseek.com/v1/chat/completions "HTTP/1.1 200 OK"
2026-08-31 10:54:10,092 - INFO - 第 495 篇论文处理成功
2026-08-31 10:54:13,092 - INFO - 第 496 篇论文已处理过，跳过
2026-08-31 10:54:13,092 - INFO - 第 497 篇论文已处理过，跳过
2026-08-31 10:54:13,092 - INFO - 第 498 篇论文已处理过，跳过
2026-08-31 10:54:13,092 - INFO - 第 499 篇论文已处理过，跳过
2026-08-31 10:54:13,092 - INFO - 第 500 篇论文已处理过，跳过
2026-08-31 10:54:13,092 - INFO - 第 501 篇论文已处理过，跳过
2026-08-31 10:54:13,093 - INFO - 第 502 篇论文已处理过，跳过
2026-08-31 10:54:13,093 - INFO - 第 503 篇论文已处理过，跳过
2026-08-31 10:54:13,093 - INFO - 第 504 篇论文已处理过，跳过
2026-08-31 10:54:13,093 - INFO - 第 505 篇论文已处理过，跳过
2026-08-31 10:54:13,093 - INFO - 第 506 篇论文已处理过，跳过
2026-08-31 10:54:13,093 - INFO - 第 507 篇论文已处理过，跳过
2026-08-31 10:54:13,093 - INFO - 第 508 篇论文已处理过，跳过
2026-08-31 10:54:13,093 - INFO - 第 509 篇论文已处理过，跳过
2026-08-31 10:54:13,093 - INFO - 第 510 篇论文已处理过，跳过
2026-08-31 10:54:13,093 - INFO - 第 511 篇论文已处理过，跳过
2026-08-31 10:54:13,093 - INFO - 第 512 篇论文已处理过，跳过
2026-08-31 10:54:13,093 - INFO - 第 513 篇论文已处理过，跳过
2026-08-31 10:54:13,093 - INFO - 正在处理第 514/597 篇论文
2026-08-31 10:54:13,093 - INFO - 正在评审/翻译第 514 篇论文 (尝试 1/3)
2026-08-31 10:54:13,094 - INFO - 使用模型: DeepSeek Chat
2026-08-31 10:54:13,424 - INFO - HTTP Request: POST https://api.deepseek.com/v1/chat/completions "HTTP/1.1 200 OK"
2026-08-31 10:54:14,100 - INFO - 第 514 篇论文被 DeepSeek 判定为不相关，已自动过滤。
2026-08-31 10:54:14,101 - INFO - 第 514 篇论文已过滤，未写入结果集
2026-08-31 10:54:17,101 - INFO - 正在处理第 515/597 篇论文
2026-08-31 10:54:17,102 - INFO - 正在评审/翻译第 515 篇论文 (尝试 1/3)
2026-08-31 10:54:17,102 - INFO - 使用模型: DeepSeek Chat
2026-08-31 10:54:17,457 - INFO - HTTP Request: POST https://api.deepseek.com/v1/chat/completions "HTTP/1.1 200 OK"
2026-08-31 10:54:21,428 - INFO - 第 515 篇论文处理成功
2026-08-31 10:54:24,428 - INFO - 第 516 篇论文已处理过，跳过
2026-08-31 10:54:24,428 - INFO - 第 517 篇论文已处理过，跳过
2026-08-31 10:54:24,428 - INFO - 正在处理第 518/597 篇论文
2026-08-31 10:54:24,428 - INFO - 正在评审/翻译第 518 篇论文 (尝试 1/3)
2026-08-31 10:54:24,429 - INFO - 使用模型: DeepSeek Chat
2026-08-31 10:54:24,763 - INFO - HTTP Request: POST https://api.deepseek.com/v1/chat/completions "HTTP/1.1 200 OK"
2026-08-31 10:54:28,433 - INFO - 第 518 篇论文处理成功
2026-08-31 10:54:31,433 - INFO - 第 519 篇论文已处理过，跳过
2026-08-31 10:54:31,433 - INFO - 第 520 篇论文已处理过，跳过
2026-08-31 10:54:31,433 - INFO - 第 521 篇论文已处理过，跳过
2026-08-31 10:54:31,433 - INFO - 第 522 篇论文已处理过，跳过
2026-08-31 10:54:31,434 - INFO - 第 523 篇论文已处理过，跳过
2026-08-31 10:54:31,434 - INFO - 第 524 篇论文已处理过，跳过
2026-08-31 10:54:31,434 - INFO - 第 525 篇论文已处理过，跳过
2026-08-31 10:54:31,434 - INFO - 第 526 篇论文已处理过，跳过
2026-08-31 10:54:31,434 - INFO - 第 527 篇论文已处理过，跳过
2026-08-31 10:54:31,434 - INFO - 第 528 篇论文已处理过，跳过
2026-08-31 10:54:31,434 - INFO - 第 529 篇论文已处理过，跳过
2026-08-31 10:54:31,434 - INFO - 第 530 篇论文已处理过，跳过
2026-08-31 10:54:31,434 - INFO - 第 531 篇论文已处理过，跳过
2026-08-31 10:54:31,434 - INFO - 第 532 篇论文已处理过，跳过
2026-08-31 10:54:31,434 - INFO - 第 533 篇论文已处理过，跳过
2026-08-31 10:54:31,434 - INFO - 第 534 篇论文已处理过，跳过
2026-08-31 10:54:31,434 - INFO - 第 535 篇论文已处理过，跳过
2026-08-31 10:54:31,434 - INFO - 第 536 篇论文已处理过，跳过
2026-08-31 10:54:31,434 - INFO - 第 537 篇论文已处理过，跳过
2026-08-31 10:54:31,434 - INFO - 第 538 篇论文已处理过，跳过
2026-08-31 10:54:31,434 - INFO - 第 539 篇论文已处理过，跳过
2026-08-31 10:54:31,434 - INFO - 第 540 篇论文已处理过，跳过
2026-08-31 10:54:31,435 - INFO - 第 541 篇论文已处理过，跳过
2026-08-31 10:54:31,435 - INFO - 正在处理第 542/597 篇论文
2026-08-31 10:54:31,435 - INFO - 正在评审/翻译第 542 篇论文 (尝试 1/3)
2026-08-31 10:54:31,435 - INFO - 使用模型: DeepSeek Chat
2026-08-31 10:54:31,788 - INFO - HTTP Request: POST https://api.deepseek.com/v1/chat/completions "HTTP/1.1 200 OK"
2026-08-31 10:54:36,082 - INFO - 第 542 篇论文处理成功
2026-08-31 10:54:39,082 - INFO - 第 543 篇论文已处理过，跳过
2026-08-31 10:54:39,082 - INFO - 第 544 篇论文已处理过，跳过
2026-08-31 10:54:39,082 - INFO - 第 545 篇论文已处理过，跳过
2026-08-31 10:54:39,082 - INFO - 正在处理第 546/597 篇论文
2026-08-31 10:54:39,082 - INFO - 正在评审/翻译第 546 篇论文 (尝试 1/3)
2026-08-31 10:54:39,082 - INFO - 使用模型: DeepSeek Chat
2026-08-31 10:54:39,425 - INFO - HTTP Request: POST https://api.deepseek.com/v1/chat/completions "HTTP/1.1 200 OK"
2026-08-31 10:54:39,735 - INFO - 第 546 篇论文被 DeepSeek 判定为不相关，已自动过滤。
2026-08-31 10:54:39,736 - INFO - 第 546 篇论文已过滤，未写入结果集
2026-08-31 10:54:42,736 - INFO - 第 547 篇论文已处理过，跳过
2026-08-31 10:54:42,736 - INFO - 正在处理第 548/597 篇论文
2026-08-31 10:54:42,737 - INFO - 正在评审/翻译第 548 篇论文 (尝试 1/3)
2026-08-31 10:54:42,737 - INFO - 使用模型: DeepSeek Chat
2026-08-31 10:54:43,071 - INFO - HTTP Request: POST https://api.deepseek.com/v1/chat/completions "HTTP/1.1 200 OK"
2026-08-31 10:54:47,173 - INFO - 第 548 篇论文处理成功
2026-08-31 10:54:50,173 - INFO - 第 549 篇论文已处理过，跳过
2026-08-31 10:54:50,173 - INFO - 正在处理第 550/597 篇论文
2026-08-31 10:54:50,173 - INFO - 正在评审/翻译第 550 篇论文 (尝试 1/3)
2026-08-31 10:54:50,173 - INFO - 使用模型: DeepSeek Chat
2026-08-31 10:54:50,496 - INFO - HTTP Request: POST https://api.deepseek.com/v1/chat/completions "HTTP/1.1 200 OK"
2026-08-31 10:54:51,166 - INFO - 第 550 篇论文被 DeepSeek 判定为不相关，已自动过滤。
2026-08-31 10:54:51,167 - INFO - 第 550 篇论文已过滤，未写入结果集
2026-08-31 10:54:54,167 - INFO - 正在处理第 551/597 篇论文
2026-08-31 10:54:54,168 - INFO - 正在评审/翻译第 551 篇论文 (尝试 1/3)
2026-08-31 10:54:54,168 - INFO - 使用模型: DeepSeek Chat
2026-08-31 10:54:54,496 - INFO - HTTP Request: POST https://api.deepseek.com/v1/chat/completions "HTTP/1.1 200 OK"
2026-08-31 10:54:57,717 - INFO - 第 551 篇论文处理成功
2026-08-31 10:55:00,717 - INFO - 第 552 篇论文已处理过，跳过
2026-08-31 10:55:00,717 - INFO - 第 553 篇论文已处理过，跳过
2026-08-31 10:55:00,717 - INFO - 第 554 篇论文已处理过，跳过
2026-08-31 10:55:00,717 - INFO - 正在处理第 555/597 篇论文
2026-08-31 10:55:00,717 - INFO - 正在评审/翻译第 555 篇论文 (尝试 1/3)
2026-08-31 10:55:00,717 - INFO - 使用模型: DeepSeek Chat
2026-08-31 10:55:01,065 - INFO - HTTP Request: POST https://api.deepseek.com/v1/chat/completions "HTTP/1.1 200 OK"
2026-08-31 10:55:04,990 - INFO - 第 555 篇论文处理成功
2026-08-31 10:55:07,990 - INFO - 第 556 篇论文已处理过，跳过
2026-08-31 10:55:07,990 - INFO - 第 557 篇论文已处理过，跳过
2026-08-31 10:55:07,990 - INFO - 第 558 篇论文已处理过，跳过
2026-08-31 10:55:07,990 - INFO - 第 559 篇论文已处理过，跳过
2026-08-31 10:55:07,990 - INFO - 正在处理第 560/597 篇论文
2026-08-31 10:55:07,990 - INFO - 正在评审/翻译第 560 篇论文 (尝试 1/3)
2026-08-31 10:55:07,991 - INFO - 使用模型: DeepSeek Chat
2026-08-31 10:55:08,340 - INFO - HTTP Request: POST https://api.deepseek.com/v1/chat/completions "HTTP/1.1 200 OK"
2026-08-31 10:55:13,293 - INFO - 第 560 篇论文处理成功
2026-08-31 10:55:16,293 - INFO - 第 561 篇论文已处理过，跳过
2026-08-31 10:55:16,293 - INFO - 第 562 篇论文已处理过，跳过
2026-08-31 10:55:16,293 - INFO - 第 563 篇论文已处理过，跳过
2026-08-31 10:55:16,293 - INFO - 第 564 篇论文已处理过，跳过
2026-08-31 10:55:16,294 - INFO - 第 565 篇论文已处理过，跳过
2026-08-31 10:55:16,294 - INFO - 第 566 篇论文已处理过，跳过
2026-08-31 10:55:16,294 - INFO - 第 567 篇论文已处理过，跳过
2026-08-31 10:55:16,294 - INFO - 第 568 篇论文已处理过，跳过
2026-08-31 10:55:16,294 - INFO - 第 569 篇论文已处理过，跳过
2026-08-31 10:55:16,294 - INFO - 第 570 篇论文已处理过，跳过
2026-08-31 10:55:16,294 - INFO - 第 571 篇论文已处理过，跳过
2026-08-31 10:55:16,294 - INFO - 正在处理第 572/597 篇论文
2026-08-31 10:55:16,294 - INFO - 正在评审/翻译第 572 篇论文 (尝试 1/3)
2026-08-31 10:55:16,294 - INFO - 使用模型: DeepSeek Chat
2026-08-31 10:55:16,623 - INFO - HTTP Request: POST https://api.deepseek.com/v1/chat/completions "HTTP/1.1 200 OK"
2026-08-31 10:55:19,661 - INFO - 第 572 篇论文处理成功
2026-08-31 10:55:22,662 - INFO - 第 573 篇论文已处理过，跳过
2026-08-31 10:55:22,662 - INFO - 正在处理第 574/597 篇论文
2026-08-31 10:55:22,662 - INFO - 正在评审/翻译第 574 篇论文 (尝试 1/3)
2026-08-31 10:55:22,662 - INFO - 使用模型: DeepSeek Chat
2026-08-31 10:55:23,004 - INFO - HTTP Request: POST https://api.deepseek.com/v1/chat/completions "HTTP/1.1 200 OK"
2026-08-31 10:55:23,271 - INFO - 第 574 篇论文被 DeepSeek 判定为不相关，已自动过滤。
2026-08-31 10:55:23,272 - INFO - 第 574 篇论文已过滤，未写入结果集
2026-08-31 10:55:26,272 - INFO - 第 575 篇论文已处理过，跳过
2026-08-31 10:55:26,272 - INFO - 第 576 篇论文已处理过，跳过
2026-08-31 10:55:26,272 - INFO - 第 577 篇论文已处理过，跳过
2026-08-31 10:55:26,272 - INFO - 第 578 篇论文已处理过，跳过
2026-08-31 10:55:26,272 - INFO - 正在处理第 579/597 篇论文
2026-08-31 10:55:26,272 - INFO - 正在评审/翻译第 579 篇论文 (尝试 1/3)
2026-08-31 10:55:26,273 - INFO - 使用模型: DeepSeek Chat
2026-08-31 10:55:26,626 - INFO - HTTP Request: POST https://api.deepseek.com/v1/chat/completions "HTTP/1.1 200 OK"
2026-08-31 10:55:27,151 - INFO - 第 579 篇论文被 DeepSeek 判定为不相关，已自动过滤。
2026-08-31 10:55:27,152 - INFO - 第 579 篇论文已过滤，未写入结果集
2026-08-31 10:55:30,152 - INFO - 正在处理第 580/597 篇论文
2026-08-31 10:55:30,152 - INFO - 正在评审/翻译第 580 篇论文 (尝试 1/3)
2026-08-31 10:55:30,153 - INFO - 使用模型: DeepSeek Chat
2026-08-31 10:55:30,503 - INFO - HTTP Request: POST https://api.deepseek.com/v1/chat/completions "HTTP/1.1 200 OK"
2026-08-31 10:55:33,076 - INFO - 第 580 篇论文处理成功
2026-08-31 10:55:36,076 - INFO - 第 581 篇论文已处理过，跳过
2026-08-31 10:55:36,076 - INFO - 第 582 篇论文已处理过，跳过
2026-08-31 10:55:36,076 - INFO - 第 583 篇论文已处理过，跳过
2026-08-31 10:55:36,076 - INFO - 第 584 篇论文已处理过，跳过
2026-08-31 10:55:36,076 - INFO - 第 585 篇论文已处理过，跳过
2026-08-31 10:55:36,076 - INFO - 第 586 篇论文已处理过，跳过
2026-08-31 10:55:36,076 - INFO - 第 587 篇论文已处理过，跳过
2026-08-31 10:55:36,077 - INFO - 第 588 篇论文已处理过，跳过
2026-08-31 10:55:36,077 - INFO - 正在处理第 589/597 篇论文
2026-08-31 10:55:36,077 - INFO - 正在评审/翻译第 589 篇论文 (尝试 1/3)
2026-08-31 10:55:36,077 - INFO - 使用模型: DeepSeek Chat
2026-08-31 10:55:36,412 - INFO - HTTP Request: POST https://api.deepseek.com/v1/chat/completions "HTTP/1.1 200 OK"
2026-08-31 10:55:36,947 - INFO - 第 589 篇论文被 DeepSeek 判定为不相关，已自动过滤。
2026-08-31 10:55:36,949 - INFO - 第 589 篇论文已过滤，未写入结果集
2026-08-31 10:55:39,949 - INFO - 第 590 篇论文已处理过，跳过
2026-08-31 10:55:39,949 - INFO - 第 591 篇论文已处理过，跳过
2026-08-31 10:55:39,949 - INFO - 第 592 篇论文已处理过，跳过
2026-08-31 10:55:39,949 - INFO - 第 593 篇论文已处理过，跳过
2026-08-31 10:55:39,949 - INFO - 第 594 篇论文已处理过，跳过
2026-08-31 10:55:39,949 - INFO - 第 595 篇论文已处理过，跳过
2026-08-31 10:55:39,950 - INFO - 第 596 篇论文已处理过，跳过
2026-08-31 10:55:39,950 - INFO - 第 597 篇论文已处理过，跳过
2026-08-31 10:55:39,950 - INFO - 论文处理统计：总数 597，成功 63，失败 0
2026-08-31 10:55:50,724 - DEBUG - Building prefix dict from the default dictionary ...
2026-08-31 10:55:51,257 - DEBUG - Dumping model to file cache /tmp/jieba.cache
2026-08-31 10:55:51,293 - DEBUG - Loading model cost 0.569 seconds.
2026-08-31 10:55:51,293 - DEBUG - Prefix dict has been built successfully.
2026-08-31 10:55:55,685 - INFO - 统计图表生成完成
2026-08-31 10:55:55,737 - INFO - 周报已生成：newsletters/2026-08-24_to_2026-08-30_weekly_paper.md
